cve_ent,entidad,fecha,inpc
01,Aguascalientes,2004-01-01,56.63491832
01,Aguascalientes,2004-02-01,57.03322702
01,Aguascalientes,2004-03-01,56.95601477
01,Aguascalientes,2004-04-01,57.17913155
01,Aguascalientes,2004-05-01,57.52099544
01,Aguascalientes,2004-06-01,57.51141047
01,Aguascalientes,2004-07-01,57.67595243
01,Aguascalientes,2004-08-01,58.01195884
01,Aguascalientes,2004-09-01,58.59930443
01,Aguascalientes,2004-10-01,59.18718252
01,Aguascalientes,2004-11-01,59.347997
01,Aguascalientes,2004-12-01,59.50188899
01,Aguascalientes,2005-01-01,59.4688741
01,Aguascalientes,2005-02-01,59.59720618
01,Aguascalientes,2005-03-01,59.91084766
01,Aguascalientes,2005-04-01,60.36560119
01,Aguascalientes,2005-05-01,60.46145087
01,Aguascalientes,2005-06-01,60.12544447
01,Aguascalientes,2005-07-01,60.56475554
01,Aguascalientes,2005-08-01,60.65155276
01,Aguascalientes,2005-09-01,61.00033912
01,Aguascalientes,2005-10-01,60.97424671
01,Aguascalientes,2005-11-01,61.10737127
01,Aguascalientes,2005-12-01,61.47852257
01,Aguascalientes,2006-01-01,62.09142807
01,Aguascalientes,2006-02-01,62.29377742
01,Aguascalientes,2006-03-01,62.25810003
01,Aguascalientes,2006-04-01,62.65640874
01,Aguascalientes,2006-05-01,62.82840568
01,Aguascalientes,2006-06-01,62.81456072
01,Aguascalientes,2006-07-01,62.82521069
01,Aguascalientes,2006-08-01,63.30232914
01,Aguascalientes,2006-09-01,63.8374899
01,Aguascalientes,2006-10-01,63.97966693
01,Aguascalientes,2006-11-01,63.90671467
01,Aguascalientes,2006-12-01,64.25656603
01,Aguascalientes,2007-01-01,64.95680126
01,Aguascalientes,2007-02-01,65.20388045
01,Aguascalientes,2007-03-01,65.0973808
01,Aguascalientes,2007-04-01,65.32688755
01,Aguascalientes,2007-05-01,65.30186013
01,Aguascalientes,2007-06-01,65.42912722
01,Aguascalientes,2007-07-01,65.65384149
01,Aguascalientes,2007-08-01,65.95576801
01,Aguascalientes,2007-09-01,66.63896328
01,Aguascalientes,2007-10-01,66.64375577
01,Aguascalientes,2007-11-01,66.68156315
01,Aguascalientes,2007-12-01,67.03886948
01,Aguascalientes,2008-01-01,67.23056886
01,Aguascalientes,2008-02-01,67.04898695
01,Aguascalientes,2008-03-01,67.43717819
01,Aguascalientes,2008-04-01,67.8019395
01,Aguascalientes,2008-05-01,67.99310638
01,Aguascalientes,2008-06-01,68.39780506
01,Aguascalientes,2008-07-01,68.6640542
01,Aguascalientes,2008-08-01,69.12200271
01,Aguascalientes,2008-09-01,69.6486435
01,Aguascalientes,2008-10-01,69.78709305
01,Aguascalientes,2008-11-01,70.06878463
01,Aguascalientes,2008-12-01,70.76049988
01,Aguascalientes,2009-01-01,70.7844623
01,Aguascalientes,2009-02-01,70.72801749
01,Aguascalientes,2009-03-01,71.28021819
01,Aguascalientes,2009-04-01,71.82709391
01,Aguascalientes,2009-05-01,71.93572356
01,Aguascalientes,2009-06-01,72.09653804
01,Aguascalientes,2009-07-01,72.57791647
01,Aguascalientes,2009-08-01,72.5076267
01,Aguascalientes,2009-09-01,72.55555154
01,Aguascalientes,2009-10-01,72.12476044
01,Aguascalientes,2009-11-01,72.27439246
01,Aguascalientes,2009-12-01,72.54383658
01,Aguascalientes,2010-01-01,73.30477661
01,Aguascalientes,2010-02-01,74.01619429
01,Aguascalientes,2010-03-01,74.35007071
01,Aguascalientes,2010-04-01,74.25368852
01,Aguascalientes,2010-05-01,73.93525456
01,Aguascalientes,2010-06-01,74.18446375
01,Aguascalientes,2010-07-01,74.40704802
01,Aguascalientes,2010-08-01,74.83411163
01,Aguascalientes,2010-09-01,75.06415089
01,Aguascalientes,2010-10-01,75.22283537
01,Aguascalientes,2010-11-01,75.56310176
01,Aguascalientes,2010-12-01,75.83627337
01,Aguascalientes,2011-01-01,76.01296596
01,Aguascalientes,2011-02-01,76.0319888
01,Aguascalientes,2011-03-01,76.41929372
01,Aguascalientes,2011-04-01,76.70311442
01,Aguascalientes,2011-05-01,76.47179674
01,Aguascalientes,2011-06-01,76.2366745
01,Aguascalientes,2011-07-01,76.78681489
01,Aguascalientes,2011-08-01,76.94736762
01,Aguascalientes,2011-09-01,77.01965439
01,Aguascalientes,2011-10-01,77.32934615
01,Aguascalientes,2011-11-01,77.64892978
01,Aguascalientes,2011-12-01,78.26146506
01,Aguascalientes,2012-01-01,78.72029584
01,Aguascalientes,2012-02-01,79.09086067
01,Aguascalientes,2012-03-01,79.21032407
01,Aguascalientes,2012-04-01,79.17836571
01,Aguascalientes,2012-05-01,79.37620319
01,Aguascalientes,2012-06-01,79.83579489
01,Aguascalientes,2012-07-01,80.43006825
01,Aguascalientes,2012-08-01,80.33419317
01,Aguascalientes,2012-09-01,80.42854643
01,Aguascalientes,2012-10-01,80.63094939
01,Aguascalientes,2012-11-01,80.44604744
01,Aguascalientes,2012-12-01,80.68877881
01,Aguascalientes,2013-01-01,80.98553504
01,Aguascalientes,2013-02-01,81.37740544
01,Aguascalientes,2013-03-01,82.07516303
01,Aguascalientes,2013-04-01,82.17484268
01,Aguascalientes,2013-05-01,82.10940413
01,Aguascalientes,2013-06-01,82.35594007
01,Aguascalientes,2013-07-01,82.16799446
01,Aguascalientes,2013-08-01,82.25930407
01,Aguascalientes,2013-09-01,82.52638467
01,Aguascalientes,2013-10-01,82.83151095
01,Aguascalientes,2013-11-01,83.13663722
01,Aguascalientes,2013-12-01,83.49274469
01,Aguascalientes,2014-01-01,84.12278099
01,Aguascalientes,2014-02-01,84.20267689
01,Aguascalientes,2014-03-01,84.30844386
01,Aguascalientes,2014-04-01,84.50475951
01,Aguascalientes,2014-05-01,84.60215643
01,Aguascalientes,2014-06-01,84.64324575
01,Aguascalientes,2014-07-01,84.84869237
01,Aguascalientes,2014-08-01,85.29382671
01,Aguascalientes,2014-09-01,85.51905708
01,Aguascalientes,2014-10-01,85.61341034
01,Aguascalientes,2014-11-01,85.92310209
01,Aguascalientes,2014-12-01,86.3606273
01,Aguascalientes,2015-01-01,86.61172872
01,Aguascalientes,2015-02-01,86.72053934
01,Aguascalientes,2015-03-01,86.89326668
01,Aguascalientes,2015-04-01,86.95033518
01,Aguascalientes,2015-05-01,86.92979052
01,Aguascalientes,2015-06-01,86.90696312
01,Aguascalientes,2015-07-01,87.0363184
01,Aguascalientes,2015-08-01,87.10632243
01,Aguascalientes,2015-09-01,87.23796045
01,Aguascalientes,2015-10-01,87.42590606
01,Aguascalientes,2015-11-01,87.43655885
01,Aguascalientes,2015-12-01,87.84516934
01,Aguascalientes,2016-01-01,88.2005159
01,Aguascalientes,2016-02-01,88.53912236
01,Aguascalientes,2016-03-01,88.46227011
01,Aguascalientes,2016-04-01,88.46455285
01,Aguascalientes,2016-05-01,88.49422847
01,Aguascalientes,2016-06-01,88.61293096
01,Aguascalientes,2016-07-01,88.700436
01,Aguascalientes,2016-08-01,89.21633529
01,Aguascalientes,2016-09-01,89.90496192
01,Aguascalientes,2016-10-01,90.01377253
01,Aguascalientes,2016-11-01,90.34857443
01,Aguascalientes,2016-12-01,91.18557917
01,Aguascalientes,2017-01-01,93.29711386
01,Aguascalientes,2017-02-01,93.74529185
01,Aguascalientes,2017-03-01,94.02378615
01,Aguascalientes,2017-04-01,94.61197221
01,Aguascalientes,2017-05-01,94.83644166
01,Aguascalientes,2017-06-01,95.01601723
01,Aguascalientes,2017-07-01,95.63159617
01,Aguascalientes,2017-08-01,95.84617375
01,Aguascalientes,2017-09-01,96.21065127
01,Aguascalientes,2017-10-01,96.23271775
01,Aguascalientes,2017-11-01,96.76383531
01,Aguascalientes,2017-12-01,97.54301063
01,Aguascalientes,2018-01-01,98.02542973
01,Aguascalientes,2018-02-01,98.63187771
01,Aguascalientes,2018-03-01,98.89134918
01,Aguascalientes,2018-04-01,98.96896234
01,Aguascalientes,2018-05-01,99.09223031
01,Aguascalientes,2018-06-01,99.33420077
01,Aguascalientes,2018-07-01,99.91629953
01,Aguascalientes,2018-08-01,100.592
01,Aguascalientes,2018-09-01,101.035
01,Aguascalientes,2018-10-01,101.079
01,Aguascalientes,2018-11-01,101.578
01,Aguascalientes,2018-12-01,102.116
01,Aguascalientes,2019-01-01,102.634
01,Aguascalientes,2019-02-01,102.657
01,Aguascalientes,2019-03-01,102.931
01,Aguascalientes,2019-04-01,102.781
01,Aguascalientes,2019-05-01,102.989
01,Aguascalientes,2019-06-01,103.079
01,Aguascalientes,2019-07-01,103.796
01,Aguascalientes,2019-08-01,103.945
01,Aguascalientes,2019-09-01,104.22
01,Aguascalientes,2019-10-01,104.73
01,Aguascalientes,2019-11-01,105.094
01,Aguascalientes,2019-12-01,105.857
01,Aguascalientes,2020-01-01,107.019
01,Aguascalientes,2020-02-01,107.335
01,Aguascalientes,2020-03-01,107.466
01,Aguascalientes,2020-04-01,106.098
01,Aguascalientes,2020-05-01,106.622
01,Aguascalientes,2020-06-01,107.533
01,Aguascalientes,2020-07-01,108.613
01,Aguascalientes,2020-08-01,108.895
01,Aguascalientes,2020-09-01,108.975
01,Aguascalientes,2020-10-01,109.161
01,Aguascalientes,2020-11-01,108.77
01,Aguascalientes,2020-12-01,109.253
01,Aguascalientes,2021-01-01,110.386
01,Aguascalientes,2021-02-01,111.106
01,Aguascalientes,2021-03-01,111.932
01,Aguascalientes,2021-04-01,112.39
01,Aguascalientes,2021-05-01,112.817
01,Aguascalientes,2021-06-01,113.52
01,Aguascalientes,2021-07-01,114.491
01,Aguascalientes,2021-08-01,114.84
01,Aguascalientes,2021-09-01,115.389
01,Aguascalientes,2021-10-01,116.008
01,Aguascalientes,2021-11-01,116.933
01,Aguascalientes,2021-12-01,117.335
01,Aguascalientes,2022-01-01,117.973
01,Aguascalientes,2022-02-01,118.622
01,Aguascalientes,2022-03-01,119.85
01,Aguascalientes,2022-04-01,120.885
01,Aguascalientes,2022-05-01,121.447
01,Aguascalientes,2022-06-01,122.149
01,Aguascalientes,2022-07-01,122.903
01,Aguascalientes,2022-08-01,123.605
01,Aguascalientes,2022-09-01,124.577
01,Aguascalientes,2022-10-01,125.387
01,Aguascalientes,2022-11-01,125.517
01,Aguascalientes,2022-12-01,126.618
01,Aguascalientes,2023-01-01,127.787
01,Aguascalientes,2023-02-01,128.096
01,Aguascalientes,2023-03-01,128.447
01,Aguascalientes,2023-04-01,128.752
01,Aguascalientes,2023-05-01,128.97
01,Aguascalientes,2023-06-01,129.093
01,Aguascalientes,2023-07-01,129.852
01,Aguascalientes,2023-08-01,130.721
01,Aguascalientes,2023-09-01,131.299
01,Aguascalientes,2023-10-01,131.53
01,Aguascalientes,2023-11-01,131.855
01,Aguascalientes,2023-12-01,132.882
01,Aguascalientes,2024-01-01,133.462
01,Aguascalientes,2024-02-01,133.562
01,Aguascalientes,2024-03-01,134.148
01,Aguascalientes,2024-04-01,134.815
01,Aguascalientes,2024-05-01,135.048
01,Aguascalientes,2024-06-01,135.531
01,Aguascalientes,2024-07-01,137.25
01,Aguascalientes,2024-08-01,137.062
01,Aguascalientes,2024-09-01,137.216
01,Aguascalientes,2024-10-01,137.193
01,Aguascalientes,2024-11-01,137.179
01,Aguascalientes,2024-12-01,137.851
02,Baja California,2004-01-01,59.478706455
02,Baja California,2004-02-01,59.957721885
02,Baja California,2004-03-01,60.409746049999995
02,Baja California,2004-04-01,60.669298145
02,Baja California,2004-05-01,58.78744228
02,Baja California,2004-06-01,58.86136202
02,Baja California,2004-07-01,59.069431445
02,Baja California,2004-08-01,59.436287055
02,Baja California,2004-09-01,60.001696565
02,Baja California,2004-10-01,60.393945695
02,Baja California,2004-11-01,62.568303485
02,Baja California,2004-12-01,62.61906336
02,Baja California,2005-01-01,62.50594271
02,Baja California,2005-02-01,62.583443585
02,Baja California,2005-03-01,62.88646833
02,Baja California,2005-04-01,63.14576076
02,Baja California,2005-05-01,61.30646753
02,Baja California,2005-06-01,61.16587184
02,Baja California,2005-07-01,61.178129625
02,Baja California,2005-08-01,61.22754286
02,Baja California,2005-09-01,61.57364504
02,Baja California,2005-10-01,61.72993085
02,Baja California,2005-11-01,63.9549888
02,Baja California,2005-12-01,64.16412305
02,Baja California,2006-01-01,64.87147371500001
02,Baja California,2006-02-01,65.15700862
02,Baja California,2006-03-01,65.446577555
02,Baja California,2006-04-01,66.329022495
02,Baja California,2006-05-01,63.73168733
02,Baja California,2006-06-01,63.748672095
02,Baja California,2006-07-01,63.887256885
02,Baja California,2006-08-01,64.15656824
02,Baja California,2006-09-01,64.58607617
02,Baja California,2006-10-01,64.47823504499999
02,Baja California,2006-11-01,66.630836465
02,Baja California,2006-12-01,66.99715128
02,Baja California,2007-01-01,67.247529875
02,Baja California,2007-02-01,67.39476146
02,Baja California,2007-03-01,67.658433485
02,Baja California,2007-04-01,67.762832535
02,Baja California,2007-05-01,65.32363456
02,Baja California,2007-06-01,65.266623935
02,Baja California,2007-07-01,65.371317205
02,Baja California,2007-08-01,65.71887354
02,Baja California,2007-09-01,66.08640733
02,Baja California,2007-10-01,66.27075478
02,Baja California,2007-11-01,68.78314701
02,Baja California,2007-12-01,68.910109605
02,Baja California,2008-01-01,69.18101686
02,Baja California,2008-02-01,69.42785274
02,Baja California,2008-03-01,69.690913675
02,Baja California,2008-04-01,69.95884384
02,Baja California,2008-05-01,67.731983835
02,Baja California,2008-06-01,67.943212355
02,Baja California,2008-07-01,68.255363965
02,Baja California,2008-08-01,68.460603735
02,Baja California,2008-09-01,68.862895105
02,Baja California,2008-10-01,69.64911323499999
02,Baja California,2008-11-01,72.83797490500001
02,Baja California,2008-12-01,72.341321685
02,Baja California,2009-01-01,72.89709489
02,Baja California,2009-02-01,73.754955825
02,Baja California,2009-03-01,74.17143888
02,Baja California,2009-04-01,74.14792356999999
02,Baja California,2009-05-01,71.15459224
02,Baja California,2009-06-01,71.23981782
02,Baja California,2009-07-01,71.37573685
02,Baja California,2009-08-01,71.45015814499999
02,Baja California,2009-09-01,71.598443985
02,Baja California,2009-10-01,71.545869645
02,Baja California,2009-11-01,74.58900287
02,Baja California,2009-12-01,74.76070405499999
02,Baja California,2010-01-01,75.379166475
02,Baja California,2010-02-01,75.72945299
02,Baja California,2010-03-01,75.949135725
02,Baja California,2010-04-01,76.03507371
02,Baja California,2010-05-01,73.31541638499999
02,Baja California,2010-06-01,73.360920885
02,Baja California,2010-07-01,73.47939554
02,Baja California,2010-08-01,73.56800969
02,Baja California,2010-09-01,73.97835304
02,Baja California,2010-10-01,73.96688767
02,Baja California,2010-11-01,76.88308733
02,Baja California,2010-12-01,77.087847365
02,Baja California,2011-01-01,77.46134678
02,Baja California,2011-02-01,77.78184758
02,Baja California,2011-03-01,77.96366572
02,Baja California,2011-04-01,78.313475305
02,Baja California,2011-05-01,74.732381365
02,Baja California,2011-06-01,74.53876391
02,Baja California,2011-07-01,74.86239687
02,Baja California,2011-08-01,74.892049165
02,Baja California,2011-09-01,75.027622475
02,Baja California,2011-10-01,75.248406305
02,Baja California,2011-11-01,79.15432915
02,Baja California,2011-12-01,79.796495545
02,Baja California,2012-01-01,80.22190241499999
02,Baja California,2012-02-01,80.39108636
02,Baja California,2012-03-01,80.54201222
02,Baja California,2012-04-01,80.69146710999999
02,Baja California,2012-05-01,77.42364758
02,Baja California,2012-06-01,77.725259075
02,Baja California,2012-07-01,77.99187155
02,Baja California,2012-08-01,78.16121946999999
02,Baja California,2012-09-01,78.38225222
02,Baja California,2012-10-01,78.51416266999999
02,Baja California,2012-11-01,82.237298995
02,Baja California,2012-12-01,82.35427849999999
02,Baja California,2013-01-01,82.679136415
02,Baja California,2013-02-01,83.015179455
02,Baja California,2013-03-01,83.42258006
02,Baja California,2013-04-01,83.450332
02,Baja California,2013-05-01,80.00053326
02,Baja California,2013-06-01,80.04509223
02,Baja California,2013-07-01,80.10036328000001
02,Baja California,2013-08-01,80.29124352
02,Baja California,2013-09-01,80.42342030500001
02,Baja California,2013-10-01,80.770055125
02,Baja California,2013-11-01,84.765468045
02,Baja California,2013-12-01,85.022748655
02,Baja California,2014-01-01,86.510018235
02,Baja California,2014-02-01,86.801660465
02,Baja California,2014-03-01,87.10472698500001
02,Baja California,2014-04-01,87.290197825
02,Baja California,2014-05-01,83.24185321499999
02,Baja California,2014-06-01,83.64203140000001
02,Baja California,2014-07-01,83.832721025
02,Baja California,2014-08-01,83.856586905
02,Baja California,2014-09-01,83.901695035
02,Baja California,2014-10-01,83.809801095
02,Baja California,2014-11-01,87.73539733999999
02,Baja California,2014-12-01,87.67647504
02,Baja California,2015-01-01,86.870161435
02,Baja California,2015-02-01,87.18968118500001
02,Baja California,2015-03-01,89.64414117
02,Baja California,2015-04-01,89.17414129
02,Baja California,2015-05-01,85.66532804
02,Baja California,2015-06-01,85.94601125
02,Baja California,2015-07-01,86.16052020000001
02,Baja California,2015-08-01,86.26396453000001
02,Baja California,2015-09-01,86.795346765
02,Baja California,2015-10-01,86.315868995
02,Baja California,2015-11-01,90.066612815
02,Baja California,2015-12-01,90.33712532
02,Baja California,2016-01-01,91.17235711500001
02,Baja California,2016-02-01,91.17659142
02,Baja California,2016-03-01,90.90148936
02,Baja California,2016-04-01,91.829377825
02,Baja California,2016-05-01,87.75041109
02,Baja California,2016-06-01,88.34896949
02,Baja California,2016-07-01,88.74596564000001
02,Baja California,2016-08-01,87.94664782999999
02,Baja California,2016-09-01,88.298712885
02,Baja California,2016-10-01,89.169899555
02,Baja California,2016-11-01,93.66430876999999
02,Baja California,2016-12-01,94.36442908500001
02,Baja California,2017-01-01,96.83859280499999
02,Baja California,2017-02-01,97.35559773
02,Baja California,2017-03-01,97.71883087
02,Baja California,2017-04-01,98.17692220500001
02,Baja California,2017-05-01,94.22835566
02,Baja California,2017-06-01,94.647843285
02,Baja California,2017-07-01,94.824045845
02,Baja California,2017-08-01,94.97425515
02,Baja California,2017-09-01,95.18171487000001
02,Baja California,2017-10-01,95.73509034
02,Baja California,2017-11-01,100.40682417
02,Baja California,2017-12-01,100.929341805
02,Baja California,2018-01-01,100.998345465
02,Baja California,2018-02-01,101.75870963
02,Baja California,2018-03-01,102.19307964500001
02,Baja California,2018-04-01,102.23004313999999
02,Baja California,2018-05-01,98.74261419999999
02,Baja California,2018-06-01,99.32797895
02,Baja California,2018-07-01,99.952342895
02,Baja California,2018-08-01,100.3795
02,Baja California,2018-09-01,101.1015
02,Baja California,2018-10-01,101.524
02,Baja California,2018-11-01,104.9005
02,Baja California,2018-12-01,105.422
02,Baja California,2019-01-01,103.822
02,Baja California,2019-02-01,103.84299999999999
02,Baja California,2019-03-01,104.506
02,Baja California,2019-04-01,104.78450000000001
02,Baja California,2019-05-01,102.051
02,Baja California,2019-06-01,102.12950000000001
02,Baja California,2019-07-01,102.293
02,Baja California,2019-08-01,102.471
02,Baja California,2019-09-01,102.601
02,Baja California,2019-10-01,102.656
02,Baja California,2019-11-01,105.366
02,Baja California,2019-12-01,105.9075
02,Baja California,2020-01-01,106.34200000000001
02,Baja California,2020-02-01,106.7595
02,Baja California,2020-03-01,106.8745
02,Baja California,2020-04-01,105.5965
02,Baja California,2020-05-01,104.04650000000001
02,Baja California,2020-06-01,105.245
02,Baja California,2020-07-01,106.3775
02,Baja California,2020-08-01,106.871
02,Baja California,2020-09-01,106.98349999999999
02,Baja California,2020-10-01,107.112
02,Baja California,2020-11-01,109.1365
02,Baja California,2020-12-01,109.4665
02,Baja California,2021-01-01,110.792
02,Baja California,2021-02-01,112.0295
02,Baja California,2021-03-01,112.894
02,Baja California,2021-04-01,113.49
02,Baja California,2021-05-01,111.606
02,Baja California,2021-06-01,112.428
02,Baja California,2021-07-01,113.1165
02,Baja California,2021-08-01,113.0945
02,Baja California,2021-09-01,114.1495
02,Baja California,2021-10-01,115.0415
02,Baja California,2021-11-01,118.501
02,Baja California,2021-12-01,119.20400000000001
02,Baja California,2022-01-01,120.04599999999999
02,Baja California,2022-02-01,121.21799999999999
02,Baja California,2022-03-01,122.5445
02,Baja California,2022-04-01,123.382
02,Baja California,2022-05-01,121.312
02,Baja California,2022-06-01,122.426
02,Baja California,2022-07-01,123.417
02,Baja California,2022-08-01,124.3965
02,Baja California,2022-09-01,125.27250000000001
02,Baja California,2022-10-01,125.929
02,Baja California,2022-11-01,129.6465
02,Baja California,2022-12-01,129.6075
02,Baja California,2023-01-01,130.1295
02,Baja California,2023-02-01,130.73649999999998
02,Baja California,2023-03-01,131.2835
02,Baja California,2023-04-01,131.442
02,Baja California,2023-05-01,128.5865
02,Baja California,2023-06-01,128.7215
02,Baja California,2023-07-01,129.08749999999998
02,Baja California,2023-08-01,129.5575
02,Baja California,2023-09-01,130.0855
02,Baja California,2023-10-01,130.59449999999998
02,Baja California,2023-11-01,134.31150000000002
02,Baja California,2023-12-01,134.7405
02,Baja California,2024-01-01,135.95299999999997
02,Baja California,2024-02-01,137.0705
02,Baja California,2024-03-01,137.47899999999998
02,Baja California,2024-04-01,137.588
02,Baja California,2024-05-01,134.6855
02,Baja California,2024-06-01,134.74349999999998
02,Baja California,2024-07-01,136.09300000000002
02,Baja California,2024-08-01,136.582
02,Baja California,2024-09-01,137.46699999999998
02,Baja California,2024-10-01,137.6355
02,Baja California,2024-11-01,140.44400000000002
02,Baja California,2024-12-01,141.207
03,Baja California Sur,2004-01-01,59.4787887
03,Baja California Sur,2004-02-01,59.71198062
03,Baja California Sur,2004-03-01,59.68338161
03,Baja California Sur,2004-04-01,59.90447395
03,Baja California Sur,2004-05-01,59.20874806
03,Baja California Sur,2004-06-01,59.20929804
03,Baja California Sur,2004-07-01,59.49748805
03,Baja California Sur,2004-08-01,59.83572633
03,Baja California Sur,2004-09-01,60.22951269
03,Baja California Sur,2004-10-01,60.62329904
03,Baja California Sur,2004-11-01,61.61601464
03,Baja California Sur,2004-12-01,61.68421227
03,Baja California Sur,2005-01-01,61.59731528
03,Baja California Sur,2005-02-01,61.70016172
03,Baja California Sur,2005-03-01,61.88385535
03,Baja California Sur,2005-04-01,62.41073709
03,Baja California Sur,2005-05-01,61.47521951
03,Baja California Sur,2005-06-01,61.5131682
03,Baja California Sur,2005-07-01,61.6660629
03,Baja California Sur,2005-08-01,62.02025063
03,Baja California Sur,2005-09-01,62.04884963
03,Baja California Sur,2005-10-01,62.24519283
03,Baja California Sur,2005-11-01,63.58274648
03,Baja California Sur,2005-12-01,63.93748418
03,Baja California Sur,2006-01-01,64.08212917
03,Baja California Sur,2006-02-01,64.03098094
03,Baja California Sur,2006-03-01,64.18552559
03,Baja California Sur,2006-04-01,64.25977301
03,Baja California Sur,2006-05-01,63.17301068
03,Baja California Sur,2006-06-01,63.11251277
03,Baja California Sur,2006-07-01,63.15871117
03,Baja California Sur,2006-08-01,63.54974762
03,Baja California Sur,2006-09-01,64.07717934
03,Baja California Sur,2006-10-01,64.50231461
03,Baja California Sur,2006-11-01,65.61877592
03,Baja California Sur,2006-12-01,65.90696593
03,Baja California Sur,2007-01-01,66.13410806
03,Baja California Sur,2007-02-01,66.60764165
03,Baja California Sur,2007-03-01,66.73523722
03,Baja California Sur,2007-04-01,66.91013116
03,Baja California Sur,2007-05-01,65.34653535
03,Baja California Sur,2007-06-01,65.32563607
03,Baja California Sur,2007-07-01,65.75242128
03,Baja California Sur,2007-08-01,66.0923095
03,Baja California Sur,2007-09-01,66.51304492
03,Baja California Sur,2007-10-01,66.89308175
03,Baja California Sur,2007-11-01,68.34118157
03,Baja California Sur,2007-12-01,68.81251523
03,Baja California Sur,2008-01-01,69.09850532
03,Baja California Sur,2008-02-01,69.10730502
03,Baja California Sur,2008-03-01,69.57313887
03,Baja California Sur,2008-04-01,69.8926778
03,Baja California Sur,2008-05-01,69.12545439
03,Baja California Sur,2008-06-01,69.38559537
03,Baja California Sur,2008-07-01,69.629786910000007
03,Baja California Sur,2008-08-01,69.9619754
03,Baja California Sur,2008-09-01,70.1379693
03,Baja California Sur,2008-10-01,70.56970434
03,Baja California Sur,2008-11-01,72.40829062
03,Baja California Sur,2008-12-01,73.03306897
03,Baja California Sur,2009-01-01,73.48185341
03,Baja California Sur,2009-02-01,73.60944899
03,Baja California Sur,2009-03-01,74.20507835
03,Baja California Sur,2009-04-01,74.98110145
03,Baja California Sur,2009-05-01,73.94438738
03,Baja California Sur,2009-06-01,74.31397457
03,Baja California Sur,2009-07-01,74.52791716
03,Baja California Sur,2009-08-01,74.67916192
03,Baja California Sur,2009-09-01,74.58786508
03,Baja California Sur,2009-10-01,74.9970509
03,Baja California Sur,2009-11-01,76.38960264
03,Baja California Sur,2009-12-01,76.43800096
03,Baja California Sur,2010-01-01,76.96048286
03,Baja California Sur,2010-02-01,77.17937527
03,Baja California Sur,2010-03-01,77.70515705
03,Baja California Sur,2010-04-01,77.73320608
03,Baja California Sur,2010-05-01,75.95181781
03,Baja California Sur,2010-06-01,76.10636246
03,Baja California Sur,2010-07-01,76.10966234
03,Baja California Sur,2010-08-01,76.00571595
03,Baja California Sur,2010-09-01,76.24000783
03,Baja California Sur,2010-10-01,76.73609063
03,Baja California Sur,2010-11-01,79.030061130000007
03,Baja California Sur,2010-12-01,79.02621127
03,Baja California Sur,2011-01-01,79.50051947
03,Baja California Sur,2011-02-01,79.52907027
03,Baja California Sur,2011-03-01,79.51479487
03,Baja California Sur,2011-04-01,80.0620187
03,Baja California Sur,2011-05-01,77.16331856
03,Baja California Sur,2011-06-01,77.17362857
03,Baja California Sur,2011-07-01,77.62806227
03,Baja California Sur,2011-08-01,77.70974931
03,Baja California Sur,2011-09-01,77.80253944
03,Baja California Sur,2011-10-01,78.15704531
03,Baja California Sur,2011-11-01,80.94709377
03,Baja California Sur,2011-12-01,81.55697076
03,Baja California Sur,2012-01-01,81.7647572
03,Baja California Sur,2012-02-01,82.05740299
03,Baja California Sur,2012-03-01,82.32942875
03,Baja California Sur,2012-04-01,82.604626819999993
03,Baja California Sur,2012-05-01,80.21191045
03,Baja California Sur,2012-06-01,80.57038171
03,Baja California Sur,2012-07-01,81.00736769
03,Baja California Sur,2012-08-01,81.03433235
03,Baja California Sur,2012-09-01,81.04384928
03,Baja California Sur,2012-10-01,81.25480804
03,Baja California Sur,2012-11-01,83.72048758
03,Baja California Sur,2012-12-01,83.69669524
03,Baja California Sur,2013-01-01,84.45329167
03,Baja California Sur,2013-02-01,84.86093377
03,Baja California Sur,2013-03-01,85.51760237
03,Baja California Sur,2013-04-01,85.54060163
03,Baja California Sur,2013-05-01,84.23995368
03,Baja California Sur,2013-06-01,84.4485332
03,Baja California Sur,2013-07-01,84.36367385
03,Baja California Sur,2013-08-01,83.9473079
03,Baja California Sur,2013-09-01,83.69986756
03,Baja California Sur,2013-10-01,84.02899493
03,Baja California Sur,2013-11-01,86.95862512
03,Baja California Sur,2013-12-01,87.44002348
03,Baja California Sur,2014-01-01,88.74463681
03,Baja California Sur,2014-02-01,88.69467289
03,Baja California Sur,2014-03-01,89.06424725
03,Baja California Sur,2014-04-01,89.32834223
03,Baja California Sur,2014-05-01,86.52084606
03,Baja California Sur,2014-06-01,86.64298007
03,Baja California Sur,2014-07-01,86.87693808
03,Baja California Sur,2014-08-01,87.11565457
03,Baja California Sur,2014-09-01,87.31471715
03,Baja California Sur,2014-10-01,87.92300799
03,Baja California Sur,2014-11-01,91.25710796
03,Baja California Sur,2014-12-01,91.50613446
03,Baja California Sur,2015-01-01,91.19683403
03,Baja California Sur,2015-02-01,91.23569486
03,Baja California Sur,2015-03-01,91.40144816
03,Baja California Sur,2015-04-01,91.40462047
03,Baja California Sur,2015-05-01,88.40202711
03,Baja California Sur,2015-06-01,88.63757128
03,Baja California Sur,2015-07-01,89.22206978
03,Baja California Sur,2015-08-01,89.06345417
03,Baja California Sur,2015-09-01,89.38465077
03,Baja California Sur,2015-10-01,89.62019494
03,Baja California Sur,2015-11-01,92.45148345
03,Baja California Sur,2015-12-01,92.91543409
03,Baja California Sur,2016-01-01,93.13115131
03,Baja California Sur,2016-02-01,93.68313361
03,Baja California Sur,2016-03-01,93.6728236
03,Baja California Sur,2016-04-01,93.60699812
03,Baja California Sur,2016-05-01,90.48544305
03,Baja California Sur,2016-06-01,90.59647398
03,Baja California Sur,2016-07-01,90.88832668
03,Baja California Sur,2016-08-01,91.27693491
03,Baja California Sur,2016-09-01,91.55609837
03,Baja California Sur,2016-10-01,91.79164254
03,Baja California Sur,2016-11-01,94.6681365
03,Baja California Sur,2016-12-01,95.05595165
03,Baja California Sur,2017-01-01,96.95775273
03,Baja California Sur,2017-02-01,97.73972766
03,Baja California Sur,2017-03-01,98.27981379
03,Baja California Sur,2017-04-01,98.71442054
03,Baja California Sur,2017-05-01,95.84665044
03,Baja California Sur,2017-06-01,95.90851052
03,Baja California Sur,2017-07-01,96.39863273
03,Baja California Sur,2017-08-01,96.79834405
03,Baja California Sur,2017-09-01,97.23215773
03,Baja California Sur,2017-10-01,97.40822105
03,Baja California Sur,2017-11-01,100.6638063
03,Baja California Sur,2017-12-01,100.8961782
03,Baja California Sur,2018-01-01,101.2538563
03,Baja California Sur,2018-02-01,101.5258821
03,Baja California Sur,2018-03-01,101.7479439
03,Baja California Sur,2018-04-01,101.4346781
03,Baja California Sur,2018-05-01,98.64304352
03,Baja California Sur,2018-06-01,99.10223569
03,Baja California Sur,2018-07-01,99.80410973
03,Baja California Sur,2018-08-01,100.461
03,Baja California Sur,2018-09-01,101.037
03,Baja California Sur,2018-10-01,101.44
03,Baja California Sur,2018-11-01,104.408
03,Baja California Sur,2018-12-01,104.899
03,Baja California Sur,2019-01-01,104.974
03,Baja California Sur,2019-02-01,105.31
03,Baja California Sur,2019-03-01,106.251
03,Baja California Sur,2019-04-01,106.562
03,Baja California Sur,2019-05-01,103.864
03,Baja California Sur,2019-06-01,104.139
03,Baja California Sur,2019-07-01,104.524
03,Baja California Sur,2019-08-01,104.472
03,Baja California Sur,2019-09-01,104.511
03,Baja California Sur,2019-10-01,104.974
03,Baja California Sur,2019-11-01,107.845
03,Baja California Sur,2019-12-01,108.636
03,Baja California Sur,2020-01-01,108.922
03,Baja California Sur,2020-02-01,109.003
03,Baja California Sur,2020-03-01,108.843
03,Baja California Sur,2020-04-01,106.857
03,Baja California Sur,2020-05-01,104.972
03,Baja California Sur,2020-06-01,106.176
03,Baja California Sur,2020-07-01,107.067
03,Baja California Sur,2020-08-01,107.59
03,Baja California Sur,2020-09-01,107.973
03,Baja California Sur,2020-10-01,108.449
03,Baja California Sur,2020-11-01,110.974
03,Baja California Sur,2020-12-01,111.553
03,Baja California Sur,2021-01-01,112.274
03,Baja California Sur,2021-02-01,113.062
03,Baja California Sur,2021-03-01,113.645
03,Baja California Sur,2021-04-01,114.19
03,Baja California Sur,2021-05-01,111.746
03,Baja California Sur,2021-06-01,112.189
03,Baja California Sur,2021-07-01,112.654
03,Baja California Sur,2021-08-01,112.835
03,Baja California Sur,2021-09-01,113.56
03,Baja California Sur,2021-10-01,114.298
03,Baja California Sur,2021-11-01,118.103
03,Baja California Sur,2021-12-01,118.809
03,Baja California Sur,2022-01-01,119.39
03,Baja California Sur,2022-02-01,120.241
03,Baja California Sur,2022-03-01,121.125
03,Baja California Sur,2022-04-01,121.884
03,Baja California Sur,2022-05-01,119.238
03,Baja California Sur,2022-06-01,119.809
03,Baja California Sur,2022-07-01,120.929
03,Baja California Sur,2022-08-01,122.06
03,Baja California Sur,2022-09-01,122.9
03,Baja California Sur,2022-10-01,123.161
03,Baja California Sur,2022-11-01,126.932
03,Baja California Sur,2022-12-01,127.043
03,Baja California Sur,2023-01-01,127.588
03,Baja California Sur,2023-02-01,128.522
03,Baja California Sur,2023-03-01,129.089
03,Baja California Sur,2023-04-01,129.427
03,Baja California Sur,2023-05-01,126.304
03,Baja California Sur,2023-06-01,126.447
03,Baja California Sur,2023-07-01,126.883
03,Baja California Sur,2023-08-01,127.258
03,Baja California Sur,2023-09-01,127.692
03,Baja California Sur,2023-10-01,127.943
03,Baja California Sur,2023-11-01,131.626
03,Baja California Sur,2023-12-01,132.277
03,Baja California Sur,2024-01-01,132.676
03,Baja California Sur,2024-02-01,133.519
03,Baja California Sur,2024-03-01,134.373
03,Baja California Sur,2024-04-01,134.261
03,Baja California Sur,2024-05-01,130.785
03,Baja California Sur,2024-06-01,130.795
03,Baja California Sur,2024-07-01,131.68
03,Baja California Sur,2024-08-01,131.697
03,Baja California Sur,2024-09-01,132.009
03,Baja California Sur,2024-10-01,132.541
03,Baja California Sur,2024-11-01,134.798
03,Baja California Sur,2024-12-01,135.698
04,Campeche,2004-01-01,54.00562917
04,Campeche,2004-02-01,54.27617335
04,Campeche,2004-03-01,54.61585661
04,Campeche,2004-04-01,54.1694587
04,Campeche,2004-05-01,54.00713219
04,Campeche,2004-06-01,53.91444576
04,Campeche,2004-07-01,54.16444863
04,Campeche,2004-08-01,54.38789808
04,Campeche,2004-09-01,54.86886552
04,Campeche,2004-10-01,55.97408861
04,Campeche,2004-11-01,55.89342636
04,Campeche,2004-12-01,56.17048365
04,Campeche,2005-01-01,56.45355303
04,Campeche,2005-02-01,56.7491476
04,Campeche,2005-03-01,56.96758697
04,Campeche,2005-04-01,56.43451473
04,Campeche,2005-05-01,56.57279287
04,Campeche,2005-06-01,56.37289078
04,Campeche,2005-07-01,56.45205
04,Campeche,2005-08-01,56.46407419
04,Campeche,2005-09-01,56.9565648
04,Campeche,2005-10-01,57.89244728
04,Campeche,2005-11-01,57.8939503
04,Campeche,2005-12-01,58.33483712
04,Campeche,2006-01-01,58.60337727
04,Campeche,2006-02-01,58.80778843
04,Campeche,2006-03-01,58.9029799
04,Campeche,2006-04-01,58.1138927
04,Campeche,2006-05-01,58.25217084
04,Campeche,2006-06-01,58.31479681
04,Campeche,2006-07-01,58.57532084
04,Campeche,2006-08-01,58.62091254
04,Campeche,2006-09-01,59.20258254
04,Campeche,2006-10-01,60.51822888
04,Campeche,2006-11-01,60.36692454
04,Campeche,2006-12-01,60.60289919
04,Campeche,2007-01-01,61.78427546
04,Campeche,2007-02-01,61.89399616
04,Campeche,2007-03-01,61.8769619
04,Campeche,2007-04-01,61.21913872
04,Campeche,2007-05-01,60.92855423
04,Campeche,2007-06-01,60.978655
04,Campeche,2007-07-01,61.32234632
04,Campeche,2007-08-01,61.47715771
04,Campeche,2007-09-01,62.14500104
04,Campeche,2007-10-01,63.06635429
04,Campeche,2007-11-01,62.82637158
04,Campeche,2007-12-01,63.14851956
04,Campeche,2008-01-01,63.60543863
04,Campeche,2008-02-01,63.7527349
04,Campeche,2008-03-01,64.24021544
04,Campeche,2008-04-01,63.90904932
04,Campeche,2008-05-01,64.12398164
04,Campeche,2008-06-01,64.34192001
04,Campeche,2008-07-01,64.58941784
04,Campeche,2008-08-01,64.73220505
04,Campeche,2008-09-01,64.88851947
04,Campeche,2008-10-01,66.06238062
04,Campeche,2008-11-01,66.49024124
04,Campeche,2008-12-01,67.12702208
04,Campeche,2009-01-01,67.36900883
04,Campeche,2009-02-01,67.41961061
04,Campeche,2009-03-01,68.22272603
04,Campeche,2009-04-01,67.92011735
04,Campeche,2009-05-01,68.12553053
04,Campeche,2009-06-01,68.05338541
04,Campeche,2009-07-01,68.16561115
04,Campeche,2009-08-01,68.49327021
04,Campeche,2009-09-01,69.03435858
04,Campeche,2009-10-01,69.92515036
04,Campeche,2009-11-01,70.06092346
04,Campeche,2009-12-01,70.11453128
04,Campeche,2010-01-01,71.82697577
04,Campeche,2010-02-01,72.165657
04,Campeche,2010-03-01,72.74131491
04,Campeche,2010-04-01,71.94621561
04,Campeche,2010-05-01,71.93870049
04,Campeche,2010-06-01,71.39711112
04,Campeche,2010-07-01,71.45472701
04,Campeche,2010-08-01,71.47126027
04,Campeche,2010-09-01,72.00483352
04,Campeche,2010-10-01,73.56447064
04,Campeche,2010-11-01,73.64362986
04,Campeche,2010-12-01,73.76587575
04,Campeche,2011-01-01,74.31623204
04,Campeche,2011-02-01,74.54495659
04,Campeche,2011-03-01,74.53311324
04,Campeche,2011-04-01,74.08306624
04,Campeche,2011-05-01,74.31105058
04,Campeche,2011-06-01,74.52349053
04,Campeche,2011-07-01,74.78182343
04,Campeche,2011-08-01,74.96391482
04,Campeche,2011-09-01,75.10455451
04,Campeche,2011-10-01,76.19340178
04,Campeche,2011-11-01,76.428048
04,Campeche,2011-12-01,76.87513416
04,Campeche,2012-01-01,77.45249709
04,Campeche,2012-02-01,77.41400623
04,Campeche,2012-03-01,77.55020467
04,Campeche,2012-04-01,76.78334826
04,Campeche,2012-05-01,76.90548273
04,Campeche,2012-06-01,77.35701015
04,Campeche,2012-07-01,77.67159893
04,Campeche,2012-08-01,78.06168901
04,Campeche,2012-09-01,78.5109958
04,Campeche,2012-10-01,79.22455717
04,Campeche,2012-11-01,79.22825821
04,Campeche,2012-12-01,79.29265639
04,Campeche,2013-01-01,79.91369164
04,Campeche,2013-02-01,80.37262115
04,Campeche,2013-03-01,80.75234831
04,Campeche,2013-04-01,79.98919295
04,Campeche,2013-05-01,80.10836658
04,Campeche,2013-06-01,80.33264987
04,Campeche,2013-07-01,80.34967468
04,Campeche,2013-08-01,80.44368121
04,Campeche,2013-09-01,80.86263944
04,Campeche,2013-10-01,81.55399454
04,Campeche,2013-11-01,81.96999193
04,Campeche,2013-12-01,82.29494363
04,Campeche,2014-01-01,83.71318386
04,Campeche,2014-02-01,83.86862773
04,Campeche,2014-03-01,84.37196977
04,Campeche,2014-04-01,83.82791624
04,Campeche,2014-05-01,84.08106768
04,Campeche,2014-06-01,84.58218909
04,Campeche,2014-07-01,84.82275698
04,Campeche,2014-08-01,85.17509641
04,Campeche,2014-09-01,85.53039668
04,Campeche,2014-10-01,86.53856118
04,Campeche,2014-11-01,86.73101549
04,Campeche,2014-12-01,86.98342672
04,Campeche,2015-01-01,87.09149722
04,Campeche,2015-02-01,87.21659252
04,Campeche,2015-03-01,87.3231826
04,Campeche,2015-04-01,86.50821262
04,Campeche,2015-05-01,86.67475962
04,Campeche,2015-06-01,86.73693716
04,Campeche,2015-07-01,86.75618259
04,Campeche,2015-08-01,87.14405205
04,Campeche,2015-09-01,87.56227007
04,Campeche,2015-10-01,88.76436931
04,Campeche,2015-11-01,88.57117479
04,Campeche,2015-12-01,88.94572048
04,Campeche,2016-01-01,89.39872832
04,Campeche,2016-02-01,89.46978837
04,Campeche,2016-03-01,89.56527532
04,Campeche,2016-04-01,88.81026226
04,Campeche,2016-05-01,89.07673746
04,Campeche,2016-06-01,89.2469855
04,Campeche,2016-07-01,89.64299725
04,Campeche,2016-08-01,89.9213158
04,Campeche,2016-09-01,90.42761867
04,Campeche,2016-10-01,91.74296987
04,Campeche,2016-11-01,91.91913958
04,Campeche,2016-12-01,92.34846074
04,Campeche,2017-01-01,93.79630932
04,Campeche,2017-02-01,94.38107434
04,Campeche,2017-03-01,94.79337069
04,Campeche,2017-04-01,94.15901167
04,Campeche,2017-05-01,94.57352865
04,Campeche,2017-06-01,95.1272049
04,Campeche,2017-07-01,95.56244772
04,Campeche,2017-08-01,95.95327802
04,Campeche,2017-09-01,96.16127671
04,Campeche,2017-10-01,97.48254958
04,Campeche,2017-11-01,97.83044775
04,Campeche,2017-12-01,98.48257178
04,Campeche,2018-01-01,99.17910834
04,Campeche,2018-02-01,99.52626631
04,Campeche,2018-03-01,99.88822846
04,Campeche,2018-04-01,98.87266187
04,Campeche,2018-05-01,99.15468145
04,Campeche,2018-06-01,99.40931331
04,Campeche,2018-07-01,99.883047
04,Campeche,2018-08-01,100.462
04,Campeche,2018-09-01,100.815
04,Campeche,2018-10-01,102.353
04,Campeche,2018-11-01,102.711
04,Campeche,2018-12-01,103.161
04,Campeche,2019-01-01,103.675
04,Campeche,2019-02-01,103.918
04,Campeche,2019-03-01,104.504
04,Campeche,2019-04-01,103.794
04,Campeche,2019-05-01,104.01
04,Campeche,2019-06-01,103.929
04,Campeche,2019-07-01,104.288
04,Campeche,2019-08-01,104.315
04,Campeche,2019-09-01,104.455
04,Campeche,2019-10-01,106.137
04,Campeche,2019-11-01,106.687
04,Campeche,2019-12-01,107.064
04,Campeche,2020-01-01,107.495
04,Campeche,2020-02-01,107.678
04,Campeche,2020-03-01,107.995
04,Campeche,2020-04-01,105.766
04,Campeche,2020-05-01,106.423
04,Campeche,2020-06-01,107.259
04,Campeche,2020-07-01,108.287
04,Campeche,2020-08-01,108.471
04,Campeche,2020-09-01,108.418
04,Campeche,2020-10-01,110.311
04,Campeche,2020-11-01,109.889
04,Campeche,2020-12-01,110.111
04,Campeche,2021-01-01,110.602
04,Campeche,2021-02-01,111.411
04,Campeche,2021-03-01,112.498
04,Campeche,2021-04-01,111.695
04,Campeche,2021-05-01,112.563
04,Campeche,2021-06-01,113.407
04,Campeche,2021-07-01,113.953
04,Campeche,2021-08-01,114.036
04,Campeche,2021-09-01,114.891
04,Campeche,2021-10-01,116.903
04,Campeche,2021-11-01,117.714
04,Campeche,2021-12-01,118.879
04,Campeche,2022-01-01,120.044
04,Campeche,2022-02-01,121.763
04,Campeche,2022-03-01,123.402
04,Campeche,2022-04-01,122.71
04,Campeche,2022-05-01,123.392
04,Campeche,2022-06-01,124.234
04,Campeche,2022-07-01,124.984
04,Campeche,2022-08-01,125.859
04,Campeche,2022-09-01,126.794
04,Campeche,2022-10-01,129.264
04,Campeche,2022-11-01,129.448
04,Campeche,2022-12-01,130.865
04,Campeche,2023-01-01,132.204
04,Campeche,2023-02-01,132.822
04,Campeche,2023-03-01,132.972
04,Campeche,2023-04-01,131.422
04,Campeche,2023-05-01,131.787
04,Campeche,2023-06-01,132.509
04,Campeche,2023-07-01,132.855
04,Campeche,2023-08-01,133.561
04,Campeche,2023-09-01,134.053
04,Campeche,2023-10-01,136.184
04,Campeche,2023-11-01,136.407
04,Campeche,2023-12-01,137.115
04,Campeche,2024-01-01,137.716
04,Campeche,2024-02-01,138.079
04,Campeche,2024-03-01,138.982
04,Campeche,2024-04-01,137.723
04,Campeche,2024-05-01,138.018
04,Campeche,2024-06-01,138.831
04,Campeche,2024-07-01,139.727
04,Campeche,2024-08-01,139.882
04,Campeche,2024-09-01,140.514
04,Campeche,2024-10-01,142.455
04,Campeche,2024-11-01,142.441
04,Campeche,2024-12-01,142.687
05,Coahuila de Zaragoza,2004-01-01,58.64609689666666
05,Coahuila de Zaragoza,2004-02-01,59.006067253333335
05,Coahuila de Zaragoza,2004-03-01,59.18699766333334
05,Coahuila de Zaragoza,2004-04-01,59.25678029666667
05,Coahuila de Zaragoza,2004-05-01,58.291884243333335
05,Coahuila de Zaragoza,2004-06-01,58.363722556666666
05,Coahuila de Zaragoza,2004-07-01,58.35089588666667
05,Coahuila de Zaragoza,2004-08-01,58.638570503333334
05,Coahuila de Zaragoza,2004-09-01,59.121774773333335
05,Coahuila de Zaragoza,2004-10-01,59.56788706333333
05,Coahuila de Zaragoza,2004-11-01,60.88759178666667
05,Coahuila de Zaragoza,2004-12-01,60.95531665
05,Coahuila de Zaragoza,2005-01-01,60.94125685
05,Coahuila de Zaragoza,2005-02-01,61.099795533333335
05,Coahuila de Zaragoza,2005-03-01,61.257791876666666
05,Coahuila de Zaragoza,2005-04-01,61.776189673333334
05,Coahuila de Zaragoza,2005-05-01,60.520065863333336
05,Coahuila de Zaragoza,2005-06-01,60.355595693333335
05,Coahuila de Zaragoza,2005-07-01,60.63212768
05,Coahuila de Zaragoza,2005-08-01,60.59266345666667
05,Coahuila de Zaragoza,2005-09-01,60.807141619999996
05,Coahuila de Zaragoza,2005-10-01,60.899472163333336
05,Coahuila de Zaragoza,2005-11-01,62.38493232
05,Coahuila de Zaragoza,2005-12-01,62.802740613333334
05,Coahuila de Zaragoza,2006-01-01,63.08003278333333
05,Coahuila de Zaragoza,2006-02-01,63.271468326666664
05,Coahuila de Zaragoza,2006-03-01,63.130906763333336
05,Coahuila de Zaragoza,2006-04-01,63.402177503333334
05,Coahuila de Zaragoza,2006-05-01,61.93976417333333
05,Coahuila de Zaragoza,2006-06-01,62.152819683333334
05,Coahuila de Zaragoza,2006-07-01,62.16992252
05,Coahuila de Zaragoza,2006-08-01,62.60152651
05,Coahuila de Zaragoza,2006-09-01,63.081688803333336
05,Coahuila de Zaragoza,2006-10-01,63.08861543
05,Coahuila de Zaragoza,2006-11-01,64.40825804666667
05,Coahuila de Zaragoza,2006-12-01,64.87608707666666
05,Coahuila de Zaragoza,2007-01-01,65.39351785333332
05,Coahuila de Zaragoza,2007-02-01,65.51112905333333
05,Coahuila de Zaragoza,2007-03-01,65.88623407333333
05,Coahuila de Zaragoza,2007-04-01,64.46707194666666
05,Coahuila de Zaragoza,2007-05-01,64.34642914666667
05,Coahuila de Zaragoza,2007-06-01,64.39021602333334
05,Coahuila de Zaragoza,2007-07-01,64.7673824
05,Coahuila de Zaragoza,2007-08-01,64.89079376
05,Coahuila de Zaragoza,2007-09-01,65.28057159666668
05,Coahuila de Zaragoza,2007-10-01,67.02229759333333
05,Coahuila de Zaragoza,2007-11-01,67.32127064
05,Coahuila de Zaragoza,2007-12-01,67.65820207
05,Coahuila de Zaragoza,2008-01-01,67.94806854666668
05,Coahuila de Zaragoza,2008-02-01,68.05887697
05,Coahuila de Zaragoza,2008-03-01,68.51323873
05,Coahuila de Zaragoza,2008-04-01,67.43111871333333
05,Coahuila de Zaragoza,2008-05-01,67.79363829666667
05,Coahuila de Zaragoza,2008-06-01,67.99248454333333
05,Coahuila de Zaragoza,2008-07-01,68.44423890333333
05,Coahuila de Zaragoza,2008-08-01,68.79093466
05,Coahuila de Zaragoza,2008-09-01,69.15136720000001
05,Coahuila de Zaragoza,2008-10-01,71.00953882333333
05,Coahuila de Zaragoza,2008-11-01,71.18394448666666
05,Coahuila de Zaragoza,2008-12-01,71.55553732999999
05,Coahuila de Zaragoza,2009-01-01,71.92815805000001
05,Coahuila de Zaragoza,2009-02-01,72.09507336333334
05,Coahuila de Zaragoza,2009-03-01,72.57634832333333
05,Coahuila de Zaragoza,2009-04-01,71.4625096
05,Coahuila de Zaragoza,2009-05-01,71.56666461666667
05,Coahuila de Zaragoza,2009-06-01,71.74406849666667
05,Coahuila de Zaragoza,2009-07-01,71.96611891333333
05,Coahuila de Zaragoza,2009-08-01,71.9963631
05,Coahuila de Zaragoza,2009-09-01,72.27821607333334
05,Coahuila de Zaragoza,2009-10-01,73.90894025
05,Coahuila de Zaragoza,2009-11-01,73.80048562
05,Coahuila de Zaragoza,2009-12-01,74.08551899333334
05,Coahuila de Zaragoza,2010-01-01,74.96342021333334
05,Coahuila de Zaragoza,2010-02-01,75.17290736666666
05,Coahuila de Zaragoza,2010-03-01,75.73371204666667
05,Coahuila de Zaragoza,2010-04-01,74.06671467999999
05,Coahuila de Zaragoza,2010-05-01,73.84066451
05,Coahuila de Zaragoza,2010-06-01,73.69659865
05,Coahuila de Zaragoza,2010-07-01,74.06178641666666
05,Coahuila de Zaragoza,2010-08-01,74.37314263
05,Coahuila de Zaragoza,2010-09-01,74.62965521333334
05,Coahuila de Zaragoza,2010-10-01,76.74302044666666
05,Coahuila de Zaragoza,2010-11-01,76.90498889
05,Coahuila de Zaragoza,2010-12-01,77.10211509666667
05,Coahuila de Zaragoza,2011-01-01,77.56359513
05,Coahuila de Zaragoza,2011-02-01,77.67284286
05,Coahuila de Zaragoza,2011-03-01,77.75581032666666
05,Coahuila de Zaragoza,2011-04-01,75.42184637333334
05,Coahuila de Zaragoza,2011-05-01,75.31823080666666
05,Coahuila de Zaragoza,2011-06-01,75.15481138666667
05,Coahuila de Zaragoza,2011-07-01,75.45645439333333
05,Coahuila de Zaragoza,2011-08-01,75.65040113666666
05,Coahuila de Zaragoza,2011-09-01,75.86583997666666
05,Coahuila de Zaragoza,2011-10-01,78.95006055666667
05,Coahuila de Zaragoza,2011-11-01,79.19608429
05,Coahuila de Zaragoza,2011-12-01,79.70411166666666
05,Coahuila de Zaragoza,2012-01-01,80.38279529333333
05,Coahuila de Zaragoza,2012-02-01,80.5919699
05,Coahuila de Zaragoza,2012-03-01,80.62567061333333
05,Coahuila de Zaragoza,2012-04-01,77.95907791666667
05,Coahuila de Zaragoza,2012-05-01,78.16232405
05,Coahuila de Zaragoza,2012-06-01,78.36154068666667
05,Coahuila de Zaragoza,2012-07-01,78.67401714666667
05,Coahuila de Zaragoza,2012-08-01,78.99599252666667
05,Coahuila de Zaragoza,2012-09-01,79.19593680666667
05,Coahuila de Zaragoza,2012-10-01,82.00460053333333
05,Coahuila de Zaragoza,2012-11-01,82.13642702666667
05,Coahuila de Zaragoza,2012-12-01,82.12983444
05,Coahuila de Zaragoza,2013-01-01,82.46255679
05,Coahuila de Zaragoza,2013-02-01,82.83241805333333
05,Coahuila de Zaragoza,2013-03-01,83.31556928
05,Coahuila de Zaragoza,2013-04-01,81.13539084333333
05,Coahuila de Zaragoza,2013-05-01,81.12774158333333
05,Coahuila de Zaragoza,2013-06-01,81.33707078333333
05,Coahuila de Zaragoza,2013-07-01,81.45440062
05,Coahuila de Zaragoza,2013-08-01,81.69069920999999
05,Coahuila de Zaragoza,2013-09-01,82.01616999666666
05,Coahuila de Zaragoza,2013-10-01,84.35925405
05,Coahuila de Zaragoza,2013-11-01,84.62705481
05,Coahuila de Zaragoza,2013-12-01,84.92511470000001
05,Coahuila de Zaragoza,2014-01-01,86.25738090333333
05,Coahuila de Zaragoza,2014-02-01,86.42618846666666
05,Coahuila de Zaragoza,2014-03-01,86.83382026333334
05,Coahuila de Zaragoza,2014-04-01,84.28757476
05,Coahuila de Zaragoza,2014-05-01,84.38353334666667
05,Coahuila de Zaragoza,2014-06-01,84.49294047333333
05,Coahuila de Zaragoza,2014-07-01,84.68648429666666
05,Coahuila de Zaragoza,2014-08-01,84.93124381666667
05,Coahuila de Zaragoza,2014-09-01,85.19621122
05,Coahuila de Zaragoza,2014-10-01,88.22180798
05,Coahuila de Zaragoza,2014-11-01,88.43420050666667
05,Coahuila de Zaragoza,2014-12-01,88.53666315333334
05,Coahuila de Zaragoza,2015-01-01,88.35257353
05,Coahuila de Zaragoza,2015-02-01,88.33472292333333
05,Coahuila de Zaragoza,2015-03-01,88.74425786666666
05,Coahuila de Zaragoza,2015-04-01,86.20883555333333
05,Coahuila de Zaragoza,2015-05-01,86.34760150666666
05,Coahuila de Zaragoza,2015-06-01,86.54461542
05,Coahuila de Zaragoza,2015-07-01,86.64731694
05,Coahuila de Zaragoza,2015-08-01,86.76644938
05,Coahuila de Zaragoza,2015-09-01,86.96765608333334
05,Coahuila de Zaragoza,2015-10-01,89.81290851
05,Coahuila de Zaragoza,2015-11-01,89.64867896666667
05,Coahuila de Zaragoza,2015-12-01,89.69676675333334
05,Coahuila de Zaragoza,2016-01-01,90.08975780666667
05,Coahuila de Zaragoza,2016-02-01,90.60287192
05,Coahuila de Zaragoza,2016-03-01,90.70275689333333
05,Coahuila de Zaragoza,2016-04-01,87.93688183
05,Coahuila de Zaragoza,2016-05-01,88.01352504
05,Coahuila de Zaragoza,2016-06-01,88.44080582666666
05,Coahuila de Zaragoza,2016-07-01,88.31333802333333
05,Coahuila de Zaragoza,2016-08-01,88.73913425666666
05,Coahuila de Zaragoza,2016-09-01,89.36231069
05,Coahuila de Zaragoza,2016-10-01,92.26603479
05,Coahuila de Zaragoza,2016-11-01,92.57262595666667
05,Coahuila de Zaragoza,2016-12-01,92.93689371333333
05,Coahuila de Zaragoza,2017-01-01,95.76512639333333
05,Coahuila de Zaragoza,2017-02-01,96.53945013666667
05,Coahuila de Zaragoza,2017-03-01,96.85546418333334
05,Coahuila de Zaragoza,2017-04-01,94.10591529666667
05,Coahuila de Zaragoza,2017-05-01,94.60602029
05,Coahuila de Zaragoza,2017-06-01,94.76481255666667
05,Coahuila de Zaragoza,2017-07-01,94.84557640666667
05,Coahuila de Zaragoza,2017-08-01,95.53843729666667
05,Coahuila de Zaragoza,2017-09-01,96.04030285
05,Coahuila de Zaragoza,2017-10-01,98.94926912666666
05,Coahuila de Zaragoza,2017-11-01,99.33263002
05,Coahuila de Zaragoza,2017-12-01,99.77941489
05,Coahuila de Zaragoza,2018-01-01,100.61890560333333
05,Coahuila de Zaragoza,2018-02-01,101.03592374333333
05,Coahuila de Zaragoza,2018-03-01,101.20299668
05,Coahuila de Zaragoza,2018-04-01,98.61276647333334
05,Coahuila de Zaragoza,2018-05-01,98.95015011666668
05,Coahuila de Zaragoza,2018-06-01,99.42502315666667
05,Coahuila de Zaragoza,2018-07-01,99.8869638525
05,Coahuila de Zaragoza,2018-08-01,100.53875
05,Coahuila de Zaragoza,2018-09-01,100.9195
05,Coahuila de Zaragoza,2018-10-01,102.777
05,Coahuila de Zaragoza,2018-11-01,103.007
05,Coahuila de Zaragoza,2018-12-01,103.379
05,Coahuila de Zaragoza,2019-01-01,103.72175
05,Coahuila de Zaragoza,2019-02-01,103.70224999999999
05,Coahuila de Zaragoza,2019-03-01,104.115
05,Coahuila de Zaragoza,2019-04-01,102.91550000000001
05,Coahuila de Zaragoza,2019-05-01,102.87625
05,Coahuila de Zaragoza,2019-06-01,102.81925
05,Coahuila de Zaragoza,2019-07-01,103.2325
05,Coahuila de Zaragoza,2019-08-01,103.28875
05,Coahuila de Zaragoza,2019-09-01,103.6845
05,Coahuila de Zaragoza,2019-10-01,105.34725
05,Coahuila de Zaragoza,2019-11-01,105.75399999999999
05,Coahuila de Zaragoza,2019-12-01,106.1785
05,Coahuila de Zaragoza,2020-01-01,106.83725000000001
05,Coahuila de Zaragoza,2020-02-01,107.1815
05,Coahuila de Zaragoza,2020-03-01,106.917
05,Coahuila de Zaragoza,2020-04-01,104.59649999999999
05,Coahuila de Zaragoza,2020-05-01,105.3245
05,Coahuila de Zaragoza,2020-06-01,105.73925
05,Coahuila de Zaragoza,2020-07-01,106.564
05,Coahuila de Zaragoza,2020-08-01,107.04625
05,Coahuila de Zaragoza,2020-09-01,107.86375
05,Coahuila de Zaragoza,2020-10-01,109.695
05,Coahuila de Zaragoza,2020-11-01,109.411
05,Coahuila de Zaragoza,2020-12-01,109.86525
05,Coahuila de Zaragoza,2021-01-01,110.56649999999999
05,Coahuila de Zaragoza,2021-02-01,111.75825
05,Coahuila de Zaragoza,2021-03-01,112.89274999999999
05,Coahuila de Zaragoza,2021-04-01,112.0865
05,Coahuila de Zaragoza,2021-05-01,112.4195
05,Coahuila de Zaragoza,2021-06-01,113.131
05,Coahuila de Zaragoza,2021-07-01,114.02525
05,Coahuila de Zaragoza,2021-08-01,114.28174999999999
05,Coahuila de Zaragoza,2021-09-01,115.03775
05,Coahuila de Zaragoza,2021-10-01,117.70325
05,Coahuila de Zaragoza,2021-11-01,118.37725
05,Coahuila de Zaragoza,2021-12-01,118.879
05,Coahuila de Zaragoza,2022-01-01,119.58975
05,Coahuila de Zaragoza,2022-02-01,120.52225
05,Coahuila de Zaragoza,2022-03-01,121.634
05,Coahuila de Zaragoza,2022-04-01,121.12775
05,Coahuila de Zaragoza,2022-05-01,121.884
05,Coahuila de Zaragoza,2022-06-01,123.00575
05,Coahuila de Zaragoza,2022-07-01,124.24425
05,Coahuila de Zaragoza,2022-08-01,125.12325
05,Coahuila de Zaragoza,2022-09-01,125.85225
05,Coahuila de Zaragoza,2022-10-01,127.85725
05,Coahuila de Zaragoza,2022-11-01,127.76025
05,Coahuila de Zaragoza,2022-12-01,128.16075
05,Coahuila de Zaragoza,2023-01-01,128.8205
05,Coahuila de Zaragoza,2023-02-01,129.3175
05,Coahuila de Zaragoza,2023-03-01,129.68125
05,Coahuila de Zaragoza,2023-04-01,128.19525
05,Coahuila de Zaragoza,2023-05-01,128.076
05,Coahuila de Zaragoza,2023-06-01,128.428
05,Coahuila de Zaragoza,2023-07-01,129.15525
05,Coahuila de Zaragoza,2023-08-01,129.6735
05,Coahuila de Zaragoza,2023-09-01,130.3745
05,Coahuila de Zaragoza,2023-10-01,132.49
05,Coahuila de Zaragoza,2023-11-01,132.36775
05,Coahuila de Zaragoza,2023-12-01,133.08925
05,Coahuila de Zaragoza,2024-01-01,134.13175
05,Coahuila de Zaragoza,2024-02-01,134.7005
05,Coahuila de Zaragoza,2024-03-01,135.329
05,Coahuila de Zaragoza,2024-04-01,133.71800000000002
05,Coahuila de Zaragoza,2024-05-01,134.0225
05,Coahuila de Zaragoza,2024-06-01,134.463
05,Coahuila de Zaragoza,2024-07-01,135.56875
05,Coahuila de Zaragoza,2024-08-01,135.75475
05,Coahuila de Zaragoza,2024-09-01,136.016
05,Coahuila de Zaragoza,2024-10-01,137.86325
05,Coahuila de Zaragoza,2024-11-01,138.12325
05,Coahuila de Zaragoza,2024-12-01,138.43825
06,Colima,2004-01-01,56.63253773
06,Colima,2004-02-01,56.9845093
06,Colima,2004-03-01,57.11363496
06,Colima,2004-04-01,56.86787967
06,Colima,2004-05-01,56.88245837
06,Colima,2004-06-01,56.95274855
06,Colima,2004-07-01,57.43436645
06,Colima,2004-08-01,57.778528
06,Colima,2004-09-01,58.37469286
06,Colima,2004-10-01,58.99584979
06,Colima,2004-11-01,59.12028944
06,Colima,2004-12-01,59.02136252
06,Colima,2005-01-01,58.90577422
06,Colima,2005-02-01,59.15517419
06,Colima,2005-03-01,59.71124762
06,Colima,2005-04-01,59.71957831
06,Colima,2005-05-01,59.69927225
06,Colima,2005-06-01,59.56754325
06,Colima,2005-07-01,59.67219752
06,Colima,2005-08-01,59.65449481
06,Colima,2005-09-01,59.96116826
06,Colima,2005-10-01,60.307412480000004
06,Colima,2005-11-01,60.11372398
06,Colima,2005-12-01,60.54119241
06,Colima,2006-01-01,61.03790968
06,Colima,2006-02-01,61.11444788
06,Colima,2006-03-01,61.27116895
06,Colima,2006-04-01,60.99729758
06,Colima,2006-05-01,61.06654642
06,Colima,2006-06-01,61.03218233
06,Colima,2006-07-01,61.21754014
06,Colima,2006-08-01,61.47266746
06,Colima,2006-09-01,61.9813601
06,Colima,2006-10-01,62.64885648
06,Colima,2006-11-01,62.77485813
06,Colima,2006-12-01,63.04977084
06,Colima,2007-01-01,63.3366589
06,Colima,2007-02-01,63.49598331
06,Colima,2007-03-01,63.86097158
06,Colima,2007-04-01,63.69279582
06,Colima,2007-05-01,63.6589524
06,Colima,2007-06-01,63.58866222
06,Colima,2007-07-01,63.95885716
06,Colima,2007-08-01,64.21814983
06,Colima,2007-09-01,64.7539172
06,Colima,2007-10-01,65.31415597
06,Colima,2007-11-01,65.51409248
06,Colima,2007-12-01,65.74058306
06,Colima,2008-01-01,65.92177553
06,Colima,2008-02-01,65.87283273
06,Colima,2008-03-01,66.17638218
06,Colima,2008-04-01,66.53512243
06,Colima,2008-05-01,66.39506274
06,Colima,2008-06-01,66.78348107
06,Colima,2008-07-01,66.9277061
06,Colima,2008-08-01,67.19689146
06,Colima,2008-09-01,67.77275027
06,Colima,2008-10-01,68.08046506
06,Colima,2008-11-01,68.83907833
06,Colima,2008-12-01,69.54510414
06,Colima,2009-01-01,69.81533083
06,Colima,2009-02-01,69.8694803
06,Colima,2009-03-01,70.06056546
06,Colima,2009-04-01,70.52968733
06,Colima,2009-05-01,70.04338342
06,Colima,2009-06-01,70.13918633
06,Colima,2009-07-01,70.46928984
06,Colima,2009-08-01,70.50781927
06,Colima,2009-09-01,70.80824471
06,Colima,2009-10-01,71.27996992
06,Colima,2009-11-01,71.612156100000007
06,Colima,2009-12-01,72.1182454
06,Colima,2010-01-01,72.9252808
06,Colima,2010-02-01,73.19498682
06,Colima,2010-03-01,73.69430744
06,Colima,2010-04-01,73.68962142
06,Colima,2010-05-01,72.99765365
06,Colima,2010-06-01,72.96693424
06,Colima,2010-07-01,73.40585736
06,Colima,2010-08-01,73.62922394
06,Colima,2010-09-01,73.80364772
06,Colima,2010-10-01,74.13375123
06,Colima,2010-11-01,74.71429605
06,Colima,2010-12-01,75.02982086
06,Colima,2011-01-01,75.38967044
06,Colima,2011-02-01,75.82125913
06,Colima,2011-03-01,76.02803071
06,Colima,2011-04-01,75.95509673
06,Colima,2011-05-01,75.6242622
06,Colima,2011-06-01,75.66035324
06,Colima,2011-07-01,76.09870899
06,Colima,2011-08-01,76.23856177
06,Colima,2011-09-01,76.44608525
06,Colima,2011-10-01,76.58593803
06,Colima,2011-11-01,77.28595382
06,Colima,2011-12-01,78.01378978
06,Colima,2012-01-01,78.71831695
06,Colima,2012-02-01,78.92584043
06,Colima,2012-03-01,78.78899524
06,Colima,2012-04-01,78.98749596
06,Colima,2012-05-01,78.71154988
06,Colima,2012-06-01,79.02433889
06,Colima,2012-07-01,79.6972864
06,Colima,2012-08-01,79.94992368
06,Colima,2012-09-01,80.35519598
06,Colima,2012-10-01,80.61685602
06,Colima,2012-11-01,81.36875268
06,Colima,2012-12-01,81.45597269
06,Colima,2013-01-01,81.88455379
06,Colima,2013-02-01,82.17704159
06,Colima,2013-03-01,82.49810146
06,Colima,2013-04-01,82.86277134
06,Colima,2013-05-01,82.3093754
06,Colima,2013-06-01,82.61614924
06,Colima,2013-07-01,82.62667579
06,Colima,2013-08-01,82.94472808
06,Colima,2013-09-01,83.37556486
06,Colima,2013-10-01,83.57632127
06,Colima,2013-11-01,84.28611172
06,Colima,2013-12-01,84.79589765
06,Colima,2014-01-01,85.18011684
06,Colima,2014-02-01,85.37185049
06,Colima,2014-03-01,85.55305759
06,Colima,2014-04-01,85.68012812
06,Colima,2014-05-01,85.32673669
06,Colima,2014-06-01,85.70118123
06,Colima,2014-07-01,86.10795732
06,Colima,2014-08-01,86.36585788
06,Colima,2014-09-01,86.79519087
06,Colima,2014-10-01,86.70421137
06,Colima,2014-11-01,87.27490094
06,Colima,2014-12-01,87.67490996
06,Colima,2015-01-01,87.60047219
06,Colima,2015-02-01,87.84859809
06,Colima,2015-03-01,87.98018
06,Colima,2015-04-01,87.99371414
06,Colima,2015-05-01,87.66438341
06,Colima,2015-06-01,87.94408896
06,Colima,2015-07-01,88.10875433
06,Colima,2015-08-01,88.15386813
06,Colima,2015-09-01,88.5215456
06,Colima,2015-10-01,88.66741355
06,Colima,2015-11-01,88.98020256
06,Colima,2015-12-01,89.4884847
06,Colima,2016-01-01,89.50277074
06,Colima,2016-02-01,89.89977218
06,Colima,2016-03-01,90.22158395
06,Colima,2016-04-01,90.03586547
06,Colima,2016-05-01,89.71706129
06,Colima,2016-06-01,89.91330632
06,Colima,2016-07-01,90.15466514
06,Colima,2016-08-01,90.38324173
06,Colima,2016-09-01,90.83212403
06,Colima,2016-10-01,90.96069836
06,Colima,2016-11-01,91.70282036
06,Colima,2016-12-01,92.21486199
06,Colima,2017-01-01,93.55850132
06,Colima,2017-02-01,94.04948984
06,Colima,2017-03-01,94.61942751
06,Colima,2017-04-01,95.0487605
06,Colima,2017-05-01,94.72845252
06,Colima,2017-06-01,95.12996534
06,Colima,2017-07-01,95.73073077
06,Colima,2017-08-01,96.00066167
06,Colima,2017-09-01,96.24728377
06,Colima,2017-10-01,96.28337481
06,Colima,2017-11-01,96.98564629
06,Colima,2017-12-01,97.67363174
06,Colima,2018-01-01,98.15634939
06,Colima,2018-02-01,98.48568013
06,Colima,2018-03-01,98.68192516
06,Colima,2018-04-01,98.66087205
06,Colima,2018-05-01,98.62102153
06,Colima,2018-06-01,99.04133176
06,Colima,2018-07-01,99.91578757
06,Colima,2018-08-01,100.206
06,Colima,2018-09-01,100.703
06,Colima,2018-10-01,100.967
06,Colima,2018-11-01,101.89
06,Colima,2018-12-01,102.444
06,Colima,2019-01-01,102.455
06,Colima,2019-02-01,102.561
06,Colima,2019-03-01,103.201
06,Colima,2019-04-01,103.339
06,Colima,2019-05-01,102.983
06,Colima,2019-06-01,103.132
06,Colima,2019-07-01,103.659
06,Colima,2019-08-01,103.688
06,Colima,2019-09-01,103.947
06,Colima,2019-10-01,104.201
06,Colima,2019-11-01,104.907
06,Colima,2019-12-01,105.363
06,Colima,2020-01-01,105.85
06,Colima,2020-02-01,106.048
06,Colima,2020-03-01,105.443
06,Colima,2020-04-01,104.36
06,Colima,2020-05-01,104.873
06,Colima,2020-06-01,106.054
06,Colima,2020-07-01,106.675
06,Colima,2020-08-01,107.317
06,Colima,2020-09-01,107.667
06,Colima,2020-10-01,107.814
06,Colima,2020-11-01,108.342
06,Colima,2020-12-01,108.785
06,Colima,2021-01-01,109.88
06,Colima,2021-02-01,110.431
06,Colima,2021-03-01,110.992
06,Colima,2021-04-01,111.627
06,Colima,2021-05-01,112.29
06,Colima,2021-06-01,113.231
06,Colima,2021-07-01,113.762
06,Colima,2021-08-01,113.999
06,Colima,2021-09-01,114.523
06,Colima,2021-10-01,115.069
06,Colima,2021-11-01,116.203
06,Colima,2021-12-01,116.874
06,Colima,2022-01-01,117.448
06,Colima,2022-02-01,118.42
06,Colima,2022-03-01,119.634
06,Colima,2022-04-01,120.784
06,Colima,2022-05-01,120.892
06,Colima,2022-06-01,121.744
06,Colima,2022-07-01,122.654
06,Colima,2022-08-01,123.581
06,Colima,2022-09-01,124.373
06,Colima,2022-10-01,124.935
06,Colima,2022-11-01,125.737
06,Colima,2022-12-01,126.153
06,Colima,2023-01-01,126.99
06,Colima,2023-02-01,127.758
06,Colima,2023-03-01,128.343
06,Colima,2023-04-01,128.756
06,Colima,2023-05-01,128.403
06,Colima,2023-06-01,128.538
06,Colima,2023-07-01,129.084
06,Colima,2023-08-01,130.086
06,Colima,2023-09-01,131.049
06,Colima,2023-10-01,131.182
06,Colima,2023-11-01,132.076
06,Colima,2023-12-01,132.903
06,Colima,2024-01-01,133.693
06,Colima,2024-02-01,134.132
06,Colima,2024-03-01,134.665
06,Colima,2024-04-01,135.23
06,Colima,2024-05-01,135.02
06,Colima,2024-06-01,135.719
06,Colima,2024-07-01,137.476
06,Colima,2024-08-01,137.53
06,Colima,2024-09-01,137.781
06,Colima,2024-10-01,138.548
06,Colima,2024-11-01,139.241
06,Colima,2024-12-01,139.924
07,Chiapas,2004-01-01,53.87555177
07,Chiapas,2004-02-01,53.38878584
07,Chiapas,2004-03-01,53.60534701
07,Chiapas,2004-04-01,53.60584371
07,Chiapas,2004-05-01,53.73498569
07,Chiapas,2004-06-01,53.74342959
07,Chiapas,2004-07-01,53.85816727
07,Chiapas,2004-08-01,54.78600275
07,Chiapas,2004-09-01,55.42624897
07,Chiapas,2004-10-01,55.66913523
07,Chiapas,2004-11-01,55.98453969
07,Chiapas,2004-12-01,56.37842274
07,Chiapas,2005-01-01,56.59895751
07,Chiapas,2005-02-01,55.8906634
07,Chiapas,2005-03-01,56.29001015
07,Chiapas,2005-04-01,56.7032645
07,Chiapas,2005-05-01,57.00972836
07,Chiapas,2005-06-01,57.03953035
07,Chiapas,2005-07-01,57.12843964
07,Chiapas,2005-08-01,58.07812992
07,Chiapas,2005-09-01,58.24005409
07,Chiapas,2005-10-01,58.89619471
07,Chiapas,2005-11-01,58.53410046
07,Chiapas,2005-12-01,58.65082494
07,Chiapas,2006-01-01,59.07003968
07,Chiapas,2006-02-01,58.57880345
07,Chiapas,2006-03-01,58.66026224
07,Chiapas,2006-04-01,58.75066163
07,Chiapas,2006-05-01,59.09040438
07,Chiapas,2006-06-01,59.09388128
07,Chiapas,2006-07-01,59.17335327
07,Chiapas,2006-08-01,60.39871201
07,Chiapas,2006-09-01,61.06975362
07,Chiapas,2006-10-01,61.2078362
07,Chiapas,2006-11-01,61.38267458
07,Chiapas,2006-12-01,61.77357743
07,Chiapas,2007-01-01,62.21663377
07,Chiapas,2007-02-01,61.70850974
07,Chiapas,2007-03-01,61.79493552
07,Chiapas,2007-04-01,62.12822118
07,Chiapas,2007-05-01,61.91016991
07,Chiapas,2007-06-01,62.09444558
07,Chiapas,2007-07-01,62.21564037
07,Chiapas,2007-08-01,63.10721675
07,Chiapas,2007-09-01,63.72014447
07,Chiapas,2007-10-01,63.83339205
07,Chiapas,2007-11-01,63.90938714
07,Chiapas,2007-12-01,64.18952591
07,Chiapas,2008-01-01,64.36088738
07,Chiapas,2008-02-01,63.59596949
07,Chiapas,2008-03-01,64.01766773
07,Chiapas,2008-04-01,64.09068262
07,Chiapas,2008-05-01,64.29730979
07,Chiapas,2008-06-01,64.68821264
07,Chiapas,2008-07-01,65.11885148
07,Chiapas,2008-08-01,66.31440823
07,Chiapas,2008-09-01,66.58808989
07,Chiapas,2008-10-01,66.83544646
07,Chiapas,2008-11-01,67.20598461
07,Chiapas,2008-12-01,67.86510542
07,Chiapas,2009-01-01,68.15418478
07,Chiapas,2009-02-01,67.42800948
07,Chiapas,2009-03-01,68.0051748
07,Chiapas,2009-04-01,68.39458755
07,Chiapas,2009-05-01,68.61710912
07,Chiapas,2009-06-01,68.7636356
07,Chiapas,2009-07-01,68.85105479
07,Chiapas,2009-08-01,69.46745941
07,Chiapas,2009-09-01,69.80124176
07,Chiapas,2009-10-01,69.75206847
07,Chiapas,2009-11-01,69.96316594
07,Chiapas,2009-12-01,70.3212866
07,Chiapas,2010-01-01,71.22428708
07,Chiapas,2010-02-01,70.90838592
07,Chiapas,2010-03-01,71.37031686
07,Chiapas,2010-04-01,71.34548186
07,Chiapas,2010-05-01,70.92030672
07,Chiapas,2010-06-01,70.87014002
07,Chiapas,2010-07-01,70.68586435
07,Chiapas,2010-08-01,71.89085839
07,Chiapas,2010-09-01,72.73723508
07,Chiapas,2010-10-01,72.91455695
07,Chiapas,2010-11-01,73.17085412
07,Chiapas,2010-12-01,73.64619596
07,Chiapas,2011-01-01,74.00848184
07,Chiapas,2011-02-01,73.63463073
07,Chiapas,2011-03-01,73.59473358
07,Chiapas,2011-04-01,73.82968348
07,Chiapas,2011-05-01,74.05576736
07,Chiapas,2011-06-01,74.25229778
07,Chiapas,2011-07-01,74.53822738
07,Chiapas,2011-08-01,75.38493365
07,Chiapas,2011-09-01,75.387889
07,Chiapas,2011-10-01,75.87330437
07,Chiapas,2011-11-01,76.05062506
07,Chiapas,2011-12-01,76.80349913
07,Chiapas,2012-01-01,77.52312557
07,Chiapas,2012-02-01,77.00372373
07,Chiapas,2012-03-01,77.02884416
07,Chiapas,2012-04-01,77.22241925
07,Chiapas,2012-05-01,77.41082247
07,Chiapas,2012-06-01,77.80683867
07,Chiapas,2012-07-01,78.1769956
07,Chiapas,2012-08-01,79.15225936
07,Chiapas,2012-09-01,79.36282767
07,Chiapas,2012-10-01,79.50320655
07,Chiapas,2012-11-01,79.61772616
07,Chiapas,2012-12-01,80.02186955
07,Chiapas,2013-01-01,80.58707923
07,Chiapas,2013-02-01,80.34843514
07,Chiapas,2013-03-01,80.70233768
07,Chiapas,2013-04-01,81.09244318
07,Chiapas,2013-05-01,81.42491947
07,Chiapas,2013-06-01,81.46481662
07,Chiapas,2013-07-01,81.50914679
07,Chiapas,2013-08-01,82.10169341
07,Chiapas,2013-09-01,82.13789639
07,Chiapas,2013-10-01,82.18444307
07,Chiapas,2013-11-01,82.81319266
07,Chiapas,2013-12-01,83.17817773
07,Chiapas,2014-01-01,84.54428584
07,Chiapas,2014-02-01,84.11354434
07,Chiapas,2014-03-01,84.77997458
07,Chiapas,2014-04-01,85.01049147
07,Chiapas,2014-05-01,85.02379053
07,Chiapas,2014-06-01,85.49812336
07,Chiapas,2014-07-01,85.73824512
07,Chiapas,2014-08-01,86.80512457
07,Chiapas,2014-09-01,87.34151964
07,Chiapas,2014-10-01,87.42426929
07,Chiapas,2014-11-01,87.54913261
07,Chiapas,2014-12-01,88.0655791
07,Chiapas,2015-01-01,88.02568195
07,Chiapas,2015-02-01,87.48263735
07,Chiapas,2015-03-01,87.94736531
07,Chiapas,2015-04-01,88.04636936
07,Chiapas,2015-05-01,88.50370896
07,Chiapas,2015-06-01,88.50297012
07,Chiapas,2015-07-01,88.18674823
07,Chiapas,2015-08-01,88.96991459
07,Chiapas,2015-09-01,89.37110264
07,Chiapas,2015-10-01,89.47084552
07,Chiapas,2015-11-01,89.4132163
07,Chiapas,2015-12-01,89.84765198
07,Chiapas,2016-01-01,90.21928658
07,Chiapas,2016-02-01,90.09959512
07,Chiapas,2016-03-01,90.22445843
07,Chiapas,2016-04-01,90.19564382
07,Chiapas,2016-05-01,90.43945976
07,Chiapas,2016-06-01,90.58870467
07,Chiapas,2016-07-01,90.62342997
07,Chiapas,2016-08-01,91.21671543
07,Chiapas,2016-09-01,91.76862606
07,Chiapas,2016-10-01,91.89866123
07,Chiapas,2016-11-01,92.22448799
07,Chiapas,2016-12-01,92.69512664
07,Chiapas,2017-01-01,93.60241747
07,Chiapas,2017-02-01,93.56399799
07,Chiapas,2017-03-01,93.77087212
07,Chiapas,2017-04-01,94.22303987
07,Chiapas,2017-05-01,94.44099654
07,Chiapas,2017-06-01,94.72692615
07,Chiapas,2017-07-01,95.25445518
07,Chiapas,2017-08-01,96.48387859
07,Chiapas,2017-09-01,96.72178385
07,Chiapas,2017-10-01,96.69814109
07,Chiapas,2017-11-01,97.39116943
07,Chiapas,2017-12-01,97.95711795
07,Chiapas,2018-01-01,98.76688241
07,Chiapas,2018-02-01,98.54892573
07,Chiapas,2018-03-01,99.14073352
07,Chiapas,2018-04-01,99.20870645
07,Chiapas,2018-05-01,99.47247096
07,Chiapas,2018-06-01,99.82785117
07,Chiapas,2018-07-01,99.95825575500001
07,Chiapas,2018-08-01,100.7705
07,Chiapas,2018-09-01,101.094
07,Chiapas,2018-10-01,101.43299999999999
07,Chiapas,2018-11-01,101.95400000000001
07,Chiapas,2018-12-01,102.78399999999999
07,Chiapas,2019-01-01,102.44550000000001
07,Chiapas,2019-02-01,102.118
07,Chiapas,2019-03-01,102.471
07,Chiapas,2019-04-01,102.8945
07,Chiapas,2019-05-01,102.88300000000001
07,Chiapas,2019-06-01,102.8125
07,Chiapas,2019-07-01,102.981
07,Chiapas,2019-08-01,103.43
07,Chiapas,2019-09-01,103.55250000000001
07,Chiapas,2019-10-01,103.9525
07,Chiapas,2019-11-01,104.473
07,Chiapas,2019-12-01,104.99600000000001
07,Chiapas,2020-01-01,105.535
07,Chiapas,2020-02-01,105.211
07,Chiapas,2020-03-01,105.932
07,Chiapas,2020-04-01,105.93450000000001
07,Chiapas,2020-05-01,106.128
07,Chiapas,2020-06-01,107.5595
07,Chiapas,2020-07-01,108.6035
07,Chiapas,2020-08-01,108.8905
07,Chiapas,2020-09-01,109.16149999999999
07,Chiapas,2020-10-01,109.884
07,Chiapas,2020-11-01,110.03999999999999
07,Chiapas,2020-12-01,110.373
07,Chiapas,2021-01-01,110.562
07,Chiapas,2021-02-01,111.08250000000001
07,Chiapas,2021-03-01,112.4385
07,Chiapas,2021-04-01,112.8205
07,Chiapas,2021-05-01,113.17750000000001
07,Chiapas,2021-06-01,113.81049999999999
07,Chiapas,2021-07-01,114.7255
07,Chiapas,2021-08-01,115.62950000000001
07,Chiapas,2021-09-01,116.39150000000001
07,Chiapas,2021-10-01,117.312
07,Chiapas,2021-11-01,117.98949999999999
07,Chiapas,2021-12-01,118.4975
07,Chiapas,2022-01-01,119.2515
07,Chiapas,2022-02-01,119.9135
07,Chiapas,2022-03-01,121.636
07,Chiapas,2022-04-01,122.69
07,Chiapas,2022-05-01,123.4745
07,Chiapas,2022-06-01,124.612
07,Chiapas,2022-07-01,125.6655
07,Chiapas,2022-08-01,126.912
07,Chiapas,2022-09-01,127.882
07,Chiapas,2022-10-01,128.148
07,Chiapas,2022-11-01,128.214
07,Chiapas,2022-12-01,128.3115
07,Chiapas,2023-01-01,129.736
07,Chiapas,2023-02-01,130.168
07,Chiapas,2023-03-01,130.76999999999998
07,Chiapas,2023-04-01,130.9925
07,Chiapas,2023-05-01,130.7225
07,Chiapas,2023-06-01,131.18849999999998
07,Chiapas,2023-07-01,131.39100000000002
07,Chiapas,2023-08-01,132.86
07,Chiapas,2023-09-01,133.615
07,Chiapas,2023-10-01,134.2525
07,Chiapas,2023-11-01,134.53250000000003
07,Chiapas,2023-12-01,135.737
07,Chiapas,2024-01-01,137.6215
07,Chiapas,2024-02-01,137.1685
07,Chiapas,2024-03-01,137.394
07,Chiapas,2024-04-01,137.668
07,Chiapas,2024-05-01,137.41199999999998
07,Chiapas,2024-06-01,138.0115
07,Chiapas,2024-07-01,139.88049999999998
07,Chiapas,2024-08-01,140.50400000000002
07,Chiapas,2024-09-01,140.376
07,Chiapas,2024-10-01,140.7935
07,Chiapas,2024-11-01,141.165
07,Chiapas,2024-12-01,142.043
08,Chihuahua,2004-01-01,58.50247355
08,Chihuahua,2004-02-01,58.82360305666666
08,Chihuahua,2004-03-01,59.02644738666667
08,Chihuahua,2004-04-01,59.17822735
08,Chihuahua,2004-05-01,59.246375443333335
08,Chihuahua,2004-06-01,59.34264686
08,Chihuahua,2004-07-01,59.46843418
08,Chihuahua,2004-08-01,59.845648
08,Chihuahua,2004-09-01,60.29947706666667
08,Chihuahua,2004-10-01,60.65208178333333
08,Chihuahua,2004-11-01,61.06939563333333
08,Chihuahua,2004-12-01,61.12182416666666
08,Chihuahua,2005-01-01,61.03971960333333
08,Chihuahua,2005-02-01,61.195959916666666
08,Chihuahua,2005-03-01,61.52590185
08,Chihuahua,2005-04-01,61.965121020000005
08,Chihuahua,2005-05-01,61.632607396666664
08,Chihuahua,2005-06-01,61.6717581
08,Chihuahua,2005-07-01,61.905341963333335
08,Chihuahua,2005-08-01,62.030430380000006
08,Chihuahua,2005-09-01,62.10795512333333
08,Chihuahua,2005-10-01,62.204192893333335
08,Chihuahua,2005-11-01,62.85672403666666
08,Chihuahua,2005-12-01,63.07887400333333
08,Chihuahua,2006-01-01,63.26653676666667
08,Chihuahua,2006-02-01,63.393807816666666
08,Chihuahua,2006-03-01,63.55764781333333
08,Chihuahua,2006-04-01,63.76696985333333
08,Chihuahua,2006-05-01,63.341710213333336
08,Chihuahua,2006-06-01,63.45504107
08,Chihuahua,2006-07-01,63.54793348
08,Chihuahua,2006-08-01,63.87808483
08,Chihuahua,2006-09-01,64.41552512
08,Chihuahua,2006-10-01,64.51840310666667
08,Chihuahua,2006-11-01,65.08988717
08,Chihuahua,2006-12-01,65.51979231
08,Chihuahua,2007-01-01,65.71592249666666
08,Chihuahua,2007-02-01,65.98105959333333
08,Chihuahua,2007-03-01,66.26128147
08,Chihuahua,2007-04-01,66.44310434666667
08,Chihuahua,2007-05-01,65.91147129
08,Chihuahua,2007-06-01,66.03457391333333
08,Chihuahua,2007-07-01,66.18447572
08,Chihuahua,2007-08-01,66.35796119333334
08,Chihuahua,2007-09-01,66.68743595333333
08,Chihuahua,2007-10-01,66.75928111333333
08,Chihuahua,2007-11-01,67.63013498
08,Chihuahua,2007-12-01,67.87442195
08,Chihuahua,2008-01-01,68.27698924666667
08,Chihuahua,2008-02-01,68.23075308333333
08,Chihuahua,2008-03-01,68.46071036333333
08,Chihuahua,2008-04-01,68.68892989333334
08,Chihuahua,2008-05-01,68.52560470666667
08,Chihuahua,2008-06-01,68.98737644333333
08,Chihuahua,2008-07-01,69.244638
08,Chihuahua,2008-08-01,69.68430983333333
08,Chihuahua,2008-09-01,70.09140857666667
08,Chihuahua,2008-10-01,70.25807195333334
08,Chihuahua,2008-11-01,71.27660461333333
08,Chihuahua,2008-12-01,71.32717993333334
08,Chihuahua,2009-01-01,71.51789142666667
08,Chihuahua,2009-02-01,71.97316458666667
08,Chihuahua,2009-03-01,72.43786054
08,Chihuahua,2009-04-01,72.75141218
08,Chihuahua,2009-05-01,72.27604639333333
08,Chihuahua,2009-06-01,72.45733025
08,Chihuahua,2009-07-01,72.64396809333334
08,Chihuahua,2009-08-01,73.01919021333333
08,Chihuahua,2009-09-01,73.2896802
08,Chihuahua,2009-10-01,73.37927829
08,Chihuahua,2009-11-01,74.04775652000001
08,Chihuahua,2009-12-01,74.28414459666666
08,Chihuahua,2010-01-01,75.20630383
08,Chihuahua,2010-02-01,75.39123270333333
08,Chihuahua,2010-03-01,75.85035645666666
08,Chihuahua,2010-04-01,76.02177821000001
08,Chihuahua,2010-05-01,75.06986521
08,Chihuahua,2010-06-01,74.99823052666666
08,Chihuahua,2010-07-01,75.00904708
08,Chihuahua,2010-08-01,75.29665999
08,Chihuahua,2010-09-01,75.55764331333333
08,Chihuahua,2010-10-01,75.79385490333334
08,Chihuahua,2010-11-01,76.68464056666667
08,Chihuahua,2010-12-01,77.02688552333333
08,Chihuahua,2011-01-01,77.23594772
08,Chihuahua,2011-02-01,77.36968565
08,Chihuahua,2011-03-01,77.61503502666666
08,Chihuahua,2011-04-01,77.82387597333333
08,Chihuahua,2011-05-01,76.82756409333334
08,Chihuahua,2011-06-01,76.71770739666667
08,Chihuahua,2011-07-01,76.94493049666667
08,Chihuahua,2011-08-01,77.04967486333334
08,Chihuahua,2011-09-01,77.36251607333334
08,Chihuahua,2011-10-01,77.73005913333333
08,Chihuahua,2011-11-01,79.04917121
08,Chihuahua,2011-12-01,79.73860246333334
08,Chihuahua,2012-01-01,80.13310842666667
08,Chihuahua,2012-02-01,80.31506389666667
08,Chihuahua,2012-03-01,80.47352183333334
08,Chihuahua,2012-04-01,80.53099580666667
08,Chihuahua,2012-05-01,79.54157196
08,Chihuahua,2012-06-01,80.07834367333334
08,Chihuahua,2012-07-01,80.53142224999999
08,Chihuahua,2012-08-01,80.78722396
08,Chihuahua,2012-09-01,81.16091167333333
08,Chihuahua,2012-10-01,81.19608285666666
08,Chihuahua,2012-11-01,82.27796610666667
08,Chihuahua,2012-12-01,82.41928074333333
08,Chihuahua,2013-01-01,82.69567589666667
08,Chihuahua,2013-02-01,83.24671827
08,Chihuahua,2013-03-01,83.74148425666667
08,Chihuahua,2013-04-01,83.84689729
08,Chihuahua,2013-05-01,83.15569495666666
08,Chihuahua,2013-06-01,83.43842200666667
08,Chihuahua,2013-07-01,83.32425755333333
08,Chihuahua,2013-08-01,83.46456512666667
08,Chihuahua,2013-09-01,83.71915160666667
08,Chihuahua,2013-10-01,83.96258911666666
08,Chihuahua,2013-11-01,84.77757489
08,Chihuahua,2013-12-01,85.00291996333334
08,Chihuahua,2014-01-01,85.99542983333333
08,Chihuahua,2014-02-01,86.41718554666667
08,Chihuahua,2014-03-01,86.77046635333333
08,Chihuahua,2014-04-01,86.78326882666667
08,Chihuahua,2014-05-01,85.91705011666667
08,Chihuahua,2014-06-01,86.20078578666667
08,Chihuahua,2014-07-01,86.41960988333334
08,Chihuahua,2014-08-01,86.30778021666667
08,Chihuahua,2014-09-01,86.52212018666667
08,Chihuahua,2014-10-01,86.91064513333333
08,Chihuahua,2014-11-01,87.85631715666666
08,Chihuahua,2014-12-01,88.07795437666667
08,Chihuahua,2015-01-01,87.93273043333333
08,Chihuahua,2015-02-01,88.14318904333334
08,Chihuahua,2015-03-01,88.48286738666667
08,Chihuahua,2015-04-01,88.47481417
08,Chihuahua,2015-05-01,87.66070304333333
08,Chihuahua,2015-06-01,87.68633723666667
08,Chihuahua,2015-07-01,87.81966387666667
08,Chihuahua,2015-08-01,87.95512725666667
08,Chihuahua,2015-09-01,88.26777909666667
08,Chihuahua,2015-10-01,88.234553880000007
08,Chihuahua,2015-11-01,88.81872629333333
08,Chihuahua,2015-12-01,89.030512
08,Chihuahua,2016-01-01,89.62615902666667
08,Chihuahua,2016-02-01,90.04396668666666
08,Chihuahua,2016-03-01,90.21346239666667
08,Chihuahua,2016-04-01,90.34725133666666
08,Chihuahua,2016-05-01,89.66658326000001
08,Chihuahua,2016-06-01,89.54233814333332
08,Chihuahua,2016-07-01,89.51283966333334
08,Chihuahua,2016-08-01,89.66834045666667
08,Chihuahua,2016-09-01,90.11376942
08,Chihuahua,2016-10-01,90.44266833333333
08,Chihuahua,2016-11-01,91.55263989333334
08,Chihuahua,2016-12-01,92.11690419
08,Chihuahua,2017-01-01,94.29254077333333
08,Chihuahua,2017-02-01,94.76660544
08,Chihuahua,2017-03-01,95.00291709666666
08,Chihuahua,2017-04-01,95.39602682
08,Chihuahua,2017-05-01,94.55118721666668
08,Chihuahua,2017-06-01,94.84512179333333
08,Chihuahua,2017-07-01,95.27795797666667
08,Chihuahua,2017-08-01,95.99026582666667
08,Chihuahua,2017-09-01,96.68746773666666
08,Chihuahua,2017-10-01,96.82416406
08,Chihuahua,2017-11-01,98.20523497333333
08,Chihuahua,2017-12-01,98.66374162
08,Chihuahua,2018-01-01,99.15551890333333
08,Chihuahua,2018-02-01,99.77806681
08,Chihuahua,2018-03-01,100.08593138333333
08,Chihuahua,2018-04-01,99.95936446
08,Chihuahua,2018-05-01,99.0809002
08,Chihuahua,2018-06-01,99.35901534666667
08,Chihuahua,2018-07-01,99.91685588
08,Chihuahua,2018-08-01,100.46133333333333
08,Chihuahua,2018-09-01,100.83833333333334
08,Chihuahua,2018-10-01,101.20333333333333
08,Chihuahua,2018-11-01,102.983
08,Chihuahua,2018-12-01,103.35
08,Chihuahua,2019-01-01,103.23933333333333
08,Chihuahua,2019-02-01,103.50033333333333
08,Chihuahua,2019-03-01,103.91166666666668
08,Chihuahua,2019-04-01,104.214
08,Chihuahua,2019-05-01,102.83466666666666
08,Chihuahua,2019-06-01,102.79533333333333
08,Chihuahua,2019-07-01,103.10733333333333
08,Chihuahua,2019-08-01,103.197
08,Chihuahua,2019-09-01,103.64666666666666
08,Chihuahua,2019-10-01,103.85433333333334
08,Chihuahua,2019-11-01,105.411
08,Chihuahua,2019-12-01,105.97066666666666
08,Chihuahua,2020-01-01,106.52633333333333
08,Chihuahua,2020-02-01,106.73866666666666
08,Chihuahua,2020-03-01,106.19933333333333
08,Chihuahua,2020-04-01,105.60766666666667
08,Chihuahua,2020-05-01,105.12533333333333
08,Chihuahua,2020-06-01,105.84033333333333
08,Chihuahua,2020-07-01,106.929
08,Chihuahua,2020-08-01,107.61766666666666
08,Chihuahua,2020-09-01,107.89099999999999
08,Chihuahua,2020-10-01,108.34466666666667
08,Chihuahua,2020-11-01,109.36066666666667
08,Chihuahua,2020-12-01,109.665
08,Chihuahua,2021-01-01,110.67866666666667
08,Chihuahua,2021-02-01,111.72366666666666
08,Chihuahua,2021-03-01,112.40533333333333
08,Chihuahua,2021-04-01,113.30133333333333
08,Chihuahua,2021-05-01,112.487
08,Chihuahua,2021-06-01,112.85566666666666
08,Chihuahua,2021-07-01,113.64466666666667
08,Chihuahua,2021-08-01,113.98666666666666
08,Chihuahua,2021-09-01,115.10533333333333
08,Chihuahua,2021-10-01,116.15633333333334
08,Chihuahua,2021-11-01,118.125
08,Chihuahua,2021-12-01,118.735
08,Chihuahua,2022-01-01,119.39466666666667
08,Chihuahua,2022-02-01,120.62833333333333
08,Chihuahua,2022-03-01,121.67866666666666
08,Chihuahua,2022-04-01,122.76766666666667
08,Chihuahua,2022-05-01,122.19200000000001
08,Chihuahua,2022-06-01,123.28766666666667
08,Chihuahua,2022-07-01,124.22466666666666
08,Chihuahua,2022-08-01,125.2
08,Chihuahua,2022-09-01,125.68233333333333
08,Chihuahua,2022-10-01,125.84833333333333
08,Chihuahua,2022-11-01,127.13666666666667
08,Chihuahua,2022-12-01,127.25366666666667
08,Chihuahua,2023-01-01,127.79233333333333
08,Chihuahua,2023-02-01,128.65733333333333
08,Chihuahua,2023-03-01,128.958
08,Chihuahua,2023-04-01,129.55533333333332
08,Chihuahua,2023-05-01,128.321
08,Chihuahua,2023-06-01,128.12466666666666
08,Chihuahua,2023-07-01,128.70600000000002
08,Chihuahua,2023-08-01,129.47166666666666
08,Chihuahua,2023-09-01,130.41433333333333
08,Chihuahua,2023-10-01,130.81366666666665
08,Chihuahua,2023-11-01,132.80033333333333
08,Chihuahua,2023-12-01,133.168
08,Chihuahua,2024-01-01,133.92000000000002
08,Chihuahua,2024-02-01,134.58433333333332
08,Chihuahua,2024-03-01,134.956
08,Chihuahua,2024-04-01,135.533
08,Chihuahua,2024-05-01,133.76033333333334
08,Chihuahua,2024-06-01,133.78866666666667
08,Chihuahua,2024-07-01,134.89066666666665
08,Chihuahua,2024-08-01,135.18066666666667
08,Chihuahua,2024-09-01,135.36466666666666
08,Chihuahua,2024-10-01,135.54933333333332
08,Chihuahua,2024-11-01,136.35399999999998
08,Chihuahua,2024-12-01,136.81933333333333
09,Ciudad de México,2004-01-01,54.21803755
09,Ciudad de México,2004-02-01,54.62277798
09,Ciudad de México,2004-03-01,54.76628146
09,Ciudad de México,2004-04-01,54.86885612
09,Ciudad de México,2004-05-01,54.95273491
09,Ciudad de México,2004-06-01,55.02953959
09,Ciudad de México,2004-07-01,55.14727307
09,Ciudad de México,2004-08-01,55.44640707
09,Ciudad de México,2004-09-01,55.86479044
09,Ciudad de México,2004-10-01,56.15129209
09,Ciudad de México,2004-11-01,56.37210553
09,Ciudad de México,2004-12-01,56.50196607
09,Ciudad de México,2005-01-01,56.56209605
09,Ciudad de México,2005-02-01,56.80261595
09,Ciudad de México,2005-03-01,56.98856411
09,Ciudad de México,2005-04-01,57.16945934
09,Ciudad de México,2005-05-01,57.33721692
09,Ciudad de México,2005-06-01,57.32458457
09,Ciudad de México,2005-07-01,57.53276567
09,Ciudad de México,2005-08-01,57.64847797
09,Ciudad de México,2005-09-01,57.85817495
09,Ciudad de México,2005-10-01,57.8869767
09,Ciudad de México,2005-11-01,57.9789402
09,Ciudad de México,2005-12-01,58.35437358
09,Ciudad de México,2006-01-01,58.63683288
09,Ciudad de México,2006-02-01,58.71970108
09,Ciudad de México,2006-03-01,58.83642398
09,Ciudad de México,2006-04-01,58.95718922
09,Ciudad de México,2006-05-01,59.02338273
09,Ciudad de México,2006-06-01,59.09867152
09,Ciudad de México,2006-07-01,59.33767555
09,Ciudad de México,2006-08-01,59.57465839
09,Ciudad de México,2006-09-01,60.21941344
09,Ciudad de México,2006-10-01,60.44730099
09,Ciudad de México,2006-11-01,60.48166098
09,Ciudad de México,2006-12-01,60.83385084
09,Ciudad de México,2007-01-01,61.03798958
09,Ciudad de México,2007-02-01,61.23404363
09,Ciudad de México,2007-03-01,61.37653651
09,Ciudad de México,2007-04-01,61.47810059
09,Ciudad de México,2007-05-01,61.4518253
09,Ciudad de México,2007-06-01,61.55844232
09,Ciudad de México,2007-07-01,61.85656573
09,Ciudad de México,2007-08-01,62.04908272
09,Ciudad de México,2007-09-01,62.52658547
09,Ciudad de México,2007-10-01,62.58924192
09,Ciudad de México,2007-11-01,62.76306303
09,Ciudad de México,2007-12-01,63.06522879
09,Ciudad de México,2008-01-01,63.35324632
09,Ciudad de México,2008-02-01,63.66854973
09,Ciudad de México,2008-03-01,64.11775602
09,Ciudad de México,2008-04-01,64.46085059
09,Ciudad de México,2008-05-01,64.61900759
09,Ciudad de México,2008-06-01,64.85043221
09,Ciudad de México,2008-07-01,65.22738147
09,Ciudad de México,2008-08-01,65.62050014
09,Ciudad de México,2008-09-01,66.12074112
09,Ciudad de México,2008-10-01,66.34812338
09,Ciudad de México,2008-11-01,66.88322964
09,Ciudad de México,2008-12-01,67.45673824
09,Ciudad de México,2009-01-01,67.48756117
09,Ciudad de México,2009-02-01,67.58659878
09,Ciudad de México,2009-03-01,67.97971745
09,Ciudad de México,2009-04-01,68.39557435
09,Ciudad de México,2009-05-01,68.5072443
09,Ciudad de México,2009-06-01,68.64316837
09,Ciudad de México,2009-07-01,68.7897036
09,Ciudad de México,2009-08-01,68.89531003
09,Ciudad de México,2009-09-01,69.26973283
09,Ciudad de México,2009-10-01,69.28539694
09,Ciudad de México,2009-11-01,69.37887631
09,Ciudad de México,2009-12-01,69.73157147
09,Ciudad de México,2010-01-01,70.45464707
09,Ciudad de México,2010-02-01,70.94023452
09,Ciudad de México,2010-03-01,71.52587018
09,Ciudad de México,2010-04-01,71.43087492
09,Ciudad de México,2010-05-01,71.41318963
09,Ciudad de México,2010-06-01,71.50060548
09,Ciudad de México,2010-07-01,71.62036014
09,Ciudad de México,2010-08-01,71.7396095
09,Ciudad de México,2010-09-01,72.14536052
09,Ciudad de México,2010-10-01,72.36617396
09,Ciudad de México,2010-11-01,72.67187679
09,Ciudad de México,2010-12-01,73.12916778
09,Ciudad de México,2011-01-01,73.36901532
09,Ciudad de México,2011-02-01,73.69455239
09,Ciudad de México,2011-03-01,73.82359411
09,Ciudad de México,2011-04-01,74.14839798
09,Ciudad de México,2011-05-01,74.0508835
09,Ciudad de México,2011-06-01,74.07141286
09,Ciudad de México,2011-07-01,74.48786568
09,Ciudad de México,2011-08-01,74.53698952
09,Ciudad de México,2011-09-01,74.70708996
09,Ciudad de México,2011-10-01,74.895520200000007
09,Ciudad de México,2011-11-01,75.28851089
09,Ciudad de México,2011-12-01,76.01657013
09,Ciudad de México,2012-01-01,76.49607743
09,Ciudad de México,2012-02-01,76.62365276
09,Ciudad de México,2012-03-01,76.53786935
09,Ciudad de México,2012-04-01,76.54446807
09,Ciudad de México,2012-05-01,76.90006599
09,Ciudad de México,2012-06-01,77.28352519
09,Ciudad de México,2012-07-01,77.68164821
09,Ciudad de México,2012-08-01,77.88180952
09,Ciudad de México,2012-09-01,78.25427084
09,Ciudad de México,2012-10-01,78.40750788
09,Ciudad de México,2012-11-01,78.45003299
09,Ciudad de México,2012-12-01,78.73011218
09,Ciudad de México,2013-01-01,78.98599604
09,Ciudad de México,2013-02-01,79.3819195
09,Ciudad de México,2013-03-01,80.15030427
09,Ciudad de México,2013-04-01,80.72219371
09,Ciudad de México,2013-05-01,80.85123543
09,Ciudad de México,2013-06-01,80.69359924
09,Ciudad de México,2013-07-01,80.66353838
09,Ciudad de México,2013-08-01,80.89669331
09,Ciudad de México,2013-09-01,81.22662952
09,Ciudad de México,2013-10-01,81.32854315
09,Ciudad de México,2013-11-01,81.76772491
09,Ciudad de México,2013-12-01,82.47452159
09,Ciudad de México,2014-01-01,83.00755187
09,Ciudad de México,2014-02-01,83.25903659
09,Ciudad de México,2014-03-01,83.50025662
09,Ciudad de México,2014-04-01,83.66889068
09,Ciudad de México,2014-05-01,83.87051837
09,Ciudad de México,2014-06-01,83.9020456
09,Ciudad de México,2014-07-01,84.17845883
09,Ciudad de México,2014-08-01,84.65356698
09,Ciudad de México,2014-09-01,85.16240194
09,Ciudad de México,2014-10-01,85.26064961
09,Ciudad de México,2014-11-01,85.60451646
09,Ciudad de México,2014-12-01,86.18007185
09,Ciudad de México,2015-01-01,86.1588093
09,Ciudad de México,2015-02-01,86.30104846
09,Ciudad de México,2015-03-01,86.53713615
09,Ciudad de México,2015-04-01,86.6111885
09,Ciudad de México,2015-05-01,86.64051617
09,Ciudad de México,2015-06-01,86.78055576
09,Ciudad de México,2015-07-01,86.85387492
09,Ciudad de México,2015-08-01,87.03057409
09,Ciudad de México,2015-09-01,87.40156903
09,Ciudad de México,2015-10-01,87.5518733
09,Ciudad de México,2015-11-01,87.70144439
09,Ciudad de México,2015-12-01,88.19561551
09,Ciudad de México,2016-01-01,88.46103087
09,Ciudad de México,2016-02-01,88.87821688
09,Ciudad de México,2016-03-01,89.0769118
09,Ciudad de México,2016-04-01,88.92074199
09,Ciudad de México,2016-05-01,88.9456705
09,Ciudad de México,2016-06-01,88.96106753
09,Ciudad de México,2016-07-01,89.3811863
09,Ciudad de México,2016-08-01,89.63633697
09,Ciudad de México,2016-09-01,90.21555833
09,Ciudad de México,2016-10-01,90.38272601
09,Ciudad de México,2016-11-01,90.61954689
09,Ciudad de México,2016-12-01,91.05212992
09,Ciudad de México,2017-01-01,92.20837305
09,Ciudad de México,2017-02-01,92.81105653
09,Ciudad de México,2017-03-01,93.579441310000007
09,Ciudad de México,2017-04-01,94.06188137
09,Ciudad de México,2017-05-01,94.54872058
09,Ciudad de México,2017-06-01,94.74228316
09,Ciudad de México,2017-07-01,95.10008065
09,Ciudad de México,2017-08-01,95.50260283
09,Ciudad de México,2017-09-01,95.70716328
09,Ciudad de México,2017-10-01,96.13168121
09,Ciudad de México,2017-11-01,96.82234768
09,Ciudad de México,2017-12-01,97.50934819
09,Ciudad de México,2018-01-01,97.98005719
09,Ciudad de México,2018-02-01,98.35911724
09,Ciudad de México,2018-03-01,98.72644622
09,Ciudad de México,2018-04-01,98.60400323
09,Ciudad de México,2018-05-01,99.02778796
09,Ciudad de México,2018-06-01,99.47283525
09,Ciudad de México,2018-07-01,99.94721021
09,Ciudad de México,2018-08-01,100.519
09,Ciudad de México,2018-09-01,100.831
09,Ciudad de México,2018-10-01,101.157
09,Ciudad de México,2018-11-01,101.688
09,Ciudad de México,2018-12-01,102.585
09,Ciudad de México,2019-01-01,102.653
09,Ciudad de México,2019-02-01,102.513
09,Ciudad de México,2019-03-01,102.859
09,Ciudad de México,2019-04-01,103.291
09,Ciudad de México,2019-05-01,103.523
09,Ciudad de México,2019-06-01,103.741
09,Ciudad de México,2019-07-01,104.079
09,Ciudad de México,2019-08-01,103.817
09,Ciudad de México,2019-09-01,104.134
09,Ciudad de México,2019-10-01,104.372
09,Ciudad de México,2019-11-01,104.952
09,Ciudad de México,2019-12-01,105.659
09,Ciudad de México,2020-01-01,106.06
09,Ciudad de México,2020-02-01,106.725
09,Ciudad de México,2020-03-01,106.702
09,Ciudad de México,2020-04-01,105.869
09,Ciudad de México,2020-05-01,106.604
09,Ciudad de México,2020-06-01,106.896
09,Ciudad de México,2020-07-01,107.501
09,Ciudad de México,2020-08-01,107.828
09,Ciudad de México,2020-09-01,108.142
09,Ciudad de México,2020-10-01,108.553
09,Ciudad de México,2020-11-01,108.217
09,Ciudad de México,2020-12-01,108.655
09,Ciudad de México,2021-01-01,109.47
09,Ciudad de México,2021-02-01,110.016
09,Ciudad de México,2021-03-01,111.007
09,Ciudad de México,2021-04-01,111.581
09,Ciudad de México,2021-05-01,112.349
09,Ciudad de México,2021-06-01,112.811
09,Ciudad de México,2021-07-01,113.166
09,Ciudad de México,2021-08-01,113.038
09,Ciudad de México,2021-09-01,113.659
09,Ciudad de México,2021-10-01,114.073
09,Ciudad de México,2021-11-01,115.219
09,Ciudad de México,2021-12-01,115.706
09,Ciudad de México,2022-01-01,116.337
09,Ciudad de México,2022-02-01,117.142
09,Ciudad de México,2022-03-01,118.041
09,Ciudad de México,2022-04-01,118.728
09,Ciudad de México,2022-05-01,119.127
09,Ciudad de México,2022-06-01,120.37
09,Ciudad de México,2022-07-01,121.11
09,Ciudad de México,2022-08-01,121.672
09,Ciudad de México,2022-09-01,122.416
09,Ciudad de México,2022-10-01,122.748
09,Ciudad de México,2022-11-01,122.944
09,Ciudad de México,2022-12-01,123.444
09,Ciudad de México,2023-01-01,124.251
09,Ciudad de México,2023-02-01,124.892
09,Ciudad de México,2023-03-01,125.125
09,Ciudad de México,2023-04-01,125.605
09,Ciudad de México,2023-05-01,125.731
09,Ciudad de México,2023-06-01,125.893
09,Ciudad de México,2023-07-01,126.513
09,Ciudad de México,2023-08-01,127.119
09,Ciudad de México,2023-09-01,127.603
09,Ciudad de México,2023-10-01,127.454
09,Ciudad de México,2023-11-01,127.882
09,Ciudad de México,2023-12-01,129.095
09,Ciudad de México,2024-01-01,130.258
09,Ciudad de México,2024-02-01,129.899
09,Ciudad de México,2024-03-01,130.311
09,Ciudad de México,2024-04-01,131.117
09,Ciudad de México,2024-05-01,131.301
09,Ciudad de México,2024-06-01,132.072
09,Ciudad de México,2024-07-01,133.35
09,Ciudad de México,2024-08-01,133.139
09,Ciudad de México,2024-09-01,133.143
09,Ciudad de México,2024-10-01,133.518
09,Ciudad de México,2024-11-01,133.511
09,Ciudad de México,2024-12-01,134.107
10,Durango,2004-01-01,53.01925741
10,Durango,2004-02-01,53.04604459
10,Durango,2004-03-01,53.45430096
10,Durango,2004-04-01,53.79459727
10,Durango,2004-05-01,54.03617789
10,Durango,2004-06-01,54.14134235
10,Durango,2004-07-01,54.31248263
10,Durango,2004-08-01,54.57638589
10,Durango,2004-09-01,54.99109103
10,Durango,2004-10-01,55.31402528
10,Durango,2004-11-01,55.63001472
10,Durango,2004-12-01,55.88201258
10,Durango,2005-01-01,55.81157223
10,Durango,2005-02-01,55.88548499
10,Durango,2005-03-01,56.38352799
10,Durango,2005-04-01,56.83494147
10,Durango,2005-05-01,57.08793145
10,Durango,2005-06-01,56.94853893
10,Durango,2005-07-01,57.12563191
10,Durango,2005-08-01,57.0656088
10,Durango,2005-09-01,57.24716631
10,Durango,2005-10-01,57.41483418
10,Durango,2005-11-01,57.35580318
10,Durango,2005-12-01,57.73677632
10,Durango,2006-01-01,57.95057765
10,Durango,2006-02-01,58.04631699
10,Durango,2006-03-01,58.09294651
10,Durango,2006-04-01,58.36329854
10,Durango,2006-05-01,58.51310829
10,Durango,2006-06-01,58.54733635
10,Durango,2006-07-01,58.6971461
10,Durango,2006-08-01,59.03793847
10,Durango,2006-09-01,59.36880967
10,Durango,2006-10-01,59.63370506
10,Durango,2006-11-01,59.79591627
10,Durango,2006-12-01,59.94820632
10,Durango,2007-01-01,60.44575326
10,Durango,2007-02-01,60.58117731
10,Durango,2007-03-01,60.69576688
10,Durango,2007-04-01,60.84607269
10,Durango,2007-05-01,60.99141791
10,Durango,2007-06-01,61.09162178
10,Durango,2007-07-01,61.4631698
10,Durango,2007-08-01,61.73997059
10,Durango,2007-09-01,62.27323377
10,Durango,2007-10-01,62.55896362
10,Durango,2007-11-01,62.84568559
10,Durango,2007-12-01,62.97168452
10,Durango,2008-01-01,63.37101183
10,Durango,2008-02-01,63.33380742
10,Durango,2008-03-01,63.79117361
10,Durango,2008-04-01,64.11906845
10,Durango,2008-05-01,64.35965696
10,Durango,2008-06-01,64.77882662
10,Durango,2008-07-01,65.20791746
10,Durango,2008-08-01,65.63006347
10,Durango,2008-09-01,66.11719318
10,Durango,2008-10-01,66.34736445
10,Durango,2008-11-01,66.86723404
10,Durango,2008-12-01,67.2695377
10,Durango,2009-01-01,67.37916669
10,Durango,2009-02-01,67.52004738
10,Durango,2009-03-01,67.67283348
10,Durango,2009-04-01,68.1659159
10,Durango,2009-05-01,68.32911924
10,Durango,2009-06-01,68.6580062
10,Durango,2009-07-01,68.909508
10,Durango,2009-08-01,69.20218267
10,Durango,2009-09-01,69.35844119
10,Durango,2009-10-01,69.44525147
10,Durango,2009-11-01,69.64268286
10,Durango,2009-12-01,69.70220991
10,Durango,2010-01-01,70.36196808
10,Durango,2010-02-01,70.6997841
10,Durango,2010-03-01,71.13036311
10,Durango,2010-04-01,71.36599103
10,Durango,2010-05-01,71.19088228
10,Durango,2010-06-01,71.19832316
10,Durango,2010-07-01,71.39575455
10,Durango,2010-08-01,71.60856377
10,Durango,2010-09-01,71.90322268
10,Durango,2010-10-01,72.1532363
10,Durango,2010-11-01,72.32685687
10,Durango,2010-12-01,72.52528037
10,Durango,2011-01-01,72.8893249
10,Durango,2011-02-01,73.51645956
10,Durango,2011-03-01,73.8420173
10,Durango,2011-04-01,73.88707216
10,Durango,2011-05-01,73.89579246
10,Durango,2011-06-01,74.06801831
10,Durango,2011-07-01,74.25332461
10,Durango,2011-08-01,74.42627716
10,Durango,2011-09-01,74.68643267
10,Durango,2011-10-01,74.91679384
10,Durango,2011-11-01,75.26051886
10,Durango,2011-12-01,75.80335731
10,Durango,2012-01-01,76.39270402
10,Durango,2012-02-01,76.95443645
10,Durango,2012-03-01,76.93408909
10,Durango,2012-04-01,76.99440448
10,Durango,2012-05-01,77.22331226
10,Durango,2012-06-01,77.59101809
10,Durango,2012-07-01,78.01540586
10,Durango,2012-08-01,78.46813458
10,Durango,2012-09-01,78.66216118
10,Durango,2012-10-01,78.84092726
10,Durango,2012-11-01,78.87362837
10,Durango,2012-12-01,79.03568055
10,Durango,2013-01-01,79.33362401
10,Durango,2013-02-01,79.74129787
10,Durango,2013-03-01,80.34227164
10,Durango,2013-04-01,80.6743696
10,Durango,2013-05-01,80.81825449
10,Durango,2013-06-01,80.82406802
10,Durango,2013-07-01,80.75139888
10,Durango,2013-08-01,81.05152242
10,Durango,2013-09-01,81.43521546
10,Durango,2013-10-01,81.39234067
10,Durango,2013-11-01,81.78548071
10,Durango,2013-12-01,82.03328246
10,Durango,2014-01-01,82.52016569
10,Durango,2014-02-01,82.87624446
10,Durango,2014-03-01,83.17055447
10,Durango,2014-04-01,83.34786716
10,Durango,2014-05-01,83.38783519
10,Durango,2014-06-01,83.48157837
10,Durango,2014-07-01,83.98154204
10,Durango,2014-08-01,84.06002471
10,Durango,2014-09-01,84.29038587
10,Durango,2014-10-01,84.72494731
10,Durango,2014-11-01,85.00981033
10,Durango,2014-12-01,85.22273091
10,Durango,2015-01-01,85.37606279
10,Durango,2015-02-01,85.47198605
10,Durango,2015-03-01,86.30768113
10,Durango,2015-04-01,86.72625536
10,Durango,2015-05-01,86.70881477
10,Durango,2015-06-01,86.56856333
10,Durango,2015-07-01,86.81854516
10,Durango,2015-08-01,87.127389
10,Durango,2015-09-01,87.42533246
10,Durango,2015-10-01,87.54523654
10,Durango,2015-11-01,87.56049706
10,Durango,2015-12-01,87.57285081
10,Durango,2016-01-01,88.03211976
10,Durango,2016-02-01,88.57132476
10,Durango,2016-03-01,88.61419955
10,Durango,2016-04-01,88.58585859
10,Durango,2016-05-01,88.44342708
10,Durango,2016-06-01,88.4579609
10,Durango,2016-07-01,88.94048398
10,Durango,2016-08-01,89.04149408
10,Durango,2016-09-01,89.22316692
10,Durango,2016-10-01,89.72676404
10,Durango,2016-11-01,89.73257757
10,Durango,2016-12-01,89.87718916
10,Durango,2017-01-01,91.73606569
10,Durango,2017-02-01,92.51144539
10,Durango,2017-03-01,93.2599375
10,Durango,2017-04-01,93.93939394
10,Durango,2017-05-01,94.40738318
10,Durango,2017-06-01,94.46261173
10,Durango,2017-07-01,94.91679384
10,Durango,2017-08-01,95.39786353
10,Durango,2017-09-01,95.78373665
10,Durango,2017-10-01,96.07150643
10,Durango,2017-11-01,96.58963738
10,Durango,2017-12-01,96.95080299
10,Durango,2018-01-01,97.68258121
10,Durango,2018-02-01,98.13094979
10,Durango,2018-03-01,98.50374246
10,Durango,2018-04-01,98.5342635
10,Durango,2018-05-01,98.75590437
10,Durango,2018-06-01,99.1577647
10,Durango,2018-07-01,99.89099629
10,Durango,2018-08-01,100.339
10,Durango,2018-09-01,100.844
10,Durango,2018-10-01,101.127
10,Durango,2018-11-01,101.641
10,Durango,2018-12-01,102.054
10,Durango,2019-01-01,102.636
10,Durango,2019-02-01,102.951
10,Durango,2019-03-01,103.197
10,Durango,2019-04-01,103.361
10,Durango,2019-05-01,103.47
10,Durango,2019-06-01,103.486
10,Durango,2019-07-01,103.908
10,Durango,2019-08-01,104.086
10,Durango,2019-09-01,104.578
10,Durango,2019-10-01,105.12
10,Durango,2019-11-01,105.38
10,Durango,2019-12-01,105.749
10,Durango,2020-01-01,106.323
10,Durango,2020-02-01,106.615
10,Durango,2020-03-01,106.615
10,Durango,2020-04-01,105.936
10,Durango,2020-05-01,106.66
10,Durango,2020-06-01,107.607
10,Durango,2020-07-01,108.467
10,Durango,2020-08-01,108.942
10,Durango,2020-09-01,109.287
10,Durango,2020-10-01,109.666
10,Durango,2020-11-01,109.172
10,Durango,2020-12-01,109.484
10,Durango,2021-01-01,110.309
10,Durango,2021-02-01,110.879
10,Durango,2021-03-01,112.101
10,Durango,2021-04-01,113.008
10,Durango,2021-05-01,113.666
10,Durango,2021-06-01,114.363
10,Durango,2021-07-01,115.375
10,Durango,2021-08-01,115.672
10,Durango,2021-09-01,116.396
10,Durango,2021-10-01,117.556
10,Durango,2021-11-01,118.52
10,Durango,2021-12-01,118.871
10,Durango,2022-01-01,119.384
10,Durango,2022-02-01,120.201
10,Durango,2022-03-01,121.492
10,Durango,2022-04-01,122.809
10,Durango,2022-05-01,123.965
10,Durango,2022-06-01,124.881
10,Durango,2022-07-01,125.844
10,Durango,2022-08-01,126.771
10,Durango,2022-09-01,128.229
10,Durango,2022-10-01,128.689
10,Durango,2022-11-01,128.963
10,Durango,2022-12-01,129.199
10,Durango,2023-01-01,129.704
10,Durango,2023-02-01,130.563
10,Durango,2023-03-01,130.718
10,Durango,2023-04-01,130.981
10,Durango,2023-05-01,131.464
10,Durango,2023-06-01,131.473
10,Durango,2023-07-01,131.868
10,Durango,2023-08-01,132.5
10,Durango,2023-09-01,133.822
10,Durango,2023-10-01,134.021
10,Durango,2023-11-01,134.858
10,Durango,2023-12-01,134.965
10,Durango,2024-01-01,135.508
10,Durango,2024-02-01,135.436
10,Durango,2024-03-01,135.298
10,Durango,2024-04-01,136.722
10,Durango,2024-05-01,137.407
10,Durango,2024-06-01,137.463
10,Durango,2024-07-01,138.778
10,Durango,2024-08-01,138.676
10,Durango,2024-09-01,139.212
10,Durango,2024-10-01,139.612
10,Durango,2024-11-01,140.029
10,Durango,2024-12-01,140.606
11,Guanajuato,2004-01-01,54.298667225
11,Guanajuato,2004-02-01,54.523897475
11,Guanajuato,2004-03-01,54.63615118
11,Guanajuato,2004-04-01,54.688936555
11,Guanajuato,2004-05-01,54.934945655
11,Guanajuato,2004-06-01,54.994789515
11,Guanajuato,2004-07-01,55.28779509
11,Guanajuato,2004-08-01,55.46420555
11,Guanajuato,2004-09-01,56.030546385
11,Guanajuato,2004-10-01,56.39548765
11,Guanajuato,2004-11-01,56.5832157
11,Guanajuato,2004-12-01,56.750534305
11,Guanajuato,2005-01-01,56.76977678
11,Guanajuato,2005-02-01,56.90777919
11,Guanajuato,2005-03-01,57.246482975
11,Guanajuato,2005-04-01,57.430140730000005
11,Guanajuato,2005-05-01,57.71369683499999
11,Guanajuato,2005-06-01,57.614720145
11,Guanajuato,2005-07-01,57.808732445000004
11,Guanajuato,2005-08-01,57.873252789999995
11,Guanajuato,2005-09-01,58.162500275
11,Guanajuato,2005-10-01,58.20747967
11,Guanajuato,2005-11-01,58.40323956
11,Guanajuato,2005-12-01,58.807560285
11,Guanajuato,2006-01-01,59.2409691
11,Guanajuato,2006-02-01,59.33702721
11,Guanajuato,2006-03-01,59.297423975
11,Guanajuato,2006-04-01,59.506239355000005
11,Guanajuato,2006-05-01,59.697366079999995
11,Guanajuato,2006-06-01,59.669762825
11,Guanajuato,2006-07-01,59.775972780000004
11,Guanajuato,2006-08-01,60.01443284
11,Guanajuato,2006-09-01,60.585193225
11,Guanajuato,2006-10-01,60.916534535
11,Guanajuato,2006-11-01,60.81548565
11,Guanajuato,2006-12-01,61.136392345
11,Guanajuato,2007-01-01,61.65409368
11,Guanajuato,2007-02-01,61.74749463
11,Guanajuato,2007-03-01,61.78836714
11,Guanajuato,2007-04-01,62.06697834
11,Guanajuato,2007-05-01,62.033913749999996
11,Guanajuato,2007-06-01,62.066521824999995
11,Guanajuato,2007-07-01,62.400034075
11,Guanajuato,2007-08-01,62.664489315
11,Guanajuato,2007-09-01,63.153269120000004
11,Guanajuato,2007-10-01,63.46266283
11,Guanajuato,2007-11-01,63.462350625
11,Guanajuato,2007-12-01,63.76730254
11,Guanajuato,2008-01-01,64.113418095
11,Guanajuato,2008-02-01,64.121856545
11,Guanajuato,2008-03-01,64.47765922
11,Guanajuato,2008-04-01,64.88310073
11,Guanajuato,2008-05-01,65.222664785
11,Guanajuato,2008-06-01,65.62335036
11,Guanajuato,2008-07-01,66.05979666
11,Guanajuato,2008-08-01,66.41854808
11,Guanajuato,2008-09-01,66.862289345
11,Guanajuato,2008-10-01,67.38314155500001
11,Guanajuato,2008-11-01,67.969037225
11,Guanajuato,2008-12-01,68.34541932
11,Guanajuato,2009-01-01,68.03831305
11,Guanajuato,2009-02-01,68.129181715
11,Guanajuato,2009-03-01,68.54460208
11,Guanajuato,2009-04-01,68.980465055
11,Guanajuato,2009-05-01,69.11481036500001
11,Guanajuato,2009-06-01,69.08383874
11,Guanajuato,2009-07-01,69.24106585999999
11,Guanajuato,2009-08-01,69.28147813
11,Guanajuato,2009-09-01,69.56100533
11,Guanajuato,2009-10-01,69.66595422
11,Guanajuato,2009-11-01,69.801303355
11,Guanajuato,2009-12-01,70.10308005
11,Guanajuato,2010-01-01,70.66267879
11,Guanajuato,2010-02-01,71.16980615
11,Guanajuato,2010-03-01,71.73313833
11,Guanajuato,2010-04-01,71.790594215
11,Guanajuato,2010-05-01,71.63300365
11,Guanajuato,2010-06-01,71.67368704500001
11,Guanajuato,2010-07-01,71.79564220500001
11,Guanajuato,2010-08-01,71.94394986500001
11,Guanajuato,2010-09-01,72.18022046
11,Guanajuato,2010-10-01,72.293654855
11,Guanajuato,2010-11-01,72.568781185
11,Guanajuato,2010-12-01,73.063962505
11,Guanajuato,2011-01-01,73.61957207
11,Guanajuato,2011-02-01,73.81319367500001
11,Guanajuato,2011-03-01,74.073058035
11,Guanajuato,2011-04-01,74.28866385
11,Guanajuato,2011-05-01,74.124638325
11,Guanajuato,2011-06-01,74.072583945
11,Guanajuato,2011-07-01,74.54616595499999
11,Guanajuato,2011-08-01,74.725913325
11,Guanajuato,2011-09-01,75.065802115
11,Guanajuato,2011-10-01,75.173611325
11,Guanajuato,2011-11-01,75.426839145
11,Guanajuato,2011-12-01,76.09037665
11,Guanajuato,2012-01-01,76.62020523999999
11,Guanajuato,2012-02-01,76.9233942
11,Guanajuato,2012-03-01,76.79727932
11,Guanajuato,2012-04-01,76.93974827
11,Guanajuato,2012-05-01,77.325391945
11,Guanajuato,2012-06-01,77.674517795
11,Guanajuato,2012-07-01,78.232953895
11,Guanajuato,2012-08-01,78.353088345
11,Guanajuato,2012-09-01,78.744387845
11,Guanajuato,2012-10-01,78.872279695
11,Guanajuato,2012-11-01,79.19515047499999
11,Guanajuato,2012-12-01,79.44381144
11,Guanajuato,2013-01-01,79.811981985
11,Guanajuato,2013-02-01,80.176163285
11,Guanajuato,2013-03-01,80.83267863500001
11,Guanajuato,2013-04-01,81.085093695
11,Guanajuato,2013-05-01,81.15370082999999
11,Guanajuato,2013-06-01,81.07150515500001
11,Guanajuato,2013-07-01,80.94164665
11,Guanajuato,2013-08-01,81.315663375
11,Guanajuato,2013-09-01,81.34859048
11,Guanajuato,2013-10-01,81.39012306999999
11,Guanajuato,2013-11-01,81.774131405
11,Guanajuato,2013-12-01,82.06179313499999
11,Guanajuato,2014-01-01,82.9520787
11,Guanajuato,2014-02-01,83.272621735
11,Guanajuato,2014-03-01,83.54094441500001
11,Guanajuato,2014-04-01,83.568092385
11,Guanajuato,2014-05-01,83.855504395
11,Guanajuato,2014-06-01,83.89851664
11,Guanajuato,2014-07-01,84.10067292
11,Guanajuato,2014-08-01,84.28013100000001
11,Guanajuato,2014-09-01,84.762217115
11,Guanajuato,2014-10-01,84.91373898500001
11,Guanajuato,2014-11-01,85.07542728
11,Guanajuato,2014-12-01,85.469306045
11,Guanajuato,2015-01-01,85.48091320500001
11,Guanajuato,2015-02-01,85.739157925
11,Guanajuato,2015-03-01,85.96065587499999
11,Guanajuato,2015-04-01,86.304853965
11,Guanajuato,2015-05-01,86.40164653
11,Guanajuato,2015-06-01,86.542603935
11,Guanajuato,2015-07-01,86.592925665
11,Guanajuato,2015-08-01,86.73069301000001
11,Guanajuato,2015-09-01,87.12597816499999
11,Guanajuato,2015-10-01,87.25942167
11,Guanajuato,2015-11-01,87.18470342500001
11,Guanajuato,2015-12-01,87.296916605
11,Guanajuato,2016-01-01,87.76085043500001
11,Guanajuato,2016-02-01,88.24555326000001
11,Guanajuato,2016-03-01,88.50988717
11,Guanajuato,2016-04-01,88.560503435
11,Guanajuato,2016-05-01,88.53403086
11,Guanajuato,2016-06-01,88.573244865
11,Guanajuato,2016-07-01,88.852616885
11,Guanajuato,2016-08-01,89.242389305
11,Guanajuato,2016-09-01,89.78477469500001
11,Guanajuato,2016-10-01,89.768791205
11,Guanajuato,2016-11-01,90.099094285
11,Guanajuato,2016-12-01,90.415092875
11,Guanajuato,2017-01-01,92.41851945
11,Guanajuato,2017-02-01,93.03251986000001
11,Guanajuato,2017-03-01,93.59389516
11,Guanajuato,2017-04-01,94.082534575
11,Guanajuato,2017-05-01,94.410744905
11,Guanajuato,2017-06-01,94.83748928
11,Guanajuato,2017-07-01,95.39257603499999
11,Guanajuato,2017-08-01,95.88533275
11,Guanajuato,2017-09-01,96.303236475
11,Guanajuato,2017-10-01,96.61196253
11,Guanajuato,2017-11-01,97.141142875
11,Guanajuato,2017-12-01,97.46515169
11,Guanajuato,2018-01-01,98.33070713000001
11,Guanajuato,2018-02-01,98.614050735
11,Guanajuato,2018-03-01,98.386915285
11,Guanajuato,2018-04-01,98.568494235
11,Guanajuato,2018-05-01,98.835672165
11,Guanajuato,2018-06-01,99.20775068500001
11,Guanajuato,2018-07-01,99.82316534
11,Guanajuato,2018-08-01,100.4775
11,Guanajuato,2018-09-01,100.923
11,Guanajuato,2018-10-01,101.2525
11,Guanajuato,2018-11-01,101.5155
11,Guanajuato,2018-12-01,102.42099999999999
11,Guanajuato,2019-01-01,102.63499999999999
11,Guanajuato,2019-02-01,102.61699999999999
11,Guanajuato,2019-03-01,102.855
11,Guanajuato,2019-04-01,102.987
11,Guanajuato,2019-05-01,102.9655
11,Guanajuato,2019-06-01,102.774
11,Guanajuato,2019-07-01,103.096
11,Guanajuato,2019-08-01,103.447
11,Guanajuato,2019-09-01,104.07249999999999
11,Guanajuato,2019-10-01,104.24600000000001
11,Guanajuato,2019-11-01,104.39699999999999
11,Guanajuato,2019-12-01,104.8
11,Guanajuato,2020-01-01,105.54249999999999
11,Guanajuato,2020-02-01,106.05099999999999
11,Guanajuato,2020-03-01,105.53
11,Guanajuato,2020-04-01,104.3185
11,Guanajuato,2020-05-01,104.937
11,Guanajuato,2020-06-01,105.97749999999999
11,Guanajuato,2020-07-01,106.547
11,Guanajuato,2020-08-01,107.1625
11,Guanajuato,2020-09-01,107.3005
11,Guanajuato,2020-10-01,107.387
11,Guanajuato,2020-11-01,107.219
11,Guanajuato,2020-12-01,107.595
11,Guanajuato,2021-01-01,108.4645
11,Guanajuato,2021-02-01,109.021
11,Guanajuato,2021-03-01,109.73249999999999
11,Guanajuato,2021-04-01,110.281
11,Guanajuato,2021-05-01,110.877
11,Guanajuato,2021-06-01,111.4575
11,Guanajuato,2021-07-01,112.2295
11,Guanajuato,2021-08-01,112.654
11,Guanajuato,2021-09-01,113.624
11,Guanajuato,2021-10-01,114.56450000000001
11,Guanajuato,2021-11-01,115.3115
11,Guanajuato,2021-12-01,115.7625
11,Guanajuato,2022-01-01,116.486
11,Guanajuato,2022-02-01,117.2265
11,Guanajuato,2022-03-01,118.056
11,Guanajuato,2022-04-01,118.94800000000001
11,Guanajuato,2022-05-01,119.944
11,Guanajuato,2022-06-01,120.69800000000001
11,Guanajuato,2022-07-01,121.9825
11,Guanajuato,2022-08-01,122.72049999999999
11,Guanajuato,2022-09-01,123.238
11,Guanajuato,2022-10-01,123.7835
11,Guanajuato,2022-11-01,124.17750000000001
11,Guanajuato,2022-12-01,124.65700000000001
11,Guanajuato,2023-01-01,125.2875
11,Guanajuato,2023-02-01,125.87049999999999
11,Guanajuato,2023-03-01,126.31700000000001
11,Guanajuato,2023-04-01,126.3185
11,Guanajuato,2023-05-01,126.73400000000001
11,Guanajuato,2023-06-01,127.062
11,Guanajuato,2023-07-01,127.719
11,Guanajuato,2023-08-01,128.449
11,Guanajuato,2023-09-01,129.1045
11,Guanajuato,2023-10-01,129.3365
11,Guanajuato,2023-11-01,129.6155
11,Guanajuato,2023-12-01,130.38400000000001
11,Guanajuato,2024-01-01,131.32049999999998
11,Guanajuato,2024-02-01,131.6265
11,Guanajuato,2024-03-01,132.3505
11,Guanajuato,2024-04-01,132.369
11,Guanajuato,2024-05-01,132.678
11,Guanajuato,2024-06-01,132.848
11,Guanajuato,2024-07-01,134.2525
11,Guanajuato,2024-08-01,134.26850000000002
11,Guanajuato,2024-09-01,134.559
11,Guanajuato,2024-10-01,134.916
11,Guanajuato,2024-11-01,135.3485
11,Guanajuato,2024-12-01,135.734
12,Guerrero,2004-01-01,55.65787125
12,Guerrero,2004-02-01,55.993999099999996
12,Guerrero,2004-03-01,56.360280965
12,Guerrero,2004-04-01,56.261036700000005
12,Guerrero,2004-05-01,56.430452735
12,Guerrero,2004-06-01,56.519826655
12,Guerrero,2004-07-01,56.495921519999996
12,Guerrero,2004-08-01,56.83243091
12,Guerrero,2004-09-01,57.2720427
12,Guerrero,2004-10-01,57.853533445
12,Guerrero,2004-11-01,58.18530145
12,Guerrero,2004-12-01,58.309144795
12,Guerrero,2005-01-01,58.19054351
12,Guerrero,2005-02-01,58.342094079999995
12,Guerrero,2005-03-01,58.750583495
12,Guerrero,2005-04-01,58.79626879
12,Guerrero,2005-05-01,59.09650052
12,Guerrero,2005-06-01,59.03597076
12,Guerrero,2005-07-01,59.27429702
12,Guerrero,2005-08-01,59.2916437
12,Guerrero,2005-09-01,59.431381134999995
12,Guerrero,2005-10-01,59.803564345
12,Guerrero,2005-11-01,59.79659579
12,Guerrero,2005-12-01,60.20913712
12,Guerrero,2006-01-01,60.52771905
12,Guerrero,2006-02-01,60.575974015
12,Guerrero,2006-03-01,60.773591865
12,Guerrero,2006-04-01,60.43884577
12,Guerrero,2006-05-01,60.662820495
12,Guerrero,2006-06-01,60.663041725
12,Guerrero,2006-07-01,60.78994387
12,Guerrero,2006-08-01,61.188941745
12,Guerrero,2006-09-01,61.830097095
12,Guerrero,2006-10-01,62.423256574999996
12,Guerrero,2006-11-01,62.386905325
12,Guerrero,2006-12-01,62.706480865
12,Guerrero,2007-01-01,62.87659902
12,Guerrero,2007-02-01,62.938513265
12,Guerrero,2007-03-01,63.078323170000004
12,Guerrero,2007-04-01,62.88799992
12,Guerrero,2007-05-01,63.129360289999994
12,Guerrero,2007-06-01,63.257092994999994
12,Guerrero,2007-07-01,63.56682398
12,Guerrero,2007-08-01,63.79878392
12,Guerrero,2007-09-01,64.20912831
12,Guerrero,2007-10-01,64.637633425
12,Guerrero,2007-11-01,64.968152525
12,Guerrero,2007-12-01,65.252030085
12,Guerrero,2008-01-01,65.33818053
12,Guerrero,2008-02-01,65.42926829
12,Guerrero,2008-03-01,65.84692267
12,Guerrero,2008-04-01,65.883842695
12,Guerrero,2008-05-01,66.176743555
12,Guerrero,2008-06-01,66.37723855499999
12,Guerrero,2008-07-01,66.53336365999999
12,Guerrero,2008-08-01,66.984500955
12,Guerrero,2008-09-01,67.35580312
12,Guerrero,2008-10-01,67.89458671
12,Guerrero,2008-11-01,68.546076245
12,Guerrero,2008-12-01,69.33808003499999
12,Guerrero,2009-01-01,69.125395885
12,Guerrero,2009-02-01,68.87570499
12,Guerrero,2009-03-01,69.225929685
12,Guerrero,2009-04-01,69.64405614500001
12,Guerrero,2009-05-01,69.87410953
12,Guerrero,2009-06-01,70.06742686
12,Guerrero,2009-07-01,70.24216068999999
12,Guerrero,2009-08-01,70.63525335
12,Guerrero,2009-09-01,70.972686125
12,Guerrero,2009-10-01,71.20565832
12,Guerrero,2009-11-01,71.153058325
12,Guerrero,2009-12-01,71.38754129
12,Guerrero,2010-01-01,72.12387197999999
12,Guerrero,2010-02-01,72.39540171
12,Guerrero,2010-03-01,72.946563325
12,Guerrero,2010-04-01,72.3449718
12,Guerrero,2010-05-01,72.32419135500001
12,Guerrero,2010-06-01,72.23233061
12,Guerrero,2010-07-01,72.46254264000001
12,Guerrero,2010-08-01,72.72828796
12,Guerrero,2010-09-01,73.022817065
12,Guerrero,2010-10-01,73.712386505
12,Guerrero,2010-11-01,73.921636935
12,Guerrero,2010-12-01,74.126006555
12,Guerrero,2011-01-01,74.260028635
12,Guerrero,2011-02-01,74.77995141
12,Guerrero,2011-03-01,75.01319146
12,Guerrero,2011-04-01,74.59043658
12,Guerrero,2011-05-01,74.54995481
12,Guerrero,2011-06-01,74.586489975
12,Guerrero,2011-07-01,75.22948062
12,Guerrero,2011-08-01,75.59402127999999
12,Guerrero,2011-09-01,75.655643625
12,Guerrero,2011-10-01,76.396225095
12,Guerrero,2011-11-01,76.65680465
12,Guerrero,2011-12-01,77.32753467500001
12,Guerrero,2012-01-01,78.393958185
12,Guerrero,2012-02-01,78.585504695
12,Guerrero,2012-03-01,78.569191465
12,Guerrero,2012-04-01,78.102131345
12,Guerrero,2012-05-01,78.547832375
12,Guerrero,2012-06-01,78.768599955
12,Guerrero,2012-07-01,79.16611509500001
12,Guerrero,2012-08-01,79.66686105
12,Guerrero,2012-09-01,80.323120585
12,Guerrero,2012-10-01,80.893462615
12,Guerrero,2012-11-01,81.1965438
12,Guerrero,2012-12-01,81.27014016999999
12,Guerrero,2013-01-01,81.244825075
12,Guerrero,2013-02-01,81.73191227
12,Guerrero,2013-03-01,82.228971825
12,Guerrero,2013-04-01,82.33892655
12,Guerrero,2013-05-01,82.35571184
12,Guerrero,2013-06-01,81.873136875
12,Guerrero,2013-07-01,81.524236915
12,Guerrero,2013-08-01,81.87288530000001
12,Guerrero,2013-09-01,82.2763061
12,Guerrero,2013-10-01,82.66840493500001
12,Guerrero,2013-11-01,83.18413332
12,Guerrero,2013-12-01,83.55308582
12,Guerrero,2014-01-01,84.092039385
12,Guerrero,2014-02-01,84.0092613
12,Guerrero,2014-03-01,84.32945486
12,Guerrero,2014-04-01,84.035850485
12,Guerrero,2014-05-01,84.32167416
12,Guerrero,2014-06-01,84.296061845
12,Guerrero,2014-07-01,84.61998729
12,Guerrero,2014-08-01,85.09874439000001
12,Guerrero,2014-09-01,85.373189085
12,Guerrero,2014-10-01,85.98410175000001
12,Guerrero,2014-11-01,86.289827705
12,Guerrero,2014-12-01,86.91041566999999
12,Guerrero,2015-01-01,86.86606963
12,Guerrero,2015-02-01,87.20404947
12,Guerrero,2015-03-01,87.80894108000001
12,Guerrero,2015-04-01,87.522560115
12,Guerrero,2015-05-01,87.38840379999999
12,Guerrero,2015-06-01,87.419302925
12,Guerrero,2015-07-01,87.328495455
12,Guerrero,2015-08-01,87.642385145
12,Guerrero,2015-09-01,87.914421325
12,Guerrero,2015-10-01,88.47183384499999
12,Guerrero,2015-11-01,88.586851405
12,Guerrero,2015-12-01,89.119126545
12,Guerrero,2016-01-01,89.62052136
12,Guerrero,2016-02-01,89.80541008
12,Guerrero,2016-03-01,89.97223274500001
12,Guerrero,2016-04-01,89.55422211
12,Guerrero,2016-05-01,89.58126455
12,Guerrero,2016-06-01,89.57666330500001
12,Guerrero,2016-07-01,89.524374765
12,Guerrero,2016-08-01,89.65974481500001
12,Guerrero,2016-09-01,90.444474585
12,Guerrero,2016-10-01,91.26046787499999
12,Guerrero,2016-11-01,91.657274555
12,Guerrero,2016-12-01,92.180414385
12,Guerrero,2017-01-01,93.22972809000001
12,Guerrero,2017-02-01,93.479777995
12,Guerrero,2017-03-01,94.42781433
12,Guerrero,2017-04-01,94.38275482
12,Guerrero,2017-05-01,94.734416005
12,Guerrero,2017-06-01,94.70056352
12,Guerrero,2017-07-01,95.03680736999999
12,Guerrero,2017-08-01,95.608432135
12,Guerrero,2017-09-01,95.78372213
12,Guerrero,2017-10-01,96.593603375
12,Guerrero,2017-11-01,97.423802995
12,Guerrero,2017-12-01,97.80036393
12,Guerrero,2018-01-01,98.114024645
12,Guerrero,2018-02-01,98.291815805
12,Guerrero,2018-03-01,98.746056955
12,Guerrero,2018-04-01,98.4514519
12,Guerrero,2018-05-01,98.90164257
12,Guerrero,2018-06-01,99.08403012
12,Guerrero,2018-07-01,99.80952239999999
12,Guerrero,2018-08-01,100.58
12,Guerrero,2018-09-01,101.05000000000001
12,Guerrero,2018-10-01,101.674
12,Guerrero,2018-11-01,102.037
12,Guerrero,2018-12-01,102.7305
12,Guerrero,2019-01-01,103.8005
12,Guerrero,2019-02-01,103.2995
12,Guerrero,2019-03-01,103.271
12,Guerrero,2019-04-01,103.29249999999999
12,Guerrero,2019-05-01,103.614
12,Guerrero,2019-06-01,103.62100000000001
12,Guerrero,2019-07-01,104.2265
12,Guerrero,2019-08-01,103.90950000000001
12,Guerrero,2019-09-01,103.9765
12,Guerrero,2019-10-01,104.577
12,Guerrero,2019-11-01,104.9815
12,Guerrero,2019-12-01,105.3985
12,Guerrero,2020-01-01,106.3765
12,Guerrero,2020-02-01,106.9085
12,Guerrero,2020-03-01,106.981
12,Guerrero,2020-04-01,106.82650000000001
12,Guerrero,2020-05-01,107.9795
12,Guerrero,2020-06-01,108.1745
12,Guerrero,2020-07-01,108.545
12,Guerrero,2020-08-01,108.782
12,Guerrero,2020-09-01,108.946
12,Guerrero,2020-10-01,109.9205
12,Guerrero,2020-11-01,109.77799999999999
12,Guerrero,2020-12-01,109.985
12,Guerrero,2021-01-01,110.75200000000001
12,Guerrero,2021-02-01,111.71000000000001
12,Guerrero,2021-03-01,112.5395
12,Guerrero,2021-04-01,113.5745
12,Guerrero,2021-05-01,114.20150000000001
12,Guerrero,2021-06-01,114.5265
12,Guerrero,2021-07-01,115.6015
12,Guerrero,2021-08-01,116.27
12,Guerrero,2021-09-01,116.695
12,Guerrero,2021-10-01,117.7245
12,Guerrero,2021-11-01,118.9855
12,Guerrero,2021-12-01,119.159
12,Guerrero,2022-01-01,119.93
12,Guerrero,2022-02-01,120.4805
12,Guerrero,2022-03-01,121.854
12,Guerrero,2022-04-01,122.267
12,Guerrero,2022-05-01,123.019
12,Guerrero,2022-06-01,124.117
12,Guerrero,2022-07-01,124.97749999999999
12,Guerrero,2022-08-01,125.9225
12,Guerrero,2022-09-01,126.8485
12,Guerrero,2022-10-01,127.009
12,Guerrero,2022-11-01,127.7065
12,Guerrero,2022-12-01,128.5595
12,Guerrero,2023-01-01,129.9075
12,Guerrero,2023-02-01,130.2845
12,Guerrero,2023-03-01,131.1125
12,Guerrero,2023-04-01,130.9735
12,Guerrero,2023-05-01,130.9235
12,Guerrero,2023-06-01,130.98649999999998
12,Guerrero,2023-07-01,131.5215
12,Guerrero,2023-08-01,131.8915
12,Guerrero,2023-09-01,132.3355
12,Guerrero,2023-10-01,132.72899999999998
12,Guerrero,2023-11-01,131.41500000000002
12,Guerrero,2023-12-01,132.40449999999998
12,Guerrero,2024-01-01,134.69650000000001
12,Guerrero,2024-02-01,134.04500000000002
12,Guerrero,2024-03-01,134.224
12,Guerrero,2024-04-01,134.60750000000002
12,Guerrero,2024-05-01,135.55849999999998
12,Guerrero,2024-06-01,135.96499999999997
12,Guerrero,2024-07-01,138.359
12,Guerrero,2024-08-01,138.3175
12,Guerrero,2024-09-01,137.889
12,Guerrero,2024-10-01,138.9425
12,Guerrero,2024-11-01,139.53300000000002
12,Guerrero,2024-12-01,139.756
13,Hidalgo,2004-01-01,49.89222801
13,Hidalgo,2004-02-01,50.1728429
13,Hidalgo,2004-03-01,50.28453952
13,Hidalgo,2004-04-01,50.33672565
13,Hidalgo,2004-05-01,50.47039539
13,Hidalgo,2004-06-01,50.79312539
13,Hidalgo,2004-07-01,50.96982579
13,Hidalgo,2004-08-01,51.46879843
13,Hidalgo,2004-09-01,52.15728911
13,Hidalgo,2004-10-01,52.50428109
13,Hidalgo,2004-11-01,52.66312834
13,Hidalgo,2004-12-01,52.83479324
13,Hidalgo,2005-01-01,52.90620584
13,Hidalgo,2005-02-01,53.28753079
13,Hidalgo,2005-03-01,53.44363141
13,Hidalgo,2005-04-01,53.85013389
13,Hidalgo,2005-05-01,54.32576009
13,Hidalgo,2005-06-01,54.13990423
13,Hidalgo,2005-07-01,54.75652454
13,Hidalgo,2005-08-01,54.74553799
13,Hidalgo,2005-09-01,54.69426741
13,Hidalgo,2005-10-01,54.64208128
13,Hidalgo,2005-11-01,55.00646863
13,Hidalgo,2005-12-01,55.36261607
13,Hidalgo,2006-01-01,55.79338052
13,Hidalgo,2006-02-01,55.99022294
13,Hidalgo,2006-03-01,55.9705387
13,Hidalgo,2006-04-01,56.00120949
13,Hidalgo,2006-05-01,56.52078192
13,Hidalgo,2006-06-01,56.57159473
13,Hidalgo,2006-07-01,56.65811383
13,Hidalgo,2006-08-01,56.954293
13,Hidalgo,2006-09-01,57.62264167
13,Hidalgo,2006-10-01,57.82131518
13,Hidalgo,2006-11-01,58.06210381
13,Hidalgo,2006-12-01,58.62150249
13,Hidalgo,2007-01-01,59.24636271
13,Hidalgo,2007-02-01,59.43588076
13,Hidalgo,2007-03-01,59.59747465
13,Hidalgo,2007-04-01,59.36629926
13,Hidalgo,2007-05-01,59.46380492
13,Hidalgo,2007-06-01,59.65561183
13,Hidalgo,2007-07-01,59.83231223
13,Hidalgo,2007-08-01,60.35600461
13,Hidalgo,2007-09-01,60.84490624
13,Hidalgo,2007-10-01,61.01107786
13,Hidalgo,2007-11-01,61.27979065
13,Hidalgo,2007-12-01,61.54941898
13,Hidalgo,2008-01-01,61.92387734
13,Hidalgo,2008-02-01,62.14818614
13,Hidalgo,2008-03-01,62.73779784
13,Hidalgo,2008-04-01,63.34617824
13,Hidalgo,2008-05-01,63.32557845
13,Hidalgo,2008-06-01,63.52104755
13,Hidalgo,2008-07-01,63.85567965
13,Hidalgo,2008-08-01,64.09692606
13,Hidalgo,2008-09-01,64.23517352
13,Hidalgo,2008-10-01,64.587201
13,Hidalgo,2008-11-01,65.17955934
13,Hidalgo,2008-12-01,65.78427755
13,Hidalgo,2009-01-01,66.49336802
13,Hidalgo,2009-02-01,66.56981612
13,Hidalgo,2009-03-01,67.32697276
13,Hidalgo,2009-04-01,67.92848657
13,Hidalgo,2009-05-01,67.96877059
13,Hidalgo,2009-06-01,67.99211702
13,Hidalgo,2009-07-01,67.89369581
13,Hidalgo,2009-08-01,67.94405085
13,Hidalgo,2009-09-01,68.58355981
13,Hidalgo,2009-10-01,68.48330751
13,Hidalgo,2009-11-01,68.34277118
13,Hidalgo,2009-12-01,68.44165017
13,Hidalgo,2010-01-01,69.70739268
13,Hidalgo,2010-02-01,70.26175585
13,Hidalgo,2010-03-01,70.64994741
13,Hidalgo,2010-04-01,70.42380751
13,Hidalgo,2010-05-01,69.9907542
13,Hidalgo,2010-06-01,69.83419581
13,Hidalgo,2010-07-01,70.06537121
13,Hidalgo,2010-08-01,70.59181023
13,Hidalgo,2010-09-01,70.65223627
13,Hidalgo,2010-10-01,70.88753162
13,Hidalgo,2010-11-01,71.27343431
13,Hidalgo,2010-12-01,71.56091579
13,Hidalgo,2011-01-01,71.63279206
13,Hidalgo,2011-02-01,72.09592429
13,Hidalgo,2011-03-01,72.24074273
13,Hidalgo,2011-04-01,72.7985088
13,Hidalgo,2011-05-01,72.74617342
13,Hidalgo,2011-06-01,72.62501344
13,Hidalgo,2011-07-01,73.12112414
13,Hidalgo,2011-08-01,73.28386565
13,Hidalgo,2011-09-01,73.2229272
13,Hidalgo,2011-10-01,73.36559487
13,Hidalgo,2011-11-01,73.78929634
13,Hidalgo,2011-12-01,74.64243467
13,Hidalgo,2012-01-01,75.88916371
13,Hidalgo,2012-02-01,75.93146216
13,Hidalgo,2012-03-01,75.71423451
13,Hidalgo,2012-04-01,75.69057605
13,Hidalgo,2012-05-01,76.10639137
13,Hidalgo,2012-06-01,76.72509589
13,Hidalgo,2012-07-01,77.20256658
13,Hidalgo,2012-08-01,76.95236047
13,Hidalgo,2012-09-01,77.65136036
13,Hidalgo,2012-10-01,77.98257877
13,Hidalgo,2012-11-01,77.88149263
13,Hidalgo,2012-12-01,78.24425565
13,Hidalgo,2013-01-01,78.64286482
13,Hidalgo,2013-02-01,78.82066172
13,Hidalgo,2013-03-01,80.00932
13,Hidalgo,2013-04-01,80.53123992
13,Hidalgo,2013-05-01,80.39215686
13,Hidalgo,2013-06-01,79.97060616
13,Hidalgo,2013-07-01,79.87382156
13,Hidalgo,2013-08-01,80.23443381
13,Hidalgo,2013-09-01,80.2308492
13,Hidalgo,2013-10-01,80.20934151
13,Hidalgo,2013-11-01,80.91909524
13,Hidalgo,2013-12-01,81.32845826
13,Hidalgo,2014-01-01,82.00451661
13,Hidalgo,2014-02-01,82.20167043
13,Hidalgo,2014-03-01,82.5816396
13,Hidalgo,2014-04-01,82.43897193
13,Hidalgo,2014-05-01,82.78954726
13,Hidalgo,2014-06-01,83.14514105
13,Hidalgo,2014-07-01,83.32723949
13,Hidalgo,2014-08-01,83.84127326
13,Hidalgo,2014-09-01,84.00759938
13,Hidalgo,2014-10-01,84.32878087
13,Hidalgo,2014-11-01,84.48005162
13,Hidalgo,2014-12-01,85.06147614
13,Hidalgo,2015-01-01,85.53392838
13,Hidalgo,2015-02-01,85.50310069
13,Hidalgo,2015-03-01,85.73610066
13,Hidalgo,2015-04-01,85.88378679
13,Hidalgo,2015-05-01,85.75402373
13,Hidalgo,2015-06-01,85.92680217
13,Hidalgo,2015-07-01,85.88306986
13,Hidalgo,2015-08-01,86.20711905
13,Hidalgo,2015-09-01,86.79356203
13,Hidalgo,2015-10-01,87.16851274
13,Hidalgo,2015-11-01,86.79499588
13,Hidalgo,2015-12-01,87.12908198
13,Hidalgo,2016-01-01,87.36136502
13,Hidalgo,2016-02-01,88.21880489
13,Hidalgo,2016-03-01,88.35502025
13,Hidalgo,2016-04-01,88.43890024
13,Hidalgo,2016-05-01,88.58156791
13,Hidalgo,2016-06-01,88.48048177
13,Hidalgo,2016-07-01,88.66903251
13,Hidalgo,2016-08-01,88.65899559
13,Hidalgo,2016-09-01,89.23110012
13,Hidalgo,2016-10-01,89.62540775
13,Hidalgo,2016-11-01,89.89210309
13,Hidalgo,2016-12-01,90.1889092
13,Hidalgo,2017-01-01,91.31734595
13,Hidalgo,2017-02-01,92.005592
13,Hidalgo,2017-03-01,92.78058573
13,Hidalgo,2017-04-01,93.38710256
13,Hidalgo,2017-05-01,93.77997634
13,Hidalgo,2017-06-01,93.76850557
13,Hidalgo,2017-07-01,94.00365631
13,Hidalgo,2017-08-01,94.91629924
13,Hidalgo,2017-09-01,95.51851454
13,Hidalgo,2017-10-01,96.06552676
13,Hidalgo,2017-11-01,96.55948668
13,Hidalgo,2017-12-01,96.9315697
13,Hidalgo,2018-01-01,98.53389253
13,Hidalgo,2018-02-01,98.98483708
13,Hidalgo,2018-03-01,98.86582787
13,Hidalgo,2018-04-01,98.63641252
13,Hidalgo,2018-05-01,98.97551708
13,Hidalgo,2018-06-01,99.29526472
13,Hidalgo,2018-07-01,99.897838475
13,Hidalgo,2018-08-01,100.31649999999999
13,Hidalgo,2018-09-01,100.6285
13,Hidalgo,2018-10-01,100.946
13,Hidalgo,2018-11-01,101.7375
13,Hidalgo,2018-12-01,102.4415
13,Hidalgo,2019-01-01,102.6615
13,Hidalgo,2019-02-01,102.5895
13,Hidalgo,2019-03-01,102.9345
13,Hidalgo,2019-04-01,103.32
13,Hidalgo,2019-05-01,103.405
13,Hidalgo,2019-06-01,103.58
13,Hidalgo,2019-07-01,103.5245
13,Hidalgo,2019-08-01,103.0195
13,Hidalgo,2019-09-01,103.3785
13,Hidalgo,2019-10-01,103.771
13,Hidalgo,2019-11-01,104.142
13,Hidalgo,2019-12-01,104.5515
13,Hidalgo,2020-01-01,105.2585
13,Hidalgo,2020-02-01,106.1325
13,Hidalgo,2020-03-01,106.0145
13,Hidalgo,2020-04-01,105.2765
13,Hidalgo,2020-05-01,105.797
13,Hidalgo,2020-06-01,106.85
13,Hidalgo,2020-07-01,107.6935
13,Hidalgo,2020-08-01,107.8745
13,Hidalgo,2020-09-01,108.2995
13,Hidalgo,2020-10-01,108.501
13,Hidalgo,2020-11-01,107.9565
13,Hidalgo,2020-12-01,108.3215
13,Hidalgo,2021-01-01,109.511
13,Hidalgo,2021-02-01,110.1845
13,Hidalgo,2021-03-01,111.17500000000001
13,Hidalgo,2021-04-01,111.5335
13,Hidalgo,2021-05-01,112.107
13,Hidalgo,2021-06-01,112.8225
13,Hidalgo,2021-07-01,113.4865
13,Hidalgo,2021-08-01,113.8215
13,Hidalgo,2021-09-01,114.4225
13,Hidalgo,2021-10-01,114.8445
13,Hidalgo,2021-11-01,116.48849999999999
13,Hidalgo,2021-12-01,116.029
13,Hidalgo,2022-01-01,117.066
13,Hidalgo,2022-02-01,118.80799999999999
13,Hidalgo,2022-03-01,120.293
13,Hidalgo,2022-04-01,121.328
13,Hidalgo,2022-05-01,122.0515
13,Hidalgo,2022-06-01,122.9075
13,Hidalgo,2022-07-01,123.516
13,Hidalgo,2022-08-01,124.483
13,Hidalgo,2022-09-01,125.2925
13,Hidalgo,2022-10-01,125.293
13,Hidalgo,2022-11-01,125.53
13,Hidalgo,2022-12-01,125.9305
13,Hidalgo,2023-01-01,126.878
13,Hidalgo,2023-02-01,127.785
13,Hidalgo,2023-03-01,127.90899999999999
13,Hidalgo,2023-04-01,128.07049999999998
13,Hidalgo,2023-05-01,128.397
13,Hidalgo,2023-06-01,128.28300000000002
13,Hidalgo,2023-07-01,128.98700000000002
13,Hidalgo,2023-08-01,129.978
13,Hidalgo,2023-09-01,130.225
13,Hidalgo,2023-10-01,129.994
13,Hidalgo,2023-11-01,130.148
13,Hidalgo,2023-12-01,131.6475
13,Hidalgo,2024-01-01,132.6325
13,Hidalgo,2024-02-01,132.7505
13,Hidalgo,2024-03-01,132.991
13,Hidalgo,2024-04-01,134.079
13,Hidalgo,2024-05-01,134.35
13,Hidalgo,2024-06-01,135.07999999999998
13,Hidalgo,2024-07-01,136.392
13,Hidalgo,2024-08-01,136.21749999999997
13,Hidalgo,2024-09-01,135.83100000000002
13,Hidalgo,2024-10-01,136.4115
13,Hidalgo,2024-11-01,136.635
13,Hidalgo,2024-12-01,136.798
14,Jalisco,2004-01-01,53.310955405
14,Jalisco,2004-02-01,53.60790377
14,Jalisco,2004-03-01,53.814524905
14,Jalisco,2004-04-01,54.168374740000004
14,Jalisco,2004-05-01,54.260794505
14,Jalisco,2004-06-01,54.48946542
14,Jalisco,2004-07-01,54.67062747
14,Jalisco,2004-08-01,55.066991134999995
14,Jalisco,2004-09-01,55.457495315
14,Jalisco,2004-10-01,55.90439758
14,Jalisco,2004-11-01,56.18143085
14,Jalisco,2004-12-01,56.159397405
14,Jalisco,2005-01-01,56.01238562499999
14,Jalisco,2005-02-01,56.222226524999996
14,Jalisco,2005-03-01,56.57783442
14,Jalisco,2005-04-01,57.026318204999995
14,Jalisco,2005-05-01,57.308321570000004
14,Jalisco,2005-06-01,57.299307055
14,Jalisco,2005-07-01,57.604633164999996
14,Jalisco,2005-08-01,57.597426285
14,Jalisco,2005-09-01,57.727873009999996
14,Jalisco,2005-10-01,57.72683653
14,Jalisco,2005-11-01,57.760569385
14,Jalisco,2005-12-01,58.113307335
14,Jalisco,2006-01-01,58.405355244999996
14,Jalisco,2006-02-01,58.468859675000004
14,Jalisco,2006-03-01,58.50347919
14,Jalisco,2006-04-01,58.627951415
14,Jalisco,2006-05-01,58.787423880000006
14,Jalisco,2006-06-01,58.817174035
14,Jalisco,2006-07-01,58.934325735
14,Jalisco,2006-08-01,59.224317305
14,Jalisco,2006-09-01,59.921792095
14,Jalisco,2006-10-01,60.031006745
14,Jalisco,2006-11-01,59.841693555000006
14,Jalisco,2006-12-01,60.233504825
14,Jalisco,2007-01-01,60.730153224999995
14,Jalisco,2007-02-01,60.98195792999999
14,Jalisco,2007-03-01,61.206187745
14,Jalisco,2007-04-01,61.310873675
14,Jalisco,2007-05-01,61.26739818
14,Jalisco,2007-06-01,61.22247045500001
14,Jalisco,2007-07-01,61.489183295000004
14,Jalisco,2007-08-01,61.815625775
14,Jalisco,2007-09-01,62.283628475
14,Jalisco,2007-10-01,62.41751257
14,Jalisco,2007-11-01,62.60962587
14,Jalisco,2007-12-01,62.796521344999995
14,Jalisco,2008-01-01,63.064242985
14,Jalisco,2008-02-01,63.219022435
14,Jalisco,2008-03-01,63.781915905000005
14,Jalisco,2008-04-01,64.09308791000001
14,Jalisco,2008-05-01,64.24495154499999
14,Jalisco,2008-06-01,64.620499665
14,Jalisco,2008-07-01,64.99787987
14,Jalisco,2008-08-01,65.19544562
14,Jalisco,2008-09-01,65.46836366
14,Jalisco,2008-10-01,65.837495915
14,Jalisco,2008-11-01,66.037199655
14,Jalisco,2008-12-01,66.45969243
14,Jalisco,2009-01-01,66.43574367
14,Jalisco,2009-02-01,66.582117505
14,Jalisco,2009-03-01,66.81583988
14,Jalisco,2009-04-01,67.26097734999999
14,Jalisco,2009-05-01,67.30524658499999
14,Jalisco,2009-06-01,67.301800215
14,Jalisco,2009-07-01,67.69604211000001
14,Jalisco,2009-08-01,67.96715594
14,Jalisco,2009-09-01,68.33659607
14,Jalisco,2009-10-01,68.55176179
14,Jalisco,2009-11-01,68.547754435
14,Jalisco,2009-12-01,68.79403863
14,Jalisco,2010-01-01,69.926967915
14,Jalisco,2010-02-01,70.361352085
14,Jalisco,2010-03-01,70.747956785
14,Jalisco,2010-04-01,70.631519115
14,Jalisco,2010-05-01,70.36196676
14,Jalisco,2010-06-01,70.347036035
14,Jalisco,2010-07-01,70.60377484
14,Jalisco,2010-08-01,70.81879787
14,Jalisco,2010-09-01,71.03941926
14,Jalisco,2010-10-01,71.308580715
14,Jalisco,2010-11-01,71.750090195
14,Jalisco,2010-12-01,72.151142095
14,Jalisco,2011-01-01,72.480134325
14,Jalisco,2011-02-01,72.641461605
14,Jalisco,2011-03-01,72.86456995
14,Jalisco,2011-04-01,73.20372651
14,Jalisco,2011-05-01,72.9828277
14,Jalisco,2011-06-01,72.997579685
14,Jalisco,2011-07-01,73.4129211
14,Jalisco,2011-08-01,73.50198557
14,Jalisco,2011-09-01,73.58515826
14,Jalisco,2011-10-01,73.885014445
14,Jalisco,2011-11-01,74.10755399
14,Jalisco,2011-12-01,74.68959508
14,Jalisco,2012-01-01,75.165907515
14,Jalisco,2012-02-01,75.337976095
14,Jalisco,2012-03-01,75.481406835
14,Jalisco,2012-04-01,75.632216035
14,Jalisco,2012-05-01,75.920631325
14,Jalisco,2012-06-01,76.432510135
14,Jalisco,2012-07-01,76.979728335
14,Jalisco,2012-08-01,77.15099036
14,Jalisco,2012-09-01,77.59485452
14,Jalisco,2012-10-01,77.76571632
14,Jalisco,2012-11-01,77.7783483
14,Jalisco,2012-12-01,78.02187835999999
14,Jalisco,2013-01-01,78.614118975
14,Jalisco,2013-02-01,79.014695035
14,Jalisco,2013-03-01,79.48124451
14,Jalisco,2013-04-01,79.72292254499999
14,Jalisco,2013-05-01,79.95559359500001
14,Jalisco,2013-06-01,79.87962585
14,Jalisco,2013-07-01,79.776258445
14,Jalisco,2013-08-01,80.10877159500001
14,Jalisco,2013-09-01,80.574442135
14,Jalisco,2013-10-01,81.00016996
14,Jalisco,2013-11-01,81.15044524
14,Jalisco,2013-12-01,81.37072498
14,Jalisco,2014-01-01,82.07153303999999
14,Jalisco,2014-02-01,82.596801855
14,Jalisco,2014-03-01,82.66691965499999
14,Jalisco,2014-04-01,82.802425205
14,Jalisco,2014-05-01,83.00119357
14,Jalisco,2014-06-01,83.337104725
14,Jalisco,2014-07-01,83.564197025
14,Jalisco,2014-08-01,83.42947943
14,Jalisco,2014-09-01,83.73054182999999
14,Jalisco,2014-10-01,83.99363357499999
14,Jalisco,2014-11-01,84.167213245
14,Jalisco,2014-12-01,84.565266745
14,Jalisco,2015-01-01,84.61372466
14,Jalisco,2015-02-01,84.886815095
14,Jalisco,2015-03-01,85.18008251500001
14,Jalisco,2015-04-01,85.438222725
14,Jalisco,2015-05-01,85.54892034
14,Jalisco,2015-06-01,85.939059705
14,Jalisco,2015-07-01,86.36510870000001
14,Jalisco,2015-08-01,86.26733777999999
14,Jalisco,2015-09-01,86.81124633499999
14,Jalisco,2015-10-01,87.243140615
14,Jalisco,2015-11-01,87.22109415
14,Jalisco,2015-12-01,87.391173525
14,Jalisco,2016-01-01,87.581839125
14,Jalisco,2016-02-01,88.08787265
14,Jalisco,2016-03-01,88.453883045
14,Jalisco,2016-04-01,88.715395685
14,Jalisco,2016-05-01,88.68114508
14,Jalisco,2016-06-01,88.839797205
14,Jalisco,2016-07-01,89.465369375
14,Jalisco,2016-08-01,89.785876315
14,Jalisco,2016-09-01,90.20732257
14,Jalisco,2016-10-01,90.55268481499999
14,Jalisco,2016-11-01,90.59777467
14,Jalisco,2016-12-01,91.08292929000001
14,Jalisco,2017-01-01,92.741661955
14,Jalisco,2017-02-01,93.454238755
14,Jalisco,2017-03-01,94.18672283000001
14,Jalisco,2017-04-01,94.59522203
14,Jalisco,2017-05-01,94.77081504
14,Jalisco,2017-06-01,95.09863215
14,Jalisco,2017-07-01,95.393116815
14,Jalisco,2017-08-01,95.575875545
14,Jalisco,2017-09-01,95.870385795
14,Jalisco,2017-10-01,95.99100944
14,Jalisco,2017-11-01,96.4221614
14,Jalisco,2017-12-01,97.09182621
14,Jalisco,2018-01-01,97.82664275
14,Jalisco,2018-02-01,98.70454211
14,Jalisco,2018-03-01,99.01091295500001
14,Jalisco,2018-04-01,99.05148812
14,Jalisco,2018-05-01,99.2217724
14,Jalisco,2018-06-01,99.47106026
14,Jalisco,2018-07-01,99.9704562
14,Jalisco,2018-08-01,100.424
14,Jalisco,2018-09-01,100.9235
14,Jalisco,2018-10-01,101.158
14,Jalisco,2018-11-01,101.536
14,Jalisco,2018-12-01,102.2785
14,Jalisco,2019-01-01,102.28999999999999
14,Jalisco,2019-02-01,102.53399999999999
14,Jalisco,2019-03-01,103.21600000000001
14,Jalisco,2019-04-01,103.7205
14,Jalisco,2019-05-01,103.8115
14,Jalisco,2019-06-01,103.967
14,Jalisco,2019-07-01,104.06899999999999
14,Jalisco,2019-08-01,104.0685
14,Jalisco,2019-09-01,104.24
14,Jalisco,2019-10-01,104.703
14,Jalisco,2019-11-01,104.888
14,Jalisco,2019-12-01,105.5675
14,Jalisco,2020-01-01,106.07050000000001
14,Jalisco,2020-02-01,106.495
14,Jalisco,2020-03-01,106.3545
14,Jalisco,2020-04-01,105.4545
14,Jalisco,2020-05-01,105.964
14,Jalisco,2020-06-01,106.6045
14,Jalisco,2020-07-01,107.134
14,Jalisco,2020-08-01,107.779
14,Jalisco,2020-09-01,108.00049999999999
14,Jalisco,2020-10-01,108.7095
14,Jalisco,2020-11-01,108.5695
14,Jalisco,2020-12-01,109.199
14,Jalisco,2021-01-01,110.537
14,Jalisco,2021-02-01,111.17500000000001
14,Jalisco,2021-03-01,111.97149999999999
14,Jalisco,2021-04-01,112.47
14,Jalisco,2021-05-01,113.35050000000001
14,Jalisco,2021-06-01,113.959
14,Jalisco,2021-07-01,114.60300000000001
14,Jalisco,2021-08-01,114.9135
14,Jalisco,2021-09-01,115.494
14,Jalisco,2021-10-01,116.306
14,Jalisco,2021-11-01,117.068
14,Jalisco,2021-12-01,117.713
14,Jalisco,2022-01-01,118.275
14,Jalisco,2022-02-01,119.4885
14,Jalisco,2022-03-01,120.83349999999999
14,Jalisco,2022-04-01,122.257
14,Jalisco,2022-05-01,122.65899999999999
14,Jalisco,2022-06-01,124.05799999999999
14,Jalisco,2022-07-01,124.97749999999999
14,Jalisco,2022-08-01,125.2295
14,Jalisco,2022-09-01,125.9355
14,Jalisco,2022-10-01,126.5755
14,Jalisco,2022-11-01,126.8845
14,Jalisco,2022-12-01,127.43700000000001
14,Jalisco,2023-01-01,128.38400000000001
14,Jalisco,2023-02-01,129.1635
14,Jalisco,2023-03-01,129.6485
14,Jalisco,2023-04-01,130.0315
14,Jalisco,2023-05-01,130.12099999999998
14,Jalisco,2023-06-01,130.49849999999998
14,Jalisco,2023-07-01,131.26
14,Jalisco,2023-08-01,132.0015
14,Jalisco,2023-09-01,132.6575
14,Jalisco,2023-10-01,133.333
14,Jalisco,2023-11-01,133.6455
14,Jalisco,2023-12-01,134.216
14,Jalisco,2024-01-01,135.6995
14,Jalisco,2024-02-01,136.06
14,Jalisco,2024-03-01,136.2905
14,Jalisco,2024-04-01,136.8985
14,Jalisco,2024-05-01,136.863
14,Jalisco,2024-06-01,137.4675
14,Jalisco,2024-07-01,139.356
14,Jalisco,2024-08-01,139.497
14,Jalisco,2024-09-01,139.4615
14,Jalisco,2024-10-01,139.8385
14,Jalisco,2024-11-01,140.17399999999998
14,Jalisco,2024-12-01,140.752
15,México,2004-01-01,54.21803755
15,México,2004-02-01,54.62277798
15,México,2004-03-01,54.76628146
15,México,2004-04-01,54.86885612
15,México,2004-05-01,54.95273491
15,México,2004-06-01,55.02953959
15,México,2004-07-01,55.14727307
15,México,2004-08-01,55.44640707
15,México,2004-09-01,55.86479044
15,México,2004-10-01,56.15129209
15,México,2004-11-01,56.37210553
15,México,2004-12-01,56.50196607
15,México,2005-01-01,56.56209605
15,México,2005-02-01,56.80261595
15,México,2005-03-01,56.98856411
15,México,2005-04-01,57.16945934
15,México,2005-05-01,57.33721692
15,México,2005-06-01,57.32458457
15,México,2005-07-01,57.53276567
15,México,2005-08-01,57.64847797
15,México,2005-09-01,57.85817495
15,México,2005-10-01,57.8869767
15,México,2005-11-01,57.9789402
15,México,2005-12-01,58.35437358
15,México,2006-01-01,58.63683288
15,México,2006-02-01,58.71970108
15,México,2006-03-01,58.83642398
15,México,2006-04-01,58.95718922
15,México,2006-05-01,59.02338273
15,México,2006-06-01,59.09867152
15,México,2006-07-01,59.33767555
15,México,2006-08-01,59.57465839
15,México,2006-09-01,60.21941344
15,México,2006-10-01,60.44730099
15,México,2006-11-01,60.48166098
15,México,2006-12-01,60.83385084
15,México,2007-01-01,61.03798958
15,México,2007-02-01,61.23404363
15,México,2007-03-01,61.37653651
15,México,2007-04-01,61.47810059
15,México,2007-05-01,61.4518253
15,México,2007-06-01,61.55844232
15,México,2007-07-01,61.85656573
15,México,2007-08-01,62.04908272
15,México,2007-09-01,62.52658547
15,México,2007-10-01,62.58924192
15,México,2007-11-01,62.76306303
15,México,2007-12-01,63.06522879
15,México,2008-01-01,63.35324632
15,México,2008-02-01,63.66854973
15,México,2008-03-01,64.11775602
15,México,2008-04-01,64.46085059
15,México,2008-05-01,64.61900759
15,México,2008-06-01,64.85043221
15,México,2008-07-01,65.22738147
15,México,2008-08-01,65.62050014
15,México,2008-09-01,66.12074112
15,México,2008-10-01,66.34812338
15,México,2008-11-01,66.88322964
15,México,2008-12-01,67.45673824
15,México,2009-01-01,67.48756117
15,México,2009-02-01,67.58659878
15,México,2009-03-01,67.97971745
15,México,2009-04-01,68.39557435
15,México,2009-05-01,68.5072443
15,México,2009-06-01,68.64316837
15,México,2009-07-01,68.7897036
15,México,2009-08-01,68.89531003
15,México,2009-09-01,69.26973283
15,México,2009-10-01,69.28539694
15,México,2009-11-01,69.37887631
15,México,2009-12-01,69.73157147
15,México,2010-01-01,70.45464707
15,México,2010-02-01,70.94023452
15,México,2010-03-01,71.52587018
15,México,2010-04-01,71.43087492
15,México,2010-05-01,71.41318963
15,México,2010-06-01,71.50060548
15,México,2010-07-01,71.62036014
15,México,2010-08-01,71.7396095
15,México,2010-09-01,72.14536052
15,México,2010-10-01,72.36617396
15,México,2010-11-01,72.67187679
15,México,2010-12-01,73.12916778
15,México,2011-01-01,73.36901532
15,México,2011-02-01,73.69455239
15,México,2011-03-01,73.82359411
15,México,2011-04-01,74.14839798
15,México,2011-05-01,74.0508835
15,México,2011-06-01,74.07141286
15,México,2011-07-01,74.48786568
15,México,2011-08-01,74.53698952
15,México,2011-09-01,74.70708996
15,México,2011-10-01,74.895520200000007
15,México,2011-11-01,75.28851089
15,México,2011-12-01,76.01657013
15,México,2012-01-01,76.49607743
15,México,2012-02-01,76.62365276
15,México,2012-03-01,76.53786935
15,México,2012-04-01,76.54446807
15,México,2012-05-01,76.90006599
15,México,2012-06-01,77.28352519
15,México,2012-07-01,77.68164821
15,México,2012-08-01,77.88180952
15,México,2012-09-01,78.25427084
15,México,2012-10-01,78.40750788
15,México,2012-11-01,78.45003299
15,México,2012-12-01,78.73011218
15,México,2013-01-01,78.98599604
15,México,2013-02-01,79.3819195
15,México,2013-03-01,80.15030427
15,México,2013-04-01,80.72219371
15,México,2013-05-01,80.85123543
15,México,2013-06-01,80.69359924
15,México,2013-07-01,80.66353838
15,México,2013-08-01,80.89669331
15,México,2013-09-01,81.22662952
15,México,2013-10-01,81.32854315
15,México,2013-11-01,81.76772491
15,México,2013-12-01,82.47452159
15,México,2014-01-01,83.00755187
15,México,2014-02-01,83.25903659
15,México,2014-03-01,83.50025662
15,México,2014-04-01,83.66889068
15,México,2014-05-01,83.87051837
15,México,2014-06-01,83.9020456
15,México,2014-07-01,84.17845883
15,México,2014-08-01,84.65356698
15,México,2014-09-01,85.16240194
15,México,2014-10-01,85.26064961
15,México,2014-11-01,85.60451646
15,México,2014-12-01,86.18007185
15,México,2015-01-01,86.1588093
15,México,2015-02-01,86.30104846
15,México,2015-03-01,86.53713615
15,México,2015-04-01,86.6111885
15,México,2015-05-01,86.64051617
15,México,2015-06-01,86.78055576
15,México,2015-07-01,86.85387492
15,México,2015-08-01,87.03057409
15,México,2015-09-01,87.40156903
15,México,2015-10-01,87.5518733
15,México,2015-11-01,87.70144439
15,México,2015-12-01,88.19561551
15,México,2016-01-01,88.46103087
15,México,2016-02-01,88.87821688
15,México,2016-03-01,89.0769118
15,México,2016-04-01,88.92074199
15,México,2016-05-01,88.9456705
15,México,2016-06-01,88.96106753
15,México,2016-07-01,89.3811863
15,México,2016-08-01,89.63633697
15,México,2016-09-01,90.21555833
15,México,2016-10-01,90.38272601
15,México,2016-11-01,90.61954689
15,México,2016-12-01,91.05212992
15,México,2017-01-01,92.20837305
15,México,2017-02-01,92.81105653
15,México,2017-03-01,93.579441310000007
15,México,2017-04-01,94.06188137
15,México,2017-05-01,94.54872058
15,México,2017-06-01,94.74228316
15,México,2017-07-01,95.10008065
15,México,2017-08-01,95.50260283
15,México,2017-09-01,95.70716328
15,México,2017-10-01,96.13168121
15,México,2017-11-01,96.82234768
15,México,2017-12-01,97.50934819
15,México,2018-01-01,97.98005719
15,México,2018-02-01,98.35911724
15,México,2018-03-01,98.72644622
15,México,2018-04-01,98.60400323
15,México,2018-05-01,99.02778796
15,México,2018-06-01,99.47283525
15,México,2018-07-01,99.94721021
15,México,2018-08-01,100.519
15,México,2018-09-01,100.831
15,México,2018-10-01,101.157
15,México,2018-11-01,101.688
15,México,2018-12-01,102.585
15,México,2019-01-01,102.653
15,México,2019-02-01,102.513
15,México,2019-03-01,102.859
15,México,2019-04-01,103.291
15,México,2019-05-01,103.523
15,México,2019-06-01,103.741
15,México,2019-07-01,104.079
15,México,2019-08-01,103.817
15,México,2019-09-01,104.134
15,México,2019-10-01,104.372
15,México,2019-11-01,104.952
15,México,2019-12-01,105.659
15,México,2020-01-01,106.06
15,México,2020-02-01,106.725
15,México,2020-03-01,106.702
15,México,2020-04-01,105.869
15,México,2020-05-01,106.604
15,México,2020-06-01,106.896
15,México,2020-07-01,107.501
15,México,2020-08-01,107.828
15,México,2020-09-01,108.142
15,México,2020-10-01,108.553
15,México,2020-11-01,108.217
15,México,2020-12-01,108.655
15,México,2021-01-01,109.47
15,México,2021-02-01,110.016
15,México,2021-03-01,111.007
15,México,2021-04-01,111.581
15,México,2021-05-01,112.349
15,México,2021-06-01,112.811
15,México,2021-07-01,113.166
15,México,2021-08-01,113.038
15,México,2021-09-01,113.659
15,México,2021-10-01,114.073
15,México,2021-11-01,115.219
15,México,2021-12-01,115.706
15,México,2022-01-01,116.337
15,México,2022-02-01,117.142
15,México,2022-03-01,118.041
15,México,2022-04-01,118.728
15,México,2022-05-01,119.127
15,México,2022-06-01,120.37
15,México,2022-07-01,121.11
15,México,2022-08-01,121.672
15,México,2022-09-01,122.416
15,México,2022-10-01,122.748
15,México,2022-11-01,122.944
15,México,2022-12-01,123.444
15,México,2023-01-01,124.251
15,México,2023-02-01,124.892
15,México,2023-03-01,125.125
15,México,2023-04-01,125.605
15,México,2023-05-01,125.731
15,México,2023-06-01,125.893
15,México,2023-07-01,126.513
15,México,2023-08-01,127.119
15,México,2023-09-01,127.603
15,México,2023-10-01,127.454
15,México,2023-11-01,127.882
15,México,2023-12-01,129.095
15,México,2024-01-01,130.258
15,México,2024-02-01,129.899
15,México,2024-03-01,130.311
15,México,2024-04-01,131.117
15,México,2024-05-01,131.301
15,México,2024-06-01,132.072
15,México,2024-07-01,133.35
15,México,2024-08-01,133.139
15,México,2024-09-01,133.143
15,México,2024-10-01,133.518
15,México,2024-11-01,133.511
15,México,2024-12-01,134.107
16,Michoacán de Ocampo,2004-01-01,54.249864625
16,Michoacán de Ocampo,2004-02-01,54.481084319999994
16,Michoacán de Ocampo,2004-03-01,54.776159325
16,Michoacán de Ocampo,2004-04-01,54.81114452
16,Michoacán de Ocampo,2004-05-01,54.706252885
16,Michoacán de Ocampo,2004-06-01,54.919055639999996
16,Michoacán de Ocampo,2004-07-01,55.24197377
16,Michoacán de Ocampo,2004-08-01,55.807344154999996
16,Michoacán de Ocampo,2004-09-01,56.42258647
16,Michoacán de Ocampo,2004-10-01,56.76759099
16,Michoacán de Ocampo,2004-11-01,57.025149195
16,Michoacán de Ocampo,2004-12-01,57.17855795
16,Michoacán de Ocampo,2005-01-01,57.159323975
16,Michoacán de Ocampo,2005-02-01,57.34015514
16,Michoacán de Ocampo,2005-03-01,57.707784055000005
16,Michoacán de Ocampo,2005-04-01,58.002519995
16,Michoacán de Ocampo,2005-05-01,58.437601369999996
16,Michoacán de Ocampo,2005-06-01,58.270049854999996
16,Michoacán de Ocampo,2005-07-01,58.657645114999994
16,Michoacán de Ocampo,2005-08-01,58.7241735
16,Michoacán de Ocampo,2005-09-01,58.85851022999999
16,Michoacán de Ocampo,2005-10-01,58.758533475
16,Michoacán de Ocampo,2005-11-01,58.796393475
16,Michoacán de Ocampo,2005-12-01,59.19938641
16,Michoacán de Ocampo,2006-01-01,59.416364195
16,Michoacán de Ocampo,2006-02-01,59.59594748
16,Michoacán de Ocampo,2006-03-01,59.68557354
16,Michoacán de Ocampo,2006-04-01,59.80834188
16,Michoacán de Ocampo,2006-05-01,59.82706013
16,Michoacán de Ocampo,2006-06-01,59.826086045
16,Michoacán de Ocampo,2006-07-01,59.924687395
16,Michoacán de Ocampo,2006-08-01,60.3107484
16,Michoacán de Ocampo,2006-09-01,60.969302125
16,Michoacán de Ocampo,2006-10-01,61.13963823
16,Michoacán de Ocampo,2006-11-01,61.15937834
16,Michoacán de Ocampo,2006-12-01,61.729653889999994
16,Michoacán de Ocampo,2007-01-01,62.276056525
16,Michoacán de Ocampo,2007-02-01,62.357855275
16,Michoacán de Ocampo,2007-03-01,62.445234095000004
16,Michoacán de Ocampo,2007-04-01,62.64501253
16,Michoacán de Ocampo,2007-05-01,62.428368245
16,Michoacán de Ocampo,2007-06-01,62.40818034
16,Michoacán de Ocampo,2007-07-01,62.696897785000004
16,Michoacán de Ocampo,2007-08-01,63.322677925
16,Michoacán de Ocampo,2007-09-01,63.778659965
16,Michoacán de Ocampo,2007-10-01,63.76620715
16,Michoacán de Ocampo,2007-11-01,64.127755405
16,Michoacán de Ocampo,2007-12-01,64.26521857
16,Michoacán de Ocampo,2008-01-01,64.44896697
16,Michoacán de Ocampo,2008-02-01,64.44009884
16,Michoacán de Ocampo,2008-03-01,64.889421685
16,Michoacán de Ocampo,2008-04-01,65.380651
16,Michoacán de Ocampo,2008-05-01,65.475140015
16,Michoacán de Ocampo,2008-06-01,65.68574766500001
16,Michoacán de Ocampo,2008-07-01,66.41333822499999
16,Michoacán de Ocampo,2008-08-01,66.980537255
16,Michoacán de Ocampo,2008-09-01,67.52096404
16,Michoacán de Ocampo,2008-10-01,67.7787761
16,Michoacán de Ocampo,2008-11-01,68.39519499
16,Michoacán de Ocampo,2008-12-01,68.945214495
16,Michoacán de Ocampo,2009-01-01,69.087943295
16,Michoacán de Ocampo,2009-02-01,69.143518155
16,Michoacán de Ocampo,2009-03-01,69.44879372
16,Michoacán de Ocampo,2009-04-01,69.903423395
16,Michoacán de Ocampo,2009-05-01,69.9791837
16,Michoacán de Ocampo,2009-06-01,69.89225779
16,Michoacán de Ocampo,2009-07-01,70.27400184999999
16,Michoacán de Ocampo,2009-08-01,70.489093735
16,Michoacán de Ocampo,2009-09-01,70.88271305
16,Michoacán de Ocampo,2009-10-01,70.71090440500001
16,Michoacán de Ocampo,2009-11-01,70.59257841
16,Michoacán de Ocampo,2009-12-01,70.75725992
16,Michoacán de Ocampo,2010-01-01,71.34165689
16,Michoacán de Ocampo,2010-02-01,71.720892275
16,Michoacán de Ocampo,2010-03-01,72.22869986500001
16,Michoacán de Ocampo,2010-04-01,71.992874175
16,Michoacán de Ocampo,2010-05-01,71.72462633
16,Michoacán de Ocampo,2010-06-01,71.70925850500001
16,Michoacán de Ocampo,2010-07-01,72.002527145
16,Michoacán de Ocampo,2010-08-01,72.322645215
16,Michoacán de Ocampo,2010-09-01,72.498384845
16,Michoacán de Ocampo,2010-10-01,72.650523435
16,Michoacán de Ocampo,2010-11-01,73.054924295
16,Michoacán de Ocampo,2010-12-01,73.783180275
16,Michoacán de Ocampo,2011-01-01,74.57943616
16,Michoacán de Ocampo,2011-02-01,74.93580648
16,Michoacán de Ocampo,2011-03-01,75.14476124500001
16,Michoacán de Ocampo,2011-04-01,75.44970778999999
16,Michoacán de Ocampo,2011-05-01,75.32004492499999
16,Michoacán de Ocampo,2011-06-01,75.335428205
16,Michoacán de Ocampo,2011-07-01,75.634773435
16,Michoacán de Ocampo,2011-08-01,75.78263882
16,Michoacán de Ocampo,2011-09-01,76.06313428
16,Michoacán de Ocampo,2011-10-01,76.31439363999999
16,Michoacán de Ocampo,2011-11-01,76.68167029
16,Michoacán de Ocampo,2011-12-01,77.339722725
16,Michoacán de Ocampo,2012-01-01,77.76888343
16,Michoacán de Ocampo,2012-02-01,77.97334196
16,Michoacán de Ocampo,2012-03-01,77.95805432
16,Michoacán de Ocampo,2012-04-01,78.01184750499999
16,Michoacán de Ocampo,2012-05-01,78.442999825
16,Michoacán de Ocampo,2012-06-01,78.85883342
16,Michoacán de Ocampo,2012-07-01,79.439538475
16,Michoacán de Ocampo,2012-08-01,79.82211456499999
16,Michoacán de Ocampo,2012-09-01,80.061434545
16,Michoacán de Ocampo,2012-10-01,80.07489969
16,Michoacán de Ocampo,2012-11-01,80.070488255
16,Michoacán de Ocampo,2012-12-01,80.19859476
16,Michoacán de Ocampo,2013-01-01,80.63837493
16,Michoacán de Ocampo,2013-02-01,80.89794180999999
16,Michoacán de Ocampo,2013-03-01,81.45527731
16,Michoacán de Ocampo,2013-04-01,81.66091537
16,Michoacán de Ocampo,2013-05-01,81.87773347999999
16,Michoacán de Ocampo,2013-06-01,82.145480245
16,Michoacán de Ocampo,2013-07-01,82.07407006
16,Michoacán de Ocampo,2013-08-01,82.28704009
16,Michoacán de Ocampo,2013-09-01,82.64402796499999
16,Michoacán de Ocampo,2013-10-01,82.838814325
16,Michoacán de Ocampo,2013-11-01,82.93413483
16,Michoacán de Ocampo,2013-12-01,83.40766004
16,Michoacán de Ocampo,2014-01-01,84.14965846000001
16,Michoacán de Ocampo,2014-02-01,84.03544103499999
16,Michoacán de Ocampo,2014-03-01,84.39430748000001
16,Michoacán de Ocampo,2014-04-01,84.29662082
16,Michoacán de Ocampo,2014-05-01,84.525272315
16,Michoacán de Ocampo,2014-06-01,84.58271194
16,Michoacán de Ocampo,2014-07-01,84.83714008999999
16,Michoacán de Ocampo,2014-08-01,85.17640965999999
16,Michoacán de Ocampo,2014-09-01,85.49521468500001
16,Michoacán de Ocampo,2014-10-01,85.66758017999999
16,Michoacán de Ocampo,2014-11-01,85.919828755
16,Michoacán de Ocampo,2014-12-01,86.439838725
16,Michoacán de Ocampo,2015-01-01,86.29617512499999
16,Michoacán de Ocampo,2015-02-01,86.44916796999999
16,Michoacán de Ocampo,2015-03-01,86.85840773000001
16,Michoacán de Ocampo,2015-04-01,86.91247271
16,Michoacán de Ocampo,2015-05-01,86.716786635
16,Michoacán de Ocampo,2015-06-01,86.786817585
16,Michoacán de Ocampo,2015-07-01,87.138477815
16,Michoacán de Ocampo,2015-08-01,87.31496974999999
16,Michoacán de Ocampo,2015-09-01,87.55672509
16,Michoacán de Ocampo,2015-10-01,87.622127435
16,Michoacán de Ocampo,2015-11-01,87.490722595
16,Michoacán de Ocampo,2015-12-01,87.86548905999999
16,Michoacán de Ocampo,2016-01-01,88.32856204999999
16,Michoacán de Ocampo,2016-02-01,88.862788005
16,Michoacán de Ocampo,2016-03-01,88.95756021
16,Michoacán de Ocampo,2016-04-01,89.10297518
16,Michoacán de Ocampo,2016-05-01,89.0936266
16,Michoacán de Ocampo,2016-06-01,89.12280946499999
16,Michoacán de Ocampo,2016-07-01,89.40242309499999
16,Michoacán de Ocampo,2016-08-01,89.57088070500001
16,Michoacán de Ocampo,2016-09-01,90.34185655499999
16,Michoacán de Ocampo,2016-10-01,90.384872905
16,Michoacán de Ocampo,2016-11-01,90.71676479499999
16,Michoacán de Ocampo,2016-12-01,90.7736448
16,Michoacán de Ocampo,2017-01-01,93.064129385
16,Michoacán de Ocampo,2017-02-01,93.406802325
16,Michoacán de Ocampo,2017-03-01,94.045545715
16,Michoacán de Ocampo,2017-04-01,94.544069405
16,Michoacán de Ocampo,2017-05-01,94.916256815
16,Michoacán de Ocampo,2017-06-01,95.13413056499999
16,Michoacán de Ocampo,2017-07-01,95.743348645
16,Michoacán de Ocampo,2017-08-01,96.26646664
16,Michoacán de Ocampo,2017-09-01,96.670840855
16,Michoacán de Ocampo,2017-10-01,96.897550665
16,Michoacán de Ocampo,2017-11-01,97.25143474000001
16,Michoacán de Ocampo,2017-12-01,97.926953915
16,Michoacán de Ocampo,2018-01-01,98.47993309
16,Michoacán de Ocampo,2018-02-01,98.51432677
16,Michoacán de Ocampo,2018-03-01,98.674166885
16,Michoacán de Ocampo,2018-04-01,98.63701563999999
16,Michoacán de Ocampo,2018-05-01,98.890111655
16,Michoacán de Ocampo,2018-06-01,99.266473565
16,Michoacán de Ocampo,2018-07-01,99.897361615
16,Michoacán de Ocampo,2018-08-01,100.42750000000001
16,Michoacán de Ocampo,2018-09-01,100.889
16,Michoacán de Ocampo,2018-10-01,101.225
16,Michoacán de Ocampo,2018-11-01,101.402
16,Michoacán de Ocampo,2018-12-01,102.0915
16,Michoacán de Ocampo,2019-01-01,102.51849999999999
16,Michoacán de Ocampo,2019-02-01,102.422
16,Michoacán de Ocampo,2019-03-01,102.8535
16,Michoacán de Ocampo,2019-04-01,102.8175
16,Michoacán de Ocampo,2019-05-01,102.88900000000001
16,Michoacán de Ocampo,2019-06-01,102.8805
16,Michoacán de Ocampo,2019-07-01,103.458
16,Michoacán de Ocampo,2019-08-01,103.636
16,Michoacán de Ocampo,2019-09-01,103.78
16,Michoacán de Ocampo,2019-10-01,103.9615
16,Michoacán de Ocampo,2019-11-01,104.4415
16,Michoacán de Ocampo,2019-12-01,105.00800000000001
16,Michoacán de Ocampo,2020-01-01,105.41550000000001
16,Michoacán de Ocampo,2020-02-01,105.725
16,Michoacán de Ocampo,2020-03-01,105.5675
16,Michoacán de Ocampo,2020-04-01,105.081
16,Michoacán de Ocampo,2020-05-01,106.229
16,Michoacán de Ocampo,2020-06-01,106.804
16,Michoacán de Ocampo,2020-07-01,107.42699999999999
16,Michoacán de Ocampo,2020-08-01,108.098
16,Michoacán de Ocampo,2020-09-01,108.18950000000001
16,Michoacán de Ocampo,2020-10-01,108.245
16,Michoacán de Ocampo,2020-11-01,107.733
16,Michoacán de Ocampo,2020-12-01,108.3295
16,Michoacán de Ocampo,2021-01-01,109.537
16,Michoacán de Ocampo,2021-02-01,110.357
16,Michoacán de Ocampo,2021-03-01,111.047
16,Michoacán de Ocampo,2021-04-01,111.64
16,Michoacán de Ocampo,2021-05-01,112.4045
16,Michoacán de Ocampo,2021-06-01,113.09100000000001
16,Michoacán de Ocampo,2021-07-01,113.687
16,Michoacán de Ocampo,2021-08-01,114.03999999999999
16,Michoacán de Ocampo,2021-09-01,114.481
16,Michoacán de Ocampo,2021-10-01,115.174
16,Michoacán de Ocampo,2021-11-01,115.6935
16,Michoacán de Ocampo,2021-12-01,116.52600000000001
16,Michoacán de Ocampo,2022-01-01,117.811
16,Michoacán de Ocampo,2022-02-01,119.13149999999999
16,Michoacán de Ocampo,2022-03-01,120.3905
16,Michoacán de Ocampo,2022-04-01,121.52950000000001
16,Michoacán de Ocampo,2022-05-01,122.25999999999999
16,Michoacán de Ocampo,2022-06-01,123.2915
16,Michoacán de Ocampo,2022-07-01,124.7475
16,Michoacán de Ocampo,2022-08-01,125.506
16,Michoacán de Ocampo,2022-09-01,126.46199999999999
16,Michoacán de Ocampo,2022-10-01,126.64150000000001
16,Michoacán de Ocampo,2022-11-01,127.08099999999999
16,Michoacán de Ocampo,2022-12-01,127.8025
16,Michoacán de Ocampo,2023-01-01,129.12
16,Michoacán de Ocampo,2023-02-01,130.06799999999998
16,Michoacán de Ocampo,2023-03-01,130.309
16,Michoacán de Ocampo,2023-04-01,130.664
16,Michoacán de Ocampo,2023-05-01,130.8765
16,Michoacán de Ocampo,2023-06-01,131.05450000000002
16,Michoacán de Ocampo,2023-07-01,131.77949999999998
16,Michoacán de Ocampo,2023-08-01,132.976
16,Michoacán de Ocampo,2023-09-01,133.677
16,Michoacán de Ocampo,2023-10-01,133.952
16,Michoacán de Ocampo,2023-11-01,134.227
16,Michoacán de Ocampo,2023-12-01,135.3155
16,Michoacán de Ocampo,2024-01-01,136.217
16,Michoacán de Ocampo,2024-02-01,136.2305
16,Michoacán de Ocampo,2024-03-01,136.1775
16,Michoacán de Ocampo,2024-04-01,137.1365
16,Michoacán de Ocampo,2024-05-01,137.856
16,Michoacán de Ocampo,2024-06-01,137.8825
16,Michoacán de Ocampo,2024-07-01,139.66000000000003
16,Michoacán de Ocampo,2024-08-01,139.88150000000002
16,Michoacán de Ocampo,2024-09-01,139.43
16,Michoacán de Ocampo,2024-10-01,139.7835
16,Michoacán de Ocampo,2024-11-01,139.91649999999998
16,Michoacán de Ocampo,2024-12-01,140.5685
17,Morelos,2004-01-01,59.44873932
17,Morelos,2004-02-01,59.77888106
17,Morelos,2004-03-01,59.98349152
17,Morelos,2004-04-01,60.06035869
17,Morelos,2004-05-01,60.11234081
17,Morelos,2004-06-01,60.09243276
17,Morelos,2004-07-01,60.05648768
17,Morelos,2004-08-01,60.40487846
17,Morelos,2004-09-01,60.98221176
17,Morelos,2004-10-01,61.36875962
17,Morelos,2004-11-01,61.5822181
17,Morelos,2004-12-01,62.01245307
17,Morelos,2005-01-01,61.8935578
17,Morelos,2005-02-01,62.08710824
17,Morelos,2005-03-01,62.17945944
17,Morelos,2005-04-01,62.21208652
17,Morelos,2005-05-01,62.45098305
17,Morelos,2005-06-01,62.14517337
17,Morelos,2005-07-01,62.22148754
17,Morelos,2005-08-01,62.29724871
17,Morelos,2005-09-01,62.76564076
17,Morelos,2005-10-01,62.86186297
17,Morelos,2005-11-01,62.91605709
17,Morelos,2005-12-01,63.34905707
17,Morelos,2006-01-01,63.47901236
17,Morelos,2006-02-01,63.66758578
17,Morelos,2006-03-01,63.46186932
17,Morelos,2006-04-01,63.37062411
17,Morelos,2006-05-01,63.50776842
17,Morelos,2006-06-01,63.34131505
17,Morelos,2006-07-01,63.57578757
17,Morelos,2006-08-01,63.95459342
17,Morelos,2006-09-01,64.80953334
17,Morelos,2006-10-01,65.31608248
17,Morelos,2006-11-01,65.0152498
17,Morelos,2006-12-01,65.49193687
17,Morelos,2007-01-01,65.76622549
17,Morelos,2007-02-01,65.99019099
17,Morelos,2007-03-01,66.02226506
17,Morelos,2007-04-01,65.82152561
17,Morelos,2007-05-01,65.74134043
17,Morelos,2007-06-01,65.76622549
17,Morelos,2007-07-01,65.9487159
17,Morelos,2007-08-01,66.27830463
17,Morelos,2007-09-01,66.85619093
17,Morelos,2007-10-01,66.96955619
17,Morelos,2007-11-01,67.16144762
17,Morelos,2007-12-01,67.51813342
17,Morelos,2008-01-01,67.67463277
17,Morelos,2008-02-01,67.47444632
17,Morelos,2008-03-01,68.15408484
17,Morelos,2008-04-01,68.37639134
17,Morelos,2008-05-01,68.54726872
17,Morelos,2008-06-01,68.78118825
17,Morelos,2008-07-01,68.90837853
17,Morelos,2008-08-01,69.50949088
17,Morelos,2008-09-01,69.91484079
17,Morelos,2008-10-01,70.20682545
17,Morelos,2008-11-01,70.70286756
17,Morelos,2008-12-01,71.26250481
17,Morelos,2009-01-01,71.28462486
17,Morelos,2009-02-01,71.21771171
17,Morelos,2009-03-01,71.54564145
17,Morelos,2009-04-01,72.13790578
17,Morelos,2009-05-01,72.2833451
17,Morelos,2009-06-01,72.33919823
17,Morelos,2009-07-01,72.39726336
17,Morelos,2009-08-01,72.65938595
17,Morelos,2009-09-01,73.25662728
17,Morelos,2009-10-01,73.12280098
17,Morelos,2009-11-01,73.02989678
17,Morelos,2009-12-01,73.10731695
17,Morelos,2010-01-01,74.1099082
17,Morelos,2010-02-01,74.27691457
17,Morelos,2010-03-01,74.87360291
17,Morelos,2010-04-01,74.78954672
17,Morelos,2010-05-01,74.84097584
17,Morelos,2010-06-01,74.65350842
17,Morelos,2010-07-01,74.68779449
17,Morelos,2010-08-01,74.75913165
17,Morelos,2010-09-01,75.28558883
17,Morelos,2010-10-01,75.5360984
17,Morelos,2010-11-01,75.79711498
17,Morelos,2010-12-01,76.23730397
17,Morelos,2011-01-01,76.456921
17,Morelos,2011-02-01,76.83906421
17,Morelos,2011-03-01,76.96517147
17,Morelos,2011-04-01,77.17535023
17,Morelos,2011-05-01,77.15242164
17,Morelos,2011-06-01,77.13025734
17,Morelos,2011-07-01,77.65685068
17,Morelos,2011-08-01,77.92282236
17,Morelos,2011-09-01,77.7065293
17,Morelos,2011-10-01,77.93887237
17,Morelos,2011-11-01,78.40050137
17,Morelos,2011-12-01,79.16402351
17,Morelos,2012-01-01,79.8908599
17,Morelos,2012-02-01,79.88168846
17,Morelos,2012-03-01,79.79914553
17,Morelos,2012-04-01,79.7502312
17,Morelos,2012-05-01,79.98410284
17,Morelos,2012-06-01,80.42280325
17,Morelos,2012-07-01,80.73845354
17,Morelos,2012-08-01,81.03958239
17,Morelos,2012-09-01,81.63190437
17,Morelos,2012-10-01,81.77176879
17,Morelos,2012-11-01,81.89864033
17,Morelos,2012-12-01,82.04003332
17,Morelos,2013-01-01,82.31594072
17,Morelos,2013-02-01,82.86622695
17,Morelos,2013-03-01,83.60605621
17,Morelos,2013-04-01,83.67254912
17,Morelos,2013-05-01,83.91482792
17,Morelos,2013-06-01,83.33244167
17,Morelos,2013-07-01,83.16888437
17,Morelos,2013-08-01,83.53727043
17,Morelos,2013-09-01,83.70999916
17,Morelos,2013-10-01,83.82082069
17,Morelos,2013-11-01,84.19073532
17,Morelos,2013-12-01,84.69210721
17,Morelos,2014-01-01,84.92292171
17,Morelos,2014-02-01,85.14762192
17,Morelos,2014-03-01,85.27525776
17,Morelos,2014-04-01,85.30200778
17,Morelos,2014-05-01,85.54428658
17,Morelos,2014-06-01,85.59549377
17,Morelos,2014-07-01,85.61918665
17,Morelos,2014-08-01,85.89356547
17,Morelos,2014-09-01,86.18323003
17,Morelos,2014-10-01,86.15800858
17,Morelos,2014-11-01,86.60588042
17,Morelos,2014-12-01,87.12559519
17,Morelos,2015-01-01,87.18903096
17,Morelos,2015-02-01,87.22265956
17,Morelos,2015-03-01,87.29144534
17,Morelos,2015-04-01,87.39233115
17,Morelos,2015-05-01,87.34876682
17,Morelos,2015-06-01,87.61168135
17,Morelos,2015-07-01,87.48633838
17,Morelos,2015-08-01,87.7102743
17,Morelos,2015-09-01,88.01751744
17,Morelos,2015-10-01,88.18489617
17,Morelos,2015-11-01,88.25597481
17,Morelos,2015-12-01,88.77339672
17,Morelos,2016-01-01,88.74817527
17,Morelos,2016-02-01,89.16700423
17,Morelos,2016-03-01,89.61793322
17,Morelos,2016-04-01,89.66226183
17,Morelos,2016-05-01,89.73410475
17,Morelos,2016-06-01,89.80365482
17,Morelos,2016-07-01,89.89078347
17,Morelos,2016-08-01,90.03217646
17,Morelos,2016-09-01,90.70321994
17,Morelos,2016-10-01,90.94549874
17,Morelos,2016-11-01,91.18319181
17,Morelos,2016-12-01,91.49654925
17,Morelos,2017-01-01,93.25517231
17,Morelos,2017-02-01,93.93233008
17,Morelos,2017-03-01,94.59420212
17,Morelos,2017-04-01,95.226267000000007
17,Morelos,2017-05-01,95.40893145
17,Morelos,2017-06-01,95.69018886
17,Morelos,2017-07-01,95.84992472
17,Morelos,2017-08-01,96.28938941
17,Morelos,2017-09-01,96.38874665
17,Morelos,2017-10-01,96.47969673
17,Morelos,2017-11-01,97.13010448
17,Morelos,2017-12-01,97.74764791
17,Morelos,2018-01-01,98.29181984
17,Morelos,2018-02-01,98.35907705
17,Morelos,2018-03-01,98.66708448
17,Morelos,2018-04-01,98.74657026
17,Morelos,2018-05-01,99.17762781
17,Morelos,2018-06-01,99.55442101
17,Morelos,2018-07-01,99.90752134
17,Morelos,2018-08-01,100.458
17,Morelos,2018-09-01,100.79
17,Morelos,2018-10-01,101.092
17,Morelos,2018-11-01,101.765
17,Morelos,2018-12-01,102.792
17,Morelos,2019-01-01,102.687
17,Morelos,2019-02-01,102.549
17,Morelos,2019-03-01,102.912
17,Morelos,2019-04-01,103.523
17,Morelos,2019-05-01,103.493
17,Morelos,2019-06-01,103.624
17,Morelos,2019-07-01,103.761
17,Morelos,2019-08-01,103.475
17,Morelos,2019-09-01,103.668
17,Morelos,2019-10-01,104.099
17,Morelos,2019-11-01,104.53
17,Morelos,2019-12-01,105.258
17,Morelos,2020-01-01,105.812
17,Morelos,2020-02-01,106.288
17,Morelos,2020-03-01,106.137
17,Morelos,2020-04-01,105.58
17,Morelos,2020-05-01,106.526
17,Morelos,2020-06-01,107.116
17,Morelos,2020-07-01,107.569
17,Morelos,2020-08-01,107.448
17,Morelos,2020-09-01,107.685
17,Morelos,2020-10-01,108.294
17,Morelos,2020-11-01,107.903
17,Morelos,2020-12-01,108.561
17,Morelos,2021-01-01,109.296
17,Morelos,2021-02-01,109.648
17,Morelos,2021-03-01,110.66
17,Morelos,2021-04-01,111.705
17,Morelos,2021-05-01,111.864
17,Morelos,2021-06-01,112.552
17,Morelos,2021-07-01,113.238
17,Morelos,2021-08-01,113.818
17,Morelos,2021-09-01,114.922
17,Morelos,2021-10-01,115.93
17,Morelos,2021-11-01,117.031
17,Morelos,2021-12-01,117.068
17,Morelos,2022-01-01,117.696
17,Morelos,2022-02-01,118.364
17,Morelos,2022-03-01,120.146
17,Morelos,2022-04-01,121.38
17,Morelos,2022-05-01,122.175
17,Morelos,2022-06-01,123.281
17,Morelos,2022-07-01,123.837
17,Morelos,2022-08-01,124.731
17,Morelos,2022-09-01,125.317
17,Morelos,2022-10-01,125.588
17,Morelos,2022-11-01,126.06
17,Morelos,2022-12-01,126.858
17,Morelos,2023-01-01,127.55
17,Morelos,2023-02-01,128.502
17,Morelos,2023-03-01,128.921
17,Morelos,2023-04-01,129.369
17,Morelos,2023-05-01,129.144
17,Morelos,2023-06-01,129.259
17,Morelos,2023-07-01,129.841
17,Morelos,2023-08-01,130.672
17,Morelos,2023-09-01,131.134
17,Morelos,2023-10-01,131.236
17,Morelos,2023-11-01,131.482
17,Morelos,2023-12-01,132.572
17,Morelos,2024-01-01,133.899
17,Morelos,2024-02-01,133.988
17,Morelos,2024-03-01,134.455
17,Morelos,2024-04-01,135.3
17,Morelos,2024-05-01,135.591
17,Morelos,2024-06-01,136.104
17,Morelos,2024-07-01,137.365
17,Morelos,2024-08-01,137.03
17,Morelos,2024-09-01,136.747
17,Morelos,2024-10-01,137.265
17,Morelos,2024-11-01,137.362
17,Morelos,2024-12-01,137.693
18,Nayarit,2004-01-01,53.91184906
18,Nayarit,2004-02-01,54.31175501
18,Nayarit,2004-03-01,54.55773489
18,Nayarit,2004-04-01,54.38670593
18,Nayarit,2004-05-01,54.47171739
18,Nayarit,2004-06-01,54.52956542
18,Nayarit,2004-07-01,55.12565164
18,Nayarit,2004-08-01,55.48280035
18,Nayarit,2004-09-01,55.92898472
18,Nayarit,2004-10-01,56.70716649
18,Nayarit,2004-11-01,57.08091506
18,Nayarit,2004-12-01,57.11763599
18,Nayarit,2005-01-01,57.06381217
18,Nayarit,2005-02-01,57.20667165
18,Nayarit,2005-03-01,57.56432339
18,Nayarit,2005-04-01,57.73032208
18,Nayarit,2005-05-01,57.92952052
18,Nayarit,2005-06-01,57.75748551
18,Nayarit,2005-07-01,57.89129051
18,Nayarit,2005-08-01,58.00447144
18,Nayarit,2005-09-01,58.26252396
18,Nayarit,2005-10-01,58.50900687
18,Nayarit,2005-11-01,58.5095099
18,Nayarit,2005-12-01,58.95468822
18,Nayarit,2006-01-01,59.31535811
18,Nayarit,2006-02-01,59.50701115
18,Nayarit,2006-03-01,59.40741193
18,Nayarit,2006-04-01,59.31787324
18,Nayarit,2006-05-01,59.62371326
18,Nayarit,2006-06-01,59.58850142
18,Nayarit,2006-07-01,59.60308918
18,Nayarit,2006-08-01,60.07040066
18,Nayarit,2006-09-01,60.79777676
18,Nayarit,2006-10-01,61.22786429
18,Nayarit,2006-11-01,60.97886625
18,Nayarit,2006-12-01,61.32997864
18,Nayarit,2007-01-01,61.8370292
18,Nayarit,2007-02-01,61.9647979
18,Nayarit,2007-03-01,62.15443883
18,Nayarit,2007-04-01,62.12878449
18,Nayarit,2007-05-01,62.09709383
18,Nayarit,2007-06-01,62.19115975
18,Nayarit,2007-07-01,62.52265412
18,Nayarit,2007-08-01,62.82446993
18,Nayarit,2007-09-01,63.36622931
18,Nayarit,2007-10-01,63.66452393
18,Nayarit,2007-11-01,63.76613526
18,Nayarit,2007-12-01,64.0342483
18,Nayarit,2008-01-01,64.59814084
18,Nayarit,2008-02-01,64.72741861
18,Nayarit,2008-03-01,65.12330035
18,Nayarit,2008-04-01,65.43014642
18,Nayarit,2008-05-01,65.67612631
18,Nayarit,2008-06-01,65.94021514
18,Nayarit,2008-07-01,66.35722398
18,Nayarit,2008-08-01,66.80189928
18,Nayarit,2008-09-01,67.2204172
18,Nayarit,2008-10-01,67.54939643
18,Nayarit,2008-11-01,67.97143554
18,Nayarit,2008-12-01,68.6178244
18,Nayarit,2009-01-01,68.82104705
18,Nayarit,2009-02-01,68.95535508
18,Nayarit,2009-03-01,69.40606669
18,Nayarit,2009-04-01,69.90003857
18,Nayarit,2009-05-01,70.11181266
18,Nayarit,2009-06-01,70.23756925
18,Nayarit,2009-07-01,70.33565939
18,Nayarit,2009-08-01,70.44330703
18,Nayarit,2009-09-01,70.81957074
18,Nayarit,2009-10-01,70.76675297
18,Nayarit,2009-11-01,70.9639393
18,Nayarit,2009-12-01,71.38094814
18,Nayarit,2010-01-01,72.07110029
18,Nayarit,2010-02-01,72.72805271
18,Nayarit,2010-03-01,73.1078376
18,Nayarit,2010-04-01,72.73911929
18,Nayarit,2010-05-01,72.71044678
18,Nayarit,2010-06-01,72.53489059
18,Nayarit,2010-07-01,73.09425589
18,Nayarit,2010-08-01,73.32112077
18,Nayarit,2010-09-01,73.71046317
18,Nayarit,2010-10-01,74.0489999
18,Nayarit,2010-11-01,74.19940478
18,Nayarit,2010-12-01,74.48562677
18,Nayarit,2011-01-01,75.0603409
18,Nayarit,2011-02-01,75.634980530000007
18,Nayarit,2011-03-01,75.72689299
18,Nayarit,2011-04-01,75.62078268
18,Nayarit,2011-05-01,75.59462873
18,Nayarit,2011-06-01,75.61331012
18,Nayarit,2011-07-01,76.06016903
18,Nayarit,2011-08-01,76.20663115
18,Nayarit,2011-09-01,76.24100491
18,Nayarit,2011-10-01,76.74166623
18,Nayarit,2011-11-01,76.91727132
18,Nayarit,2011-12-01,77.44259208
18,Nayarit,2012-01-01,78.13604537
18,Nayarit,2012-02-01,78.50892597
18,Nayarit,2012-03-01,78.66286064
18,Nayarit,2012-04-01,78.58066252
18,Nayarit,2012-05-01,78.6568826
18,Nayarit,2012-06-01,79.00286199
18,Nayarit,2012-07-01,79.40114928
18,Nayarit,2012-08-01,79.58572144
18,Nayarit,2012-09-01,79.86818409
18,Nayarit,2012-10-01,79.98176696
18,Nayarit,2012-11-01,80.11702024
18,Nayarit,2012-12-01,80.34194421
18,Nayarit,2013-01-01,80.87548478
18,Nayarit,2013-02-01,81.46581679
18,Nayarit,2013-03-01,81.67878466
18,Nayarit,2013-04-01,81.79535655
18,Nayarit,2013-05-01,81.8992251
18,Nayarit,2013-06-01,81.95003848
18,Nayarit,2013-07-01,82.15329204
18,Nayarit,2013-08-01,82.39017209
18,Nayarit,2013-09-01,82.66815121
18,Nayarit,2013-10-01,83.11650464
18,Nayarit,2013-11-01,83.42512124
18,Nayarit,2013-12-01,83.82639755
18,Nayarit,2014-01-01,84.14547574
18,Nayarit,2014-02-01,84.51835634
18,Nayarit,2014-03-01,84.64015902
18,Nayarit,2014-04-01,84.87853359
18,Nayarit,2014-05-01,84.97492957
18,Nayarit,2014-06-01,84.87703907
18,Nayarit,2014-07-01,85.18117215
18,Nayarit,2014-08-01,85.28354618
18,Nayarit,2014-09-01,85.55554725
18,Nayarit,2014-10-01,86.04350523
18,Nayarit,2014-11-01,86.50306748
18,Nayarit,2014-12-01,86.87295906
18,Nayarit,2015-01-01,86.85502492
18,Nayarit,2015-02-01,86.92900324
18,Nayarit,2015-03-01,87.27722439
18,Nayarit,2015-04-01,87.1606525
18,Nayarit,2015-05-01,87.0679928
18,Nayarit,2015-06-01,87.48496148
18,Nayarit,2015-07-01,87.84439147
18,Nayarit,2015-08-01,87.9788975
18,Nayarit,2015-09-01,88.09995292
18,Nayarit,2015-10-01,88.371954
18,Nayarit,2015-11-01,88.34878907
18,Nayarit,2015-12-01,88.73213125
18,Nayarit,2016-01-01,88.96676954
18,Nayarit,2016-02-01,89.42932082
18,Nayarit,2016-03-01,89.6759152
18,Nayarit,2016-04-01,89.32022149
18,Nayarit,2016-05-01,89.44501319
18,Nayarit,2016-06-01,89.80369593
18,Nayarit,2016-07-01,89.97182846
18,Nayarit,2016-08-01,90.29240116
18,Nayarit,2016-09-01,90.65855645
18,Nayarit,2016-10-01,90.91038162
18,Nayarit,2016-11-01,91.34005365
18,Nayarit,2016-12-01,91.80260493
18,Nayarit,2017-01-01,93.00195034
18,Nayarit,2017-02-01,93.35091875
18,Nayarit,2017-03-01,93.97039373
18,Nayarit,2017-04-01,94.21848262
18,Nayarit,2017-05-01,94.52635197
18,Nayarit,2017-06-01,94.77294635
18,Nayarit,2017-07-01,95.39092682
18,Nayarit,2017-08-01,95.47760848
18,Nayarit,2017-09-01,95.56802642
18,Nayarit,2017-10-01,95.84600554
18,Nayarit,2017-11-01,96.46697503
18,Nayarit,2017-12-01,96.87273488
18,Nayarit,2018-01-01,97.38684681
18,Nayarit,2018-02-01,97.76570545
18,Nayarit,2018-03-01,98.48456543
18,Nayarit,2018-04-01,98.06012419
18,Nayarit,2018-05-01,98.21256436
18,Nayarit,2018-06-01,98.86043505
18,Nayarit,2018-07-01,99.91630736
18,Nayarit,2018-08-01,100.311
18,Nayarit,2018-09-01,100.749
18,Nayarit,2018-10-01,100.959
18,Nayarit,2018-11-01,101.407
18,Nayarit,2018-12-01,101.906
18,Nayarit,2019-01-01,102.258
18,Nayarit,2019-02-01,102.606
18,Nayarit,2019-03-01,102.86
18,Nayarit,2019-04-01,102.909
18,Nayarit,2019-05-01,102.957
18,Nayarit,2019-06-01,102.758
18,Nayarit,2019-07-01,103.095
18,Nayarit,2019-08-01,103.188
18,Nayarit,2019-09-01,103.563
18,Nayarit,2019-10-01,103.936
18,Nayarit,2019-11-01,104.246
18,Nayarit,2019-12-01,104.781
18,Nayarit,2020-01-01,105.035
18,Nayarit,2020-02-01,105.323
18,Nayarit,2020-03-01,105.507
18,Nayarit,2020-04-01,104.247
18,Nayarit,2020-05-01,104.8
18,Nayarit,2020-06-01,105.538
18,Nayarit,2020-07-01,106.445
18,Nayarit,2020-08-01,106.769
18,Nayarit,2020-09-01,106.875
18,Nayarit,2020-10-01,107.446
18,Nayarit,2020-11-01,107.061
18,Nayarit,2020-12-01,107.727
18,Nayarit,2021-01-01,108.689
18,Nayarit,2021-02-01,109.297
18,Nayarit,2021-03-01,109.865
18,Nayarit,2021-04-01,110.283
18,Nayarit,2021-05-01,111.02
18,Nayarit,2021-06-01,111.494
18,Nayarit,2021-07-01,112.282
18,Nayarit,2021-08-01,112.522
18,Nayarit,2021-09-01,113.303
18,Nayarit,2021-10-01,113.967
18,Nayarit,2021-11-01,114.931
18,Nayarit,2021-12-01,115.645
18,Nayarit,2022-01-01,116.144
18,Nayarit,2022-02-01,117.398
18,Nayarit,2022-03-01,118.656
18,Nayarit,2022-04-01,119.354
18,Nayarit,2022-05-01,119.859
18,Nayarit,2022-06-01,120.578
18,Nayarit,2022-07-01,121.432
18,Nayarit,2022-08-01,122.488
18,Nayarit,2022-09-01,123.805
18,Nayarit,2022-10-01,124.605
18,Nayarit,2022-11-01,124.789
18,Nayarit,2022-12-01,125.231
18,Nayarit,2023-01-01,126.391
18,Nayarit,2023-02-01,127.367
18,Nayarit,2023-03-01,128.157
18,Nayarit,2023-04-01,128.344
18,Nayarit,2023-05-01,128.512
18,Nayarit,2023-06-01,128.594
18,Nayarit,2023-07-01,129.184
18,Nayarit,2023-08-01,129.708
18,Nayarit,2023-09-01,130.857
18,Nayarit,2023-10-01,131.296
18,Nayarit,2023-11-01,131.762
18,Nayarit,2023-12-01,132.444
18,Nayarit,2024-01-01,133.451
18,Nayarit,2024-02-01,133.647
18,Nayarit,2024-03-01,134.387
18,Nayarit,2024-04-01,134.292
18,Nayarit,2024-05-01,134.445
18,Nayarit,2024-06-01,134.771
18,Nayarit,2024-07-01,136.583
18,Nayarit,2024-08-01,136.46
18,Nayarit,2024-09-01,136.821
18,Nayarit,2024-10-01,137.49
18,Nayarit,2024-11-01,137.587
18,Nayarit,2024-12-01,138.472
19,Nuevo León,2004-01-01,60.10140868
19,Nuevo León,2004-02-01,60.32967712
19,Nuevo León,2004-03-01,60.48723801
19,Nuevo León,2004-04-01,60.69379311
19,Nuevo León,2004-05-01,60.47443271
19,Nuevo León,2004-06-01,60.606383
19,Nuevo León,2004-07-01,60.65593396
19,Nuevo León,2004-08-01,61.00835815
19,Nuevo León,2004-09-01,61.26390745
19,Nuevo León,2004-10-01,61.54117008
19,Nuevo León,2004-11-01,61.97543686
19,Nuevo León,2004-12-01,62.07453877
19,Nuevo León,2005-01-01,62.26439129
19,Nuevo León,2005-02-01,62.35792568
19,Nuevo León,2005-03-01,62.59955617
19,Nuevo León,2005-04-01,62.94028856
19,Nuevo León,2005-05-01,61.98267464
19,Nuevo León,2005-06-01,61.88579974
19,Nuevo León,2005-07-01,62.31060173
19,Nuevo León,2005-08-01,62.2410077
19,Nuevo León,2005-09-01,62.40636313
19,Nuevo León,2005-10-01,62.62461002
19,Nuevo León,2005-11-01,63.719185
19,Nuevo León,2005-12-01,64.10668459
19,Nuevo León,2006-01-01,64.94069951
19,Nuevo León,2006-02-01,64.60275087
19,Nuevo León,2006-03-01,64.6584261
19,Nuevo León,2006-04-01,64.68347995
19,Nuevo León,2006-05-01,63.75760091
19,Nuevo León,2006-06-01,63.67965559
19,Nuevo León,2006-07-01,63.72753629
19,Nuevo León,2006-08-01,63.90347001
19,Nuevo León,2006-09-01,64.31212618
19,Nuevo León,2006-10-01,64.61499942
19,Nuevo León,2006-11-01,65.63162909
19,Nuevo León,2006-12-01,65.93784284
19,Nuevo León,2007-01-01,66.75348493
19,Nuevo León,2007-02-01,67.0023532
19,Nuevo León,2007-03-01,66.62376165
19,Nuevo León,2007-04-01,65.81925461
19,Nuevo León,2007-05-01,65.90555121
19,Nuevo León,2007-06-01,65.97514524
19,Nuevo León,2007-07-01,66.15441948
19,Nuevo León,2007-08-01,66.39549322
19,Nuevo León,2007-09-01,66.82419247
19,Nuevo León,2007-10-01,67.70831509
19,Nuevo León,2007-11-01,67.79238469
19,Nuevo León,2007-12-01,67.98780474
19,Nuevo León,2008-01-01,68.55346506
19,Nuevo León,2008-02-01,68.77950648
19,Nuevo León,2008-03-01,69.34182628
19,Nuevo León,2008-04-01,68.48442777
19,Nuevo León,2008-05-01,68.87749488
19,Nuevo León,2008-06-01,69.18092488
19,Nuevo León,2008-07-01,69.61686191
19,Nuevo León,2008-08-01,69.98431842
19,Nuevo León,2008-09-01,70.40355288
19,Nuevo León,2008-10-01,71.63620243
19,Nuevo León,2008-11-01,72.18850069
19,Nuevo León,2008-12-01,72.65561586
19,Nuevo León,2009-01-01,73.62102431
19,Nuevo León,2009-02-01,73.93725961
19,Nuevo León,2009-03-01,74.31752142
19,Nuevo León,2009-04-01,73.70119664
19,Nuevo León,2009-05-01,73.84205497
19,Nuevo León,2009-06-01,74.07199366
19,Nuevo León,2009-07-01,74.33589424
19,Nuevo León,2009-08-01,74.48287684
19,Nuevo León,2009-09-01,74.71838306
19,Nuevo León,2009-10-01,75.95660013
19,Nuevo León,2009-11-01,75.99501604
19,Nuevo León,2009-12-01,76.19210634
19,Nuevo León,2010-01-01,76.83181471
19,Nuevo León,2010-02-01,77.26107072
19,Nuevo León,2010-03-01,77.63576501
19,Nuevo León,2010-04-01,76.59575175
19,Nuevo León,2010-05-01,75.81351479
19,Nuevo León,2010-06-01,75.53291164
19,Nuevo León,2010-07-01,75.65651065
19,Nuevo León,2010-08-01,75.94045431
19,Nuevo León,2010-09-01,76.33853219
19,Nuevo León,2010-10-01,77.67362416
19,Nuevo León,2010-11-01,77.89242781
19,Nuevo León,2010-12-01,78.00711878
19,Nuevo León,2011-01-01,78.424909
19,Nuevo León,2011-02-01,78.74283304
19,Nuevo León,2011-03-01,78.75142558
19,Nuevo León,2011-04-01,78.15854021
19,Nuevo León,2011-05-01,78.17103845
19,Nuevo León,2011-06-01,78.16713275
19,Nuevo León,2011-07-01,78.42569014
19,Nuevo León,2011-08-01,78.58113703
19,Nuevo León,2011-09-01,78.72799138
19,Nuevo León,2011-10-01,79.87079942
19,Nuevo León,2011-11-01,80.30901904
19,Nuevo León,2011-12-01,80.70349482
19,Nuevo León,2012-01-01,81.31434642
19,Nuevo León,2012-02-01,81.43151744
19,Nuevo León,2012-03-01,81.53853364
19,Nuevo León,2012-04-01,80.61913168
19,Nuevo León,2012-05-01,80.82925839
19,Nuevo León,2012-06-01,81.05735131
19,Nuevo León,2012-07-01,81.49557094
19,Nuevo León,2012-08-01,81.67679545
19,Nuevo León,2012-09-01,81.89473355
19,Nuevo León,2012-10-01,82.97973722
19,Nuevo León,2012-11-01,83.12815385
19,Nuevo León,2012-12-01,83.2437626
19,Nuevo León,2013-01-01,83.42498711
19,Nuevo León,2013-02-01,83.60699277
19,Nuevo León,2013-03-01,84.0803637
19,Nuevo León,2013-04-01,83.29063101
19,Nuevo León,2013-05-01,83.65698574
19,Nuevo León,2013-06-01,83.58199628
19,Nuevo León,2013-07-01,83.66479714
19,Nuevo León,2013-08-01,83.8022778
19,Nuevo León,2013-09-01,84.23893515
19,Nuevo León,2013-10-01,85.29191207
19,Nuevo León,2013-11-01,85.605930420000007
19,Nuevo León,2013-12-01,85.89573341
19,Nuevo León,2014-01-01,86.63234858
19,Nuevo León,2014-02-01,86.87918886
19,Nuevo León,2014-03-01,87.11196863
19,Nuevo León,2014-04-01,86.10586011
19,Nuevo León,2014-05-01,86.22537456
19,Nuevo León,2014-06-01,86.45034292
19,Nuevo León,2014-07-01,86.81357309
19,Nuevo León,2014-08-01,86.82138449
19,Nuevo León,2014-09-01,87.35959006
19,Nuevo León,2014-10-01,88.50083582
19,Nuevo León,2014-11-01,88.75783093
19,Nuevo León,2014-12-01,89.07263041
19,Nuevo León,2015-01-01,89.00467122
19,Nuevo León,2015-02-01,89.29681764
19,Nuevo León,2015-03-01,89.52334828
19,Nuevo León,2015-04-01,88.63597307
19,Nuevo León,2015-05-01,88.58754238
19,Nuevo León,2015-06-01,88.61878798
19,Nuevo León,2015-07-01,88.70002656
19,Nuevo León,2015-08-01,88.94842913
19,Nuevo León,2015-09-01,89.19136371
19,Nuevo León,2015-10-01,90.35213798
19,Nuevo León,2015-11-01,90.3505757
19,Nuevo León,2015-12-01,90.58960459
19,Nuevo León,2016-01-01,90.7786405
19,Nuevo León,2016-02-01,91.29184958
19,Nuevo León,2016-03-01,91.39964692
19,Nuevo León,2016-04-01,90.26074458
19,Nuevo León,2016-05-01,90.24980862
19,Nuevo León,2016-06-01,90.31386211
19,Nuevo León,2016-07-01,90.50524145
19,Nuevo León,2016-08-01,90.99189177
19,Nuevo León,2016-09-01,91.63477011
19,Nuevo León,2016-10-01,92.83460138
19,Nuevo León,2016-11-01,93.10800044
19,Nuevo León,2016-12-01,93.45951351
19,Nuevo León,2017-01-01,95.11709291
19,Nuevo León,2017-02-01,95.72169539
19,Nuevo León,2017-03-01,96.08101986
19,Nuevo León,2017-04-01,95.26629068
19,Nuevo León,2017-05-01,95.53500289
19,Nuevo León,2017-06-01,95.8076208
19,Nuevo León,2017-07-01,96.23177991
19,Nuevo León,2017-08-01,96.52392632
19,Nuevo León,2017-09-01,96.97073849
19,Nuevo León,2017-10-01,98.28149167
19,Nuevo León,2017-11-01,98.39085129
19,Nuevo León,2017-12-01,98.68065428
19,Nuevo León,2018-01-01,99.11887391
19,Nuevo León,2018-02-01,99.42586199
19,Nuevo León,2018-03-01,99.8172132
19,Nuevo León,2018-04-01,98.90874721
19,Nuevo León,2018-05-01,98.89859239
19,Nuevo León,2018-06-01,99.2626037
19,Nuevo León,2018-07-01,99.86330047
19,Nuevo León,2018-08-01,100.479
19,Nuevo León,2018-09-01,100.836
19,Nuevo León,2018-10-01,102.243
19,Nuevo León,2018-11-01,102.704
19,Nuevo León,2018-12-01,103.31
19,Nuevo León,2019-01-01,103.548
19,Nuevo León,2019-02-01,103.791
19,Nuevo León,2019-03-01,104.09
19,Nuevo León,2019-04-01,102.993
19,Nuevo León,2019-05-01,102.945
19,Nuevo León,2019-06-01,102.998
19,Nuevo León,2019-07-01,103.762
19,Nuevo León,2019-08-01,103.814
19,Nuevo León,2019-09-01,104.038
19,Nuevo León,2019-10-01,105.636
19,Nuevo León,2019-11-01,105.892
19,Nuevo León,2019-12-01,106.301
19,Nuevo León,2020-01-01,106.793
19,Nuevo León,2020-02-01,107.171
19,Nuevo León,2020-03-01,107.193
19,Nuevo León,2020-04-01,104.643
19,Nuevo León,2020-05-01,105.761
19,Nuevo León,2020-06-01,105.644
19,Nuevo León,2020-07-01,106.695
19,Nuevo León,2020-08-01,107.113
19,Nuevo León,2020-09-01,107.219
19,Nuevo León,2020-10-01,108.939
19,Nuevo León,2020-11-01,108.511
19,Nuevo León,2020-12-01,108.916
19,Nuevo León,2021-01-01,109.409
19,Nuevo León,2021-02-01,110.121
19,Nuevo León,2021-03-01,110.858
19,Nuevo León,2021-04-01,109.941
19,Nuevo León,2021-05-01,110.548
19,Nuevo León,2021-06-01,111.242
19,Nuevo León,2021-07-01,111.922
19,Nuevo León,2021-08-01,112.637
19,Nuevo León,2021-09-01,113.369
19,Nuevo León,2021-10-01,115.927
19,Nuevo León,2021-11-01,116.693
19,Nuevo León,2021-12-01,117.247
19,Nuevo León,2022-01-01,117.833
19,Nuevo León,2022-02-01,119.136
19,Nuevo León,2022-03-01,119.969
19,Nuevo León,2022-04-01,119.252
19,Nuevo León,2022-05-01,120.019
19,Nuevo León,2022-06-01,121.047
19,Nuevo León,2022-07-01,121.961
19,Nuevo León,2022-08-01,123.041
19,Nuevo León,2022-09-01,123.747
19,Nuevo León,2022-10-01,126.037
19,Nuevo León,2022-11-01,126.222
19,Nuevo León,2022-12-01,126.296
19,Nuevo León,2023-01-01,126.813
19,Nuevo León,2023-02-01,127.614
19,Nuevo León,2023-03-01,128.007
19,Nuevo León,2023-04-01,126.323
19,Nuevo León,2023-05-01,126.387
19,Nuevo León,2023-06-01,126.661
19,Nuevo León,2023-07-01,127.284
19,Nuevo León,2023-08-01,127.566
19,Nuevo León,2023-09-01,128.307
19,Nuevo León,2023-10-01,130.529
19,Nuevo León,2023-11-01,130.827
19,Nuevo León,2023-12-01,131.555
19,Nuevo León,2024-01-01,132.821
19,Nuevo León,2024-02-01,133.422
19,Nuevo León,2024-03-01,133.786
19,Nuevo León,2024-04-01,132.403
19,Nuevo León,2024-05-01,132.526
19,Nuevo León,2024-06-01,133.068
19,Nuevo León,2024-07-01,134.141
19,Nuevo León,2024-08-01,134.459
19,Nuevo León,2024-09-01,134.586
19,Nuevo León,2024-10-01,136.451
19,Nuevo León,2024-11-01,136.654
19,Nuevo León,2024-12-01,137.091
20,Oaxaca,2004-01-01,55.934323324999994
20,Oaxaca,2004-02-01,56.096524994999996
20,Oaxaca,2004-03-01,56.324100735
20,Oaxaca,2004-04-01,56.151937274999995
20,Oaxaca,2004-05-01,56.191880695
20,Oaxaca,2004-06-01,56.29394352
20,Oaxaca,2004-07-01,56.533183835
20,Oaxaca,2004-08-01,57.034640825
20,Oaxaca,2004-09-01,57.610465399999995
20,Oaxaca,2004-10-01,58.240964410000004
20,Oaxaca,2004-11-01,58.49521994
20,Oaxaca,2004-12-01,58.550670335
20,Oaxaca,2005-01-01,58.45062189
20,Oaxaca,2005-02-01,58.66192822
20,Oaxaca,2005-03-01,58.970875840000005
20,Oaxaca,2005-04-01,58.95561119
20,Oaxaca,2005-05-01,59.093641455
20,Oaxaca,2005-06-01,59.10277452
20,Oaxaca,2005-07-01,59.418766649999995
20,Oaxaca,2005-08-01,59.576339985000004
20,Oaxaca,2005-09-01,59.794111145
20,Oaxaca,2005-10-01,60.227755895
20,Oaxaca,2005-11-01,60.29369274
20,Oaxaca,2005-12-01,60.577649995
20,Oaxaca,2006-01-01,60.95545742
20,Oaxaca,2006-02-01,61.282019945
20,Oaxaca,2006-03-01,61.26626408
20,Oaxaca,2006-04-01,61.03270946000001
20,Oaxaca,2006-05-01,61.27189605
20,Oaxaca,2006-06-01,61.317920165000004
20,Oaxaca,2006-07-01,61.484952465
20,Oaxaca,2006-08-01,61.8366624
20,Oaxaca,2006-09-01,62.732657759999995
20,Oaxaca,2006-10-01,63.4186128
20,Oaxaca,2006-11-01,63.19727985
20,Oaxaca,2006-12-01,63.661361545
20,Oaxaca,2007-01-01,63.806211475
20,Oaxaca,2007-02-01,63.823433050000006
20,Oaxaca,2007-03-01,64.096208105
20,Oaxaca,2007-04-01,63.999737425000006
20,Oaxaca,2007-05-01,63.91008563
20,Oaxaca,2007-06-01,63.947104415
20,Oaxaca,2007-07-01,64.21193543
20,Oaxaca,2007-08-01,64.46412097999999
20,Oaxaca,2007-09-01,65.172732325
20,Oaxaca,2007-10-01,65.47337524
20,Oaxaca,2007-11-01,65.63377159
20,Oaxaca,2007-12-01,66.12299619
20,Oaxaca,2008-01-01,66.43749651499999
20,Oaxaca,2008-02-01,66.492546445
20,Oaxaca,2008-03-01,67.095271145
20,Oaxaca,2008-04-01,67.09753197500001
20,Oaxaca,2008-05-01,67.269664835
20,Oaxaca,2008-06-01,67.58387569499999
20,Oaxaca,2008-07-01,67.960354535
20,Oaxaca,2008-08-01,68.25385341500001
20,Oaxaca,2008-09-01,68.5761616
20,Oaxaca,2008-10-01,69.190125575
20,Oaxaca,2008-11-01,69.66619868000001
20,Oaxaca,2008-12-01,70.53519961
20,Oaxaca,2009-01-01,70.52468611500001
20,Oaxaca,2009-02-01,70.59267753
20,Oaxaca,2009-03-01,70.81473872000001
20,Oaxaca,2009-04-01,70.842099085
20,Oaxaca,2009-05-01,71.015455325
20,Oaxaca,2009-06-01,71.25392494
20,Oaxaca,2009-07-01,71.53995517999999
20,Oaxaca,2009-08-01,71.44686896
20,Oaxaca,2009-09-01,71.747015815
20,Oaxaca,2009-10-01,72.13855795500001
20,Oaxaca,2009-11-01,72.03617449000001
20,Oaxaca,2009-12-01,72.301425505
20,Oaxaca,2010-01-01,73.25127125
20,Oaxaca,2010-02-01,73.50200895
20,Oaxaca,2010-03-01,74.034224075
20,Oaxaca,2010-04-01,73.56037462
20,Oaxaca,2010-05-01,73.25852314
20,Oaxaca,2010-06-01,73.116027015
20,Oaxaca,2010-07-01,73.45038220500001
20,Oaxaca,2010-08-01,73.74101899499999
20,Oaxaca,2010-09-01,74.272133755
20,Oaxaca,2010-10-01,75.20656904500001
20,Oaxaca,2010-11-01,75.544244275
20,Oaxaca,2010-12-01,75.989112565
20,Oaxaca,2011-01-01,76.25444585
20,Oaxaca,2011-02-01,76.95487379
20,Oaxaca,2011-03-01,77.00623952000001
20,Oaxaca,2011-04-01,76.674559955
20,Oaxaca,2011-05-01,76.60797713
20,Oaxaca,2011-06-01,76.67121585000001
20,Oaxaca,2011-07-01,77.19489605999999
20,Oaxaca,2011-08-01,77.2298124
20,Oaxaca,2011-09-01,77.38274733
20,Oaxaca,2011-10-01,77.95453373000001
20,Oaxaca,2011-11-01,78.28352407
20,Oaxaca,2011-12-01,78.92709486999999
20,Oaxaca,2012-01-01,79.53807706
20,Oaxaca,2012-02-01,79.65692611
20,Oaxaca,2012-03-01,79.87634445
20,Oaxaca,2012-04-01,79.681760115
20,Oaxaca,2012-05-01,79.84123187
20,Oaxaca,2012-06-01,80.330055775
20,Oaxaca,2012-07-01,81.03909847
20,Oaxaca,2012-08-01,81.190626165
20,Oaxaca,2012-09-01,81.66692445999999
20,Oaxaca,2012-10-01,82.1653882
20,Oaxaca,2012-11-01,82.16570902000001
20,Oaxaca,2012-12-01,82.34367936
20,Oaxaca,2013-01-01,82.61639481
20,Oaxaca,2013-02-01,82.84594938500001
20,Oaxaca,2013-03-01,83.324556365
20,Oaxaca,2013-04-01,83.34392542500001
20,Oaxaca,2013-05-01,83.47262796
20,Oaxaca,2013-06-01,83.40275106499999
20,Oaxaca,2013-07-01,83.44760707500001
20,Oaxaca,2013-08-01,83.622787805
20,Oaxaca,2013-09-01,83.787405625
20,Oaxaca,2013-10-01,84.007301325
20,Oaxaca,2013-11-01,84.426190245
20,Oaxaca,2013-12-01,85.216669105
20,Oaxaca,2014-01-01,85.54270006499999
20,Oaxaca,2014-02-01,85.45590417
20,Oaxaca,2014-03-01,85.57875283499999
20,Oaxaca,2014-04-01,85.47780559
20,Oaxaca,2014-05-01,85.845987205
20,Oaxaca,2014-06-01,85.84841305500001
20,Oaxaca,2014-07-01,86.05981600999999
20,Oaxaca,2014-08-01,86.474260855
20,Oaxaca,2014-09-01,86.872236955
20,Oaxaca,2014-10-01,87.44850970499999
20,Oaxaca,2014-11-01,87.44492257
20,Oaxaca,2014-12-01,88.12509192499999
20,Oaxaca,2015-01-01,88.263527895
20,Oaxaca,2015-02-01,88.22232421999999
20,Oaxaca,2015-03-01,88.46366399499999
20,Oaxaca,2015-04-01,88.31613042500001
20,Oaxaca,2015-05-01,88.194071545
20,Oaxaca,2015-06-01,88.15748138000001
20,Oaxaca,2015-07-01,88.30423548
20,Oaxaca,2015-08-01,88.42850074
20,Oaxaca,2015-09-01,88.79532354
20,Oaxaca,2015-10-01,89.41210474
20,Oaxaca,2015-11-01,89.45627198
20,Oaxaca,2015-12-01,90.06469889499999
20,Oaxaca,2016-01-01,90.676445705
20,Oaxaca,2016-02-01,91.01544156
20,Oaxaca,2016-03-01,90.9556315
20,Oaxaca,2016-04-01,90.796783955
20,Oaxaca,2016-05-01,90.801106655
20,Oaxaca,2016-06-01,91.15288730500001
20,Oaxaca,2016-07-01,91.137116995
20,Oaxaca,2016-08-01,91.16796367
20,Oaxaca,2016-09-01,91.84379838000001
20,Oaxaca,2016-10-01,92.413056295
20,Oaxaca,2016-11-01,92.67126343000001
20,Oaxaca,2016-12-01,92.95595839
20,Oaxaca,2017-01-01,94.090991315
20,Oaxaca,2017-02-01,94.3410772
20,Oaxaca,2017-03-01,94.87969596
20,Oaxaca,2017-04-01,95.20093235
20,Oaxaca,2017-05-01,95.56173957499999
20,Oaxaca,2017-06-01,95.783282955
20,Oaxaca,2017-07-01,96.02166142499999
20,Oaxaca,2017-08-01,96.803777935
20,Oaxaca,2017-09-01,96.932509525
20,Oaxaca,2017-10-01,97.537700145
20,Oaxaca,2017-11-01,97.91673903
20,Oaxaca,2017-12-01,98.60220323499999
20,Oaxaca,2018-01-01,98.81686411000001
20,Oaxaca,2018-02-01,98.92791693
20,Oaxaca,2018-03-01,99.06985385499999
20,Oaxaca,2018-04-01,98.66025876500001
20,Oaxaca,2018-05-01,98.839023735
20,Oaxaca,2018-06-01,99.412404245
20,Oaxaca,2018-07-01,99.91828787
20,Oaxaca,2018-08-01,100.3355
20,Oaxaca,2018-09-01,101.247
20,Oaxaca,2018-10-01,102.2185
20,Oaxaca,2018-11-01,102.7165
20,Oaxaca,2018-12-01,103.68299999999999
20,Oaxaca,2019-01-01,103.77000000000001
20,Oaxaca,2019-02-01,103.8265
20,Oaxaca,2019-03-01,104.22749999999999
20,Oaxaca,2019-04-01,103.94399999999999
20,Oaxaca,2019-05-01,104.1335
20,Oaxaca,2019-06-01,104.41149999999999
20,Oaxaca,2019-07-01,105.52
20,Oaxaca,2019-08-01,105.42699999999999
20,Oaxaca,2019-09-01,105.35900000000001
20,Oaxaca,2019-10-01,105.944
20,Oaxaca,2019-11-01,106.292
20,Oaxaca,2019-12-01,106.883
20,Oaxaca,2020-01-01,107.37299999999999
20,Oaxaca,2020-02-01,108.0275
20,Oaxaca,2020-03-01,108.8985
20,Oaxaca,2020-04-01,107.769
20,Oaxaca,2020-05-01,108.64699999999999
20,Oaxaca,2020-06-01,108.998
20,Oaxaca,2020-07-01,109.239
20,Oaxaca,2020-08-01,109.36850000000001
20,Oaxaca,2020-09-01,109.375
20,Oaxaca,2020-10-01,110.30799999999999
20,Oaxaca,2020-11-01,110.06700000000001
20,Oaxaca,2020-12-01,110.46
20,Oaxaca,2021-01-01,111.631
20,Oaxaca,2021-02-01,112.419
20,Oaxaca,2021-03-01,113.45
20,Oaxaca,2021-04-01,113.715
20,Oaxaca,2021-05-01,114.03399999999999
20,Oaxaca,2021-06-01,114.652
20,Oaxaca,2021-07-01,115.5295
20,Oaxaca,2021-08-01,116.201
20,Oaxaca,2021-09-01,117.12100000000001
20,Oaxaca,2021-10-01,118.4825
20,Oaxaca,2021-11-01,119.0495
20,Oaxaca,2021-12-01,119.6135
20,Oaxaca,2022-01-01,120.66900000000001
20,Oaxaca,2022-02-01,121.535
20,Oaxaca,2022-03-01,123.12
20,Oaxaca,2022-04-01,123.9965
20,Oaxaca,2022-05-01,125.235
20,Oaxaca,2022-06-01,126.62299999999999
20,Oaxaca,2022-07-01,127.55349999999999
20,Oaxaca,2022-08-01,128.567
20,Oaxaca,2022-09-01,129.2905
20,Oaxaca,2022-10-01,130.518
20,Oaxaca,2022-11-01,130.95499999999998
20,Oaxaca,2022-12-01,131.7825
20,Oaxaca,2023-01-01,132.7305
20,Oaxaca,2023-02-01,132.856
20,Oaxaca,2023-03-01,133.251
20,Oaxaca,2023-04-01,132.981
20,Oaxaca,2023-05-01,133.4475
20,Oaxaca,2023-06-01,133.4315
20,Oaxaca,2023-07-01,134.177
20,Oaxaca,2023-08-01,135.3145
20,Oaxaca,2023-09-01,135.637
20,Oaxaca,2023-10-01,136.36599999999999
20,Oaxaca,2023-11-01,136.76049999999998
20,Oaxaca,2023-12-01,138.2375
20,Oaxaca,2024-01-01,139.7915
20,Oaxaca,2024-02-01,140.14249999999998
20,Oaxaca,2024-03-01,139.829
20,Oaxaca,2024-04-01,139.8055
20,Oaxaca,2024-05-01,140.214
20,Oaxaca,2024-06-01,141.3315
20,Oaxaca,2024-07-01,143.3475
20,Oaxaca,2024-08-01,143.0915
20,Oaxaca,2024-09-01,142.4535
20,Oaxaca,2024-10-01,143.76350000000002
20,Oaxaca,2024-11-01,144.27949999999998
20,Oaxaca,2024-12-01,144.848
21,Puebla,2004-01-01,52.97320063
21,Puebla,2004-02-01,53.31262949
21,Puebla,2004-03-01,53.46475308
21,Puebla,2004-04-01,53.48506926
21,Puebla,2004-05-01,53.60250669
21,Puebla,2004-06-01,53.67980728
21,Puebla,2004-07-01,53.89188838
21,Puebla,2004-08-01,54.38294531
21,Puebla,2004-09-01,55.12027399
21,Puebla,2004-10-01,55.49290247
21,Puebla,2004-11-01,55.79665413
21,Puebla,2004-12-01,55.89476642
21,Puebla,2005-01-01,55.68318083
21,Puebla,2005-02-01,56.32091068
21,Puebla,2005-03-01,56.7366491
21,Puebla,2005-04-01,57.08202416
21,Puebla,2005-05-01,57.27032046
21,Puebla,2005-06-01,57.16626198
21,Puebla,2005-07-01,57.43334542
21,Puebla,2005-08-01,57.41699337
21,Puebla,2005-09-01,57.72916882
21,Puebla,2005-10-01,57.74452983
21,Puebla,2005-11-01,57.86048071
21,Puebla,2005-12-01,58.48582265
21,Puebla,2006-01-01,58.85646905
21,Puebla,2006-02-01,59.02791779
21,Puebla,2006-03-01,59.01206126
21,Puebla,2006-04-01,58.97489752
21,Puebla,2006-05-01,59.12008388
21,Puebla,2006-06-01,59.26824333
21,Puebla,2006-07-01,59.28459538
21,Puebla,2006-08-01,59.7151993
21,Puebla,2006-09-01,60.63586911
21,Puebla,2006-10-01,60.9074122
21,Puebla,2006-11-01,60.95399076
21,Puebla,2006-12-01,61.38459467
21,Puebla,2007-01-01,61.58924302
21,Puebla,2007-02-01,61.57784614
21,Puebla,2007-03-01,61.80132412
21,Puebla,2007-04-01,61.92223017
21,Puebla,2007-05-01,61.81618962
21,Puebla,2007-06-01,61.93957325
21,Puebla,2007-07-01,62.20913427
21,Puebla,2007-08-01,62.71951636
21,Puebla,2007-09-01,63.48756706
21,Puebla,2007-10-01,63.27102632
21,Puebla,2007-11-01,63.56189455
21,Puebla,2007-12-01,63.74969534
21,Puebla,2008-01-01,63.81857214
21,Puebla,2008-02-01,64.12381036
21,Puebla,2008-03-01,65.19313515
21,Puebla,2008-04-01,65.65049696
21,Puebla,2008-05-01,65.89875077
21,Puebla,2008-06-01,66.10092154
21,Puebla,2008-07-01,66.46463071
21,Puebla,2008-08-01,66.77829271
21,Puebla,2008-09-01,67.25398863
21,Puebla,2008-10-01,67.54981204
21,Puebla,2008-11-01,68.10677268
21,Puebla,2008-12-01,69.06163314
21,Puebla,2009-01-01,68.9947384
21,Puebla,2009-02-01,68.96352086
21,Puebla,2009-03-01,69.44565849
21,Puebla,2009-04-01,69.94414818
21,Puebla,2009-05-01,70.00509672
21,Puebla,2009-06-01,69.98230296
21,Puebla,2009-07-01,70.07793766
21,Puebla,2009-08-01,70.13393103
21,Puebla,2009-09-01,70.79395912
21,Puebla,2009-10-01,70.690891679999993
21,Puebla,2009-11-01,70.63588933
21,Puebla,2009-12-01,71.09176459
21,Puebla,2010-01-01,71.64030145
21,Puebla,2010-02-01,71.81373226
21,Puebla,2010-03-01,72.27406717
21,Puebla,2010-04-01,72.23095722
21,Puebla,2010-05-01,72.0481116
21,Puebla,2010-06-01,72.00153305
21,Puebla,2010-07-01,72.17793695
21,Puebla,2010-08-01,72.53173579
21,Puebla,2010-09-01,73.10455297
21,Puebla,2010-10-01,73.55695961
21,Puebla,2010-11-01,73.85476508
21,Puebla,2010-12-01,74.19072532
21,Puebla,2011-01-01,74.92669713
21,Puebla,2011-02-01,75.363537590000007
21,Puebla,2011-03-01,75.50716656
21,Puebla,2011-04-01,76.09879887
21,Puebla,2011-05-01,75.99461205
21,Puebla,2011-06-01,75.93061158
21,Puebla,2011-07-01,76.22679983
21,Puebla,2011-08-01,76.55201155
21,Puebla,2011-09-01,76.70233825
21,Puebla,2011-10-01,76.88020004
21,Puebla,2011-11-01,77.1228065
21,Puebla,2011-12-01,77.85509101
21,Puebla,2012-01-01,78.45937458
21,Puebla,2012-02-01,78.60002679
21,Puebla,2012-03-01,78.58737553
21,Puebla,2012-04-01,78.61565481
21,Puebla,2012-05-01,78.95947133
21,Puebla,2012-06-01,79.3062646
21,Puebla,2012-07-01,79.64933693
21,Puebla,2012-08-01,80.00729308
21,Puebla,2012-09-01,80.41287749
21,Puebla,2012-10-01,80.49920372
21,Puebla,2012-11-01,80.55873904
21,Puebla,2012-12-01,80.84227604
21,Puebla,2013-01-01,80.96581184
21,Puebla,2013-02-01,81.22181374
21,Puebla,2013-03-01,81.92507479
21,Puebla,2013-04-01,82.0746573
21,Puebla,2013-05-01,82.0478664
21,Puebla,2013-06-01,81.79930641
21,Puebla,2013-07-01,81.64228199
21,Puebla,2013-08-01,82.09623886
21,Puebla,2013-09-01,82.45345082
21,Puebla,2013-10-01,82.4899162
21,Puebla,2013-11-01,83.00043163
21,Puebla,2013-12-01,83.5868546
21,Puebla,2014-01-01,83.8696474
21,Puebla,2014-02-01,83.91504309
21,Puebla,2014-03-01,83.99839255
21,Puebla,2014-04-01,84.16657984
21,Puebla,2014-05-01,84.41216307
21,Puebla,2014-06-01,84.62276929
21,Puebla,2014-07-01,84.86760832
21,Puebla,2014-08-01,85.43244973
21,Puebla,2014-09-01,85.8953369
21,Puebla,2014-10-01,86.0367333
21,Puebla,2014-11-01,86.44008514
21,Puebla,2014-12-01,87.07860152
21,Puebla,2015-01-01,86.89478619
21,Puebla,2015-02-01,87.07860152
21,Puebla,2015-03-01,87.3360918
21,Puebla,2015-04-01,87.55413994
21,Puebla,2015-05-01,87.3539524
21,Puebla,2015-06-01,87.54669802
21,Puebla,2015-07-01,87.48790689
21,Puebla,2015-08-01,87.725304
21,Puebla,2015-09-01,88.01107357
21,Puebla,2015-10-01,88.34893655
21,Puebla,2015-11-01,88.47023978
21,Puebla,2015-12-01,89.24866418
21,Puebla,2016-01-01,89.40792118
21,Puebla,2016-02-01,89.87006415
21,Puebla,2016-03-01,89.77555182
21,Puebla,2016-04-01,89.77406343
21,Puebla,2016-05-01,89.92587852
21,Puebla,2016-06-01,89.93332043
21,Puebla,2016-07-01,89.90504115
21,Puebla,2016-08-01,90.3872773
21,Puebla,2016-09-01,91.17537619
21,Puebla,2016-10-01,91.33612157
21,Puebla,2016-11-01,91.83845089
21,Puebla,2016-12-01,92.14580202
21,Puebla,2017-01-01,93.08125084
21,Puebla,2017-02-01,93.55678926
21,Puebla,2017-03-01,94.25632935
21,Puebla,2017-04-01,94.83754298
21,Puebla,2017-05-01,95.47010582
21,Puebla,2017-06-01,95.68964234
21,Puebla,2017-07-01,95.72685192
21,Puebla,2017-08-01,96.36164734
21,Puebla,2017-09-01,96.81113906
21,Puebla,2017-10-01,96.73299894
21,Puebla,2017-11-01,97.51588849
21,Puebla,2017-12-01,98.30101061
21,Puebla,2018-01-01,98.45952342
21,Puebla,2018-02-01,98.58454761
21,Puebla,2018-03-01,98.66045515
21,Puebla,2018-04-01,98.6381294
21,Puebla,2018-05-01,99.19031956
21,Puebla,2018-06-01,99.48129847
21,Puebla,2018-07-01,99.9557206
21,Puebla,2018-08-01,100.63650000000001
21,Puebla,2018-09-01,100.93350000000001
21,Puebla,2018-10-01,101.17699999999999
21,Puebla,2018-11-01,102.084
21,Puebla,2018-12-01,103.21000000000001
21,Puebla,2019-01-01,103.3085
21,Puebla,2019-02-01,102.80799999999999
21,Puebla,2019-03-01,103.134
21,Puebla,2019-04-01,103.3655
21,Puebla,2019-05-01,103.47200000000001
21,Puebla,2019-06-01,103.426
21,Puebla,2019-07-01,103.976
21,Puebla,2019-08-01,103.6565
21,Puebla,2019-09-01,103.894
21,Puebla,2019-10-01,104.6515
21,Puebla,2019-11-01,105.77000000000001
21,Puebla,2019-12-01,106.30199999999999
21,Puebla,2020-01-01,106.863
21,Puebla,2020-02-01,107.5725
21,Puebla,2020-03-01,107.39699999999999
21,Puebla,2020-04-01,106.7025
21,Puebla,2020-05-01,107.4765
21,Puebla,2020-06-01,107.503
21,Puebla,2020-07-01,107.8555
21,Puebla,2020-08-01,108.59450000000001
21,Puebla,2020-09-01,108.97800000000001
21,Puebla,2020-10-01,109.5635
21,Puebla,2020-11-01,108.9565
21,Puebla,2020-12-01,109.1695
21,Puebla,2021-01-01,110.468
21,Puebla,2021-02-01,111.061
21,Puebla,2021-03-01,112.1255
21,Puebla,2021-04-01,113.15299999999999
21,Puebla,2021-05-01,113.844
21,Puebla,2021-06-01,114.41550000000001
21,Puebla,2021-07-01,115.3315
21,Puebla,2021-08-01,115.20949999999999
21,Puebla,2021-09-01,115.57900000000001
21,Puebla,2021-10-01,116.174
21,Puebla,2021-11-01,117.34049999999999
21,Puebla,2021-12-01,117.194
21,Puebla,2022-01-01,117.987
21,Puebla,2022-02-01,118.819
21,Puebla,2022-03-01,120.4805
21,Puebla,2022-04-01,121.61500000000001
21,Puebla,2022-05-01,122.35900000000001
21,Puebla,2022-06-01,123.0985
21,Puebla,2022-07-01,124.0055
21,Puebla,2022-08-01,125.112
21,Puebla,2022-09-01,125.7365
21,Puebla,2022-10-01,125.9505
21,Puebla,2022-11-01,126.2035
21,Puebla,2022-12-01,127.2225
21,Puebla,2023-01-01,128.4115
21,Puebla,2023-02-01,129.16
21,Puebla,2023-03-01,128.99
21,Puebla,2023-04-01,128.945
21,Puebla,2023-05-01,129.0985
21,Puebla,2023-06-01,129.01749999999998
21,Puebla,2023-07-01,129.693
21,Puebla,2023-08-01,130.702
21,Puebla,2023-09-01,131.0685
21,Puebla,2023-10-01,131.0635
21,Puebla,2023-11-01,131.814
21,Puebla,2023-12-01,132.8775
21,Puebla,2024-01-01,134.41
21,Puebla,2024-02-01,134.035
21,Puebla,2024-03-01,134.33499999999998
21,Puebla,2024-04-01,135.6095
21,Puebla,2024-05-01,135.9235
21,Puebla,2024-06-01,136.374
21,Puebla,2024-07-01,138.029
21,Puebla,2024-08-01,137.539
21,Puebla,2024-09-01,137.39
21,Puebla,2024-10-01,138.357
21,Puebla,2024-11-01,138.6255
21,Puebla,2024-12-01,138.76
22,Querétaro,2004-01-01,51.76337173
22,Querétaro,2004-02-01,51.96152669
22,Querétaro,2004-03-01,52.23156603
22,Querétaro,2004-04-01,52.341284280000004
22,Querétaro,2004-05-01,52.45289424
22,Querétaro,2004-06-01,52.67895168
22,Querétaro,2004-07-01,52.89507773
22,Querétaro,2004-08-01,53.23936606
22,Querétaro,2004-09-01,53.77660719
22,Querétaro,2004-10-01,54.12609768
22,Querétaro,2004-11-01,54.37438253
22,Querétaro,2004-12-01,54.63070708
22,Querétaro,2005-01-01,54.87473562
22,Querétaro,2005-02-01,54.92391967
22,Querétaro,2005-03-01,55.26537045
22,Querétaro,2005-04-01,55.33961945
22,Querétaro,2005-05-01,55.48669866
22,Querétaro,2005-06-01,55.64465512
22,Querétaro,2005-07-01,55.78416756
22,Querétaro,2005-08-01,55.89057535
22,Querétaro,2005-09-01,56.39187429
22,Querétaro,2005-10-01,56.42261432
22,Querétaro,2005-11-01,56.76075464
22,Querétaro,2005-12-01,57.17834612
22,Querétaro,2006-01-01,57.34245058
22,Querétaro,2006-02-01,57.52121568
22,Querétaro,2006-03-01,57.51554059
22,Querétaro,2006-04-01,57.75956913
22,Querétaro,2006-05-01,57.84043906
22,Querétaro,2006-06-01,57.95346778
22,Querétaro,2006-07-01,58.31809182
22,Querétaro,2006-08-01,58.7096725
22,Querétaro,2006-09-01,59.26535764
22,Querétaro,2006-10-01,59.32778355
22,Querétaro,2006-11-01,59.3670362
22,Querétaro,2006-12-01,59.6162669
22,Querétaro,2007-01-01,59.74206456
22,Querétaro,2007-02-01,60.13175355
22,Querétaro,2007-03-01,60.2674826
22,Querétaro,2007-04-01,60.40557627
22,Querétaro,2007-05-01,60.48928373
22,Querétaro,2007-06-01,60.53563024
22,Querétaro,2007-07-01,60.62264817
22,Querétaro,2007-08-01,60.90214597
22,Querétaro,2007-09-01,61.54957828
22,Querétaro,2007-10-01,61.59261432
22,Querétaro,2007-11-01,61.81961761
22,Querétaro,2007-12-01,62.20883368
22,Querétaro,2008-01-01,62.57676818
22,Querétaro,2008-02-01,62.85153675
22,Querétaro,2008-03-01,63.50937338
22,Querétaro,2008-04-01,63.76948132
22,Querétaro,2008-05-01,63.87021403
22,Querétaro,2008-06-01,64.27692826
22,Querétaro,2008-07-01,64.64770031
22,Querétaro,2008-08-01,65.06387301
22,Querétaro,2008-09-01,65.77042076
22,Querétaro,2008-10-01,65.99316774
22,Querétaro,2008-11-01,66.41927184
22,Querétaro,2008-12-01,66.86192826
22,Querétaro,2009-01-01,66.88557444
22,Querétaro,2009-02-01,67.10926726
22,Querétaro,2009-03-01,67.26769665
22,Querétaro,2009-04-01,67.50084794
22,Querétaro,2009-05-01,67.45497436
22,Querétaro,2009-06-01,67.74345771
22,Querétaro,2009-07-01,68.21117908
22,Querétaro,2009-08-01,68.72051772
22,Querétaro,2009-09-01,68.91205175
22,Querétaro,2009-10-01,68.87469079
22,Querétaro,2009-11-01,68.95508779
22,Querétaro,2009-12-01,69.4417261
22,Querétaro,2010-01-01,69.99268201
22,Querétaro,2010-02-01,70.35210389
22,Querétaro,2010-03-01,70.81887941
22,Querétaro,2010-04-01,70.6940276
22,Querétaro,2010-05-01,70.69875683
22,Querétaro,2010-06-01,70.80043539
22,Querétaro,2010-07-01,71.00331959
22,Querétaro,2010-08-01,71.11918585
22,Querétaro,2010-09-01,71.79026434
22,Querétaro,2010-10-01,71.96571896
22,Querétaro,2010-11-01,72.10806895
22,Querétaro,2010-12-01,72.46134282
22,Querétaro,2011-01-01,72.81371309
22,Querétaro,2011-02-01,73.08849828
22,Querétaro,2011-03-01,73.2069903
22,Querétaro,2011-04-01,73.35746791
22,Querétaro,2011-05-01,73.250607
22,Querétaro,2011-06-01,73.33347872
22,Querétaro,2011-07-01,73.7681918
22,Querétaro,2011-08-01,74.00299501
22,Querétaro,2011-09-01,74.18036958
22,Querétaro,2011-10-01,74.29522688
22,Querétaro,2011-11-01,74.72993995
22,Querétaro,2011-12-01,75.46124657
22,Querétaro,2012-01-01,75.913406320000007
22,Querétaro,2012-02-01,76.06824559
22,Querétaro,2012-03-01,76.27033628
22,Querétaro,2012-04-01,76.21508847
22,Querétaro,2012-05-01,76.447710850000007
22,Querétaro,2012-06-01,76.69632602
22,Querétaro,2012-07-01,77.23353833
22,Querétaro,2012-08-01,77.60428025
22,Querétaro,2012-09-01,77.8492607
22,Querétaro,2012-10-01,77.84271819
22,Querétaro,2012-11-01,77.78165482
22,Querétaro,2012-12-01,77.85362237
22,Querétaro,2013-01-01,78.33267908
22,Querétaro,2013-02-01,79.1272299
22,Querétaro,2013-03-01,79.69570085
22,Querétaro,2013-04-01,80.01046801
22,Querétaro,2013-05-01,80.17403062
22,Querétaro,2013-06-01,80.01119495
22,Querétaro,2013-07-01,80.10860557
22,Querétaro,2013-08-01,80.54331865
22,Querétaro,2013-09-01,80.71415071
22,Querétaro,2013-10-01,80.68361902
22,Querétaro,2013-11-01,81.07980402
22,Querétaro,2013-12-01,81.59448103
22,Querétaro,2014-01-01,82.16222503
22,Querétaro,2014-02-01,82.26617816
22,Querétaro,2014-03-01,82.3832163
22,Querétaro,2014-04-01,82.53224001
22,Querétaro,2014-05-01,82.57658365
22,Querétaro,2014-06-01,82.73796543
22,Querétaro,2014-07-01,82.85645745
22,Querétaro,2014-08-01,83.32897166
22,Querétaro,2014-09-01,83.54705515
22,Querétaro,2014-10-01,83.74114945
22,Querétaro,2014-11-01,84.08208662
22,Querétaro,2014-12-01,84.77123043
22,Querétaro,2015-01-01,84.54733139
22,Querétaro,2015-02-01,84.882453
22,Querétaro,2015-03-01,85.29753856
22,Querétaro,2015-04-01,84.9827714
22,Querétaro,2015-05-01,84.95369361
22,Querétaro,2015-06-01,84.90716913
22,Querétaro,2015-07-01,85.29753856
22,Querétaro,2015-08-01,86.22148558
22,Querétaro,2015-09-01,86.59368139
22,Querétaro,2015-10-01,86.47809715
22,Querétaro,2015-11-01,86.73470871
22,Querétaro,2015-12-01,87.3976825
22,Querétaro,2016-01-01,87.3831436
22,Querétaro,2016-02-01,87.81785668
22,Querétaro,2016-03-01,88.0366671
22,Querétaro,2016-04-01,87.79677527
22,Querétaro,2016-05-01,88.03739405
22,Querétaro,2016-06-01,88.06211018
22,Querétaro,2016-07-01,88.35434204
22,Querétaro,2016-08-01,88.89373519
22,Querétaro,2016-09-01,89.27320045
22,Querétaro,2016-10-01,89.53199285
22,Querétaro,2016-11-01,89.86784141
22,Querétaro,2016-12-01,90.25675695
22,Querétaro,2017-01-01,91.73318213
22,Querétaro,2017-02-01,92.47466597
22,Querétaro,2017-03-01,93.12528169
22,Querétaro,2017-04-01,93.41387883
22,Querétaro,2017-05-01,93.64213954
22,Querétaro,2017-06-01,93.70901848
22,Querétaro,2017-07-01,94.13718905
22,Querétaro,2017-08-01,94.77980838
22,Querétaro,2017-09-01,95.04877801
22,Querétaro,2017-10-01,95.25232259
22,Querétaro,2017-11-01,95.83751327
22,Querétaro,2017-12-01,96.4866751
22,Querétaro,2018-01-01,97.0333377
22,Querétaro,2018-02-01,97.75592097
22,Querétaro,2018-03-01,98.13902095
22,Querétaro,2018-04-01,98.28295605
22,Querétaro,2018-05-01,98.30767218
22,Querétaro,2018-06-01,98.943749
22,Querétaro,2018-07-01,99.82262543
22,Querétaro,2018-08-01,100.379
22,Querétaro,2018-09-01,101.027
22,Querétaro,2018-10-01,101.226
22,Querétaro,2018-11-01,101.983
22,Querétaro,2018-12-01,102.859
22,Querétaro,2019-01-01,103.735
22,Querétaro,2019-02-01,103.271
22,Querétaro,2019-03-01,103.556
22,Querétaro,2019-04-01,103.993
22,Querétaro,2019-05-01,104.194
22,Querétaro,2019-06-01,104.471
22,Querétaro,2019-07-01,104.585
22,Querétaro,2019-08-01,104.913
22,Querétaro,2019-09-01,105.326
22,Querétaro,2019-10-01,105.907
22,Querétaro,2019-11-01,106.387
22,Querétaro,2019-12-01,107.145
22,Querétaro,2020-01-01,107.59
22,Querétaro,2020-02-01,108.32
22,Querétaro,2020-03-01,108.487
22,Querétaro,2020-04-01,107.205
22,Querétaro,2020-05-01,107.73
22,Querétaro,2020-06-01,107.993
22,Querétaro,2020-07-01,108.634
22,Querétaro,2020-08-01,109.495
22,Querétaro,2020-09-01,109.891
22,Querétaro,2020-10-01,110.043
22,Querétaro,2020-11-01,109.512
22,Querétaro,2020-12-01,110.16
22,Querétaro,2021-01-01,111.198
22,Querétaro,2021-02-01,112.275
22,Querétaro,2021-03-01,113.18
22,Querétaro,2021-04-01,113.776
22,Querétaro,2021-05-01,114.052
22,Querétaro,2021-06-01,114.578
22,Querétaro,2021-07-01,115.087
22,Querétaro,2021-08-01,115.763
22,Querétaro,2021-09-01,116.401
22,Querétaro,2021-10-01,117.023
22,Querétaro,2021-11-01,117.643
22,Querétaro,2021-12-01,117.901
22,Querétaro,2022-01-01,118.34
22,Querétaro,2022-02-01,119.317
22,Querétaro,2022-03-01,120.593
22,Querétaro,2022-04-01,121.262
22,Querétaro,2022-05-01,121.365
22,Querétaro,2022-06-01,122.238
22,Querétaro,2022-07-01,123.112
22,Querétaro,2022-08-01,124.097
22,Querétaro,2022-09-01,124.733
22,Querétaro,2022-10-01,125.038
22,Querétaro,2022-11-01,125.554
22,Querétaro,2022-12-01,125.829
22,Querétaro,2023-01-01,126.452
22,Querétaro,2023-02-01,127.243
22,Querétaro,2023-03-01,127.492
22,Querétaro,2023-04-01,127.84
22,Querétaro,2023-05-01,128.148
22,Querétaro,2023-06-01,128.009
22,Querétaro,2023-07-01,128.723
22,Querétaro,2023-08-01,130.003
22,Querétaro,2023-09-01,130.41
22,Querétaro,2023-10-01,130.454
22,Querétaro,2023-11-01,130.911
22,Querétaro,2023-12-01,131.534
22,Querétaro,2024-01-01,132.389
22,Querétaro,2024-02-01,132.782
22,Querétaro,2024-03-01,133.179
22,Querétaro,2024-04-01,133.909
22,Querétaro,2024-05-01,134.426
22,Querétaro,2024-06-01,134.501
22,Querétaro,2024-07-01,135.447
22,Querétaro,2024-08-01,135.699
22,Querétaro,2024-09-01,135.501
22,Querétaro,2024-10-01,136.32
22,Querétaro,2024-11-01,136.928
22,Querétaro,2024-12-01,137.095
23,Quintana Roo,2004-01-01,58.08819963
23,Quintana Roo,2004-02-01,58.28324187
23,Quintana Roo,2004-03-01,58.48956754
23,Quintana Roo,2004-04-01,58.25906308
23,Quintana Roo,2004-05-01,58.37404665
23,Quintana Roo,2004-06-01,58.53147744
23,Quintana Roo,2004-07-01,59.153141
23,Quintana Roo,2004-08-01,59.37504856
23,Quintana Roo,2004-09-01,59.83552018
23,Quintana Roo,2004-10-01,60.44106454
23,Quintana Roo,2004-11-01,60.55712274
23,Quintana Roo,2004-12-01,60.71724006
23,Quintana Roo,2005-01-01,60.57001809
23,Quintana Roo,2005-02-01,60.59795802
23,Quintana Roo,2005-03-01,60.74249346
23,Quintana Roo,2005-04-01,60.78171683
23,Quintana Roo,2005-05-01,61.0707877
23,Quintana Roo,2005-06-01,61.36630624
23,Quintana Roo,2005-07-01,61.56672154
23,Quintana Roo,2005-08-01,61.56510962
23,Quintana Roo,2005-09-01,61.74779381
23,Quintana Roo,2005-10-01,62.52742546
23,Quintana Roo,2005-11-01,62.74342265
23,Quintana Roo,2005-12-01,63.17595434
23,Quintana Roo,2006-01-01,63.62729175
23,Quintana Roo,2006-02-01,63.62890367
23,Quintana Roo,2006-03-01,63.64932132
23,Quintana Roo,2006-04-01,63.36239968
23,Quintana Roo,2006-05-01,63.67618664
23,Quintana Roo,2006-06-01,63.75409608
23,Quintana Roo,2006-07-01,63.88036309
23,Quintana Roo,2006-08-01,63.98567515
23,Quintana Roo,2006-09-01,64.60196564
23,Quintana Roo,2006-10-01,65.56750532
23,Quintana Roo,2006-11-01,65.69645887
23,Quintana Roo,2006-12-01,65.75448796
23,Quintana Roo,2007-01-01,66.02905156
23,Quintana Roo,2007-02-01,65.96242556
23,Quintana Roo,2007-03-01,66.23860107
23,Quintana Roo,2007-04-01,65.05598959
23,Quintana Roo,2007-05-01,64.95927443
23,Quintana Roo,2007-06-01,65.03825848
23,Quintana Roo,2007-07-01,65.28488213
23,Quintana Roo,2007-08-01,65.46917824
23,Quintana Roo,2007-09-01,65.80553208
23,Quintana Roo,2007-10-01,67.22939415
23,Quintana Roo,2007-11-01,67.35190002
23,Quintana Roo,2007-12-01,67.60228482
23,Quintana Roo,2008-01-01,68.03051806
23,Quintana Roo,2008-02-01,68.29970859
23,Quintana Roo,2008-03-01,68.76018021
23,Quintana Roo,2008-04-01,67.95099671
23,Quintana Roo,2008-05-01,68.27875364
23,Quintana Roo,2008-06-01,68.79026937
23,Quintana Roo,2008-07-01,69.19915958
23,Quintana Roo,2008-08-01,69.3764707
23,Quintana Roo,2008-09-01,69.72249605
23,Quintana Roo,2008-10-01,71.19149187
23,Quintana Roo,2008-11-01,71.67936612
23,Quintana Roo,2008-12-01,72.51219111
23,Quintana Roo,2009-01-01,73.50835725
23,Quintana Roo,2009-02-01,73.63193774
23,Quintana Roo,2009-03-01,74.5297768
23,Quintana Roo,2009-04-01,73.61904238
23,Quintana Roo,2009-05-01,73.65074346
23,Quintana Roo,2009-06-01,73.51534224
23,Quintana Roo,2009-07-01,73.56423712
23,Quintana Roo,2009-08-01,73.56316251
23,Quintana Roo,2009-09-01,73.89253136
23,Quintana Roo,2009-10-01,75.68444835
23,Quintana Roo,2009-11-01,75.63071771
23,Quintana Roo,2009-12-01,75.65758303
23,Quintana Roo,2010-01-01,76.16694954
23,Quintana Roo,2010-02-01,76.66556992
23,Quintana Roo,2010-03-01,77.18890639
23,Quintana Roo,2010-04-01,75.6221208
23,Quintana Roo,2010-05-01,75.59955393
23,Quintana Roo,2010-06-01,75.5468979
23,Quintana Roo,2010-07-01,75.38892981
23,Quintana Roo,2010-08-01,75.82844648
23,Quintana Roo,2010-09-01,76.23196362
23,Quintana Roo,2010-10-01,78.12543152
23,Quintana Roo,2010-11-01,78.08352162
23,Quintana Roo,2010-12-01,78.23934049
23,Quintana Roo,2011-01-01,78.57601881
23,Quintana Roo,2011-02-01,78.69592476
23,Quintana Roo,2011-03-01,78.87382445
23,Quintana Roo,2011-04-01,77.94592476
23,Quintana Roo,2011-05-01,78.02507837
23,Quintana Roo,2011-06-01,78.19122257
23,Quintana Roo,2011-07-01,78.51567398
23,Quintana Roo,2011-08-01,78.56191223
23,Quintana Roo,2011-09-01,78.63244514
23,Quintana Roo,2011-10-01,79.95141066
23,Quintana Roo,2011-11-01,79.90203762
23,Quintana Roo,2011-12-01,80.33777429
23,Quintana Roo,2012-01-01,81.24216301
23,Quintana Roo,2012-02-01,81.29388715
23,Quintana Roo,2012-03-01,81.61677116
23,Quintana Roo,2012-04-01,80.45768025
23,Quintana Roo,2012-05-01,80.61050157
23,Quintana Roo,2012-06-01,80.86677116
23,Quintana Roo,2012-07-01,81.37068966
23,Quintana Roo,2012-08-01,81.63793103
23,Quintana Roo,2012-09-01,82.06818182
23,Quintana Roo,2012-10-01,83.10658307
23,Quintana Roo,2012-11-01,83.01959248
23,Quintana Roo,2012-12-01,83.31661442
23,Quintana Roo,2013-01-01,83.55721003
23,Quintana Roo,2013-02-01,83.61990596
23,Quintana Roo,2013-03-01,84.40987461
23,Quintana Roo,2013-04-01,83.62539185
23,Quintana Roo,2013-05-01,83.60266458
23,Quintana Roo,2013-06-01,83.68103448
23,Quintana Roo,2013-07-01,83.8322884
23,Quintana Roo,2013-08-01,84.11755486
23,Quintana Roo,2013-09-01,84.42711599
23,Quintana Roo,2013-10-01,85.78761755
23,Quintana Roo,2013-11-01,85.82210031
23,Quintana Roo,2013-12-01,85.77429467
23,Quintana Roo,2014-01-01,87.77272727
23,Quintana Roo,2014-02-01,87.59012539
23,Quintana Roo,2014-03-01,87.76959248
23,Quintana Roo,2014-04-01,86.91065831
23,Quintana Roo,2014-05-01,87.6677116
23,Quintana Roo,2014-06-01,88.19278997
23,Quintana Roo,2014-07-01,88.21394984
23,Quintana Roo,2014-08-01,88.297805640000007
23,Quintana Roo,2014-09-01,88.39028213
23,Quintana Roo,2014-10-01,89.98119122
23,Quintana Roo,2014-11-01,89.91222571
23,Quintana Roo,2014-12-01,90.07053292
23,Quintana Roo,2015-01-01,90.23981191
23,Quintana Roo,2015-02-01,90.31818182
23,Quintana Roo,2015-03-01,90.52821317
23,Quintana Roo,2015-04-01,89.44905956
23,Quintana Roo,2015-05-01,89.60893417
23,Quintana Roo,2015-06-01,89.71708464
23,Quintana Roo,2015-07-01,89.86285266
23,Quintana Roo,2015-08-01,90.23667712
23,Quintana Roo,2015-09-01,90.37147335
23,Quintana Roo,2015-10-01,91.74059561
23,Quintana Roo,2015-11-01,92.03056426
23,Quintana Roo,2015-12-01,92.16065831
23,Quintana Roo,2016-01-01,92.50548589
23,Quintana Roo,2016-02-01,92.6645768
23,Quintana Roo,2016-03-01,92.61363636
23,Quintana Roo,2016-04-01,91.69670846
23,Quintana Roo,2016-05-01,92.0039185
23,Quintana Roo,2016-06-01,91.98824451
23,Quintana Roo,2016-07-01,92.03840125
23,Quintana Roo,2016-08-01,92.59717868
23,Quintana Roo,2016-09-01,92.73275862
23,Quintana Roo,2016-10-01,93.81504702
23,Quintana Roo,2016-11-01,94.07601881
23,Quintana Roo,2016-12-01,94.77272727
23,Quintana Roo,2017-01-01,96.02037618
23,Quintana Roo,2017-02-01,96.32523511
23,Quintana Roo,2017-03-01,96.84247649
23,Quintana Roo,2017-04-01,96.20768025
23,Quintana Roo,2017-05-01,95.93181818
23,Quintana Roo,2017-06-01,95.88087774
23,Quintana Roo,2017-07-01,96.28291536
23,Quintana Roo,2017-08-01,97.65438871
23,Quintana Roo,2017-09-01,98.04388715
23,Quintana Roo,2017-10-01,99.51959248
23,Quintana Roo,2017-11-01,99.91144201
23,Quintana Roo,2017-12-01,100.1778997
23,Quintana Roo,2018-01-01,100.9420063
23,Quintana Roo,2018-02-01,101.1653605
23,Quintana Roo,2018-03-01,101.0117555
23,Quintana Roo,2018-04-01,99.75470219
23,Quintana Roo,2018-05-01,99.54545455
23,Quintana Roo,2018-06-01,99.47805643
23,Quintana Roo,2018-07-01,99.947100315
23,Quintana Roo,2018-08-01,100.48500000000001
23,Quintana Roo,2018-09-01,100.82300000000001
23,Quintana Roo,2018-10-01,102.405
23,Quintana Roo,2018-11-01,102.7325
23,Quintana Roo,2018-12-01,103.589
23,Quintana Roo,2019-01-01,103.7285
23,Quintana Roo,2019-02-01,104.1815
23,Quintana Roo,2019-03-01,104.5855
23,Quintana Roo,2019-04-01,103.9265
23,Quintana Roo,2019-05-01,103.9805
23,Quintana Roo,2019-06-01,104.0575
23,Quintana Roo,2019-07-01,104.5415
23,Quintana Roo,2019-08-01,104.5915
23,Quintana Roo,2019-09-01,104.917
23,Quintana Roo,2019-10-01,106.292
23,Quintana Roo,2019-11-01,106.45349999999999
23,Quintana Roo,2019-12-01,107.05950000000001
23,Quintana Roo,2020-01-01,107.46549999999999
23,Quintana Roo,2020-02-01,107.5315
23,Quintana Roo,2020-03-01,107.523
23,Quintana Roo,2020-04-01,106.232
23,Quintana Roo,2020-05-01,106.4415
23,Quintana Roo,2020-06-01,107.2895
23,Quintana Roo,2020-07-01,107.99549999999999
23,Quintana Roo,2020-08-01,108.36500000000001
23,Quintana Roo,2020-09-01,108.72800000000001
23,Quintana Roo,2020-10-01,109.911
23,Quintana Roo,2020-11-01,109.756
23,Quintana Roo,2020-12-01,109.911
23,Quintana Roo,2021-01-01,110.4225
23,Quintana Roo,2021-02-01,110.9665
23,Quintana Roo,2021-03-01,111.65799999999999
23,Quintana Roo,2021-04-01,110.883
23,Quintana Roo,2021-05-01,111.41900000000001
23,Quintana Roo,2021-06-01,112.1935
23,Quintana Roo,2021-07-01,112.5995
23,Quintana Roo,2021-08-01,112.649
23,Quintana Roo,2021-09-01,113.024
23,Quintana Roo,2021-10-01,114.90899999999999
23,Quintana Roo,2021-11-01,115.3845
23,Quintana Roo,2021-12-01,115.8775
23,Quintana Roo,2022-01-01,116.3475
23,Quintana Roo,2022-02-01,118.07849999999999
23,Quintana Roo,2022-03-01,119.222
23,Quintana Roo,2022-04-01,118.4845
23,Quintana Roo,2022-05-01,119.09100000000001
23,Quintana Roo,2022-06-01,120.202
23,Quintana Roo,2022-07-01,121.278
23,Quintana Roo,2022-08-01,121.8435
23,Quintana Roo,2022-09-01,122.4205
23,Quintana Roo,2022-10-01,124.5815
23,Quintana Roo,2022-11-01,124.8485
23,Quintana Roo,2022-12-01,125.2995
23,Quintana Roo,2023-01-01,126.14850000000001
23,Quintana Roo,2023-02-01,127.1945
23,Quintana Roo,2023-03-01,127.694
23,Quintana Roo,2023-04-01,126.48599999999999
23,Quintana Roo,2023-05-01,127.04849999999999
23,Quintana Roo,2023-06-01,127.23349999999999
23,Quintana Roo,2023-07-01,127.59299999999999
23,Quintana Roo,2023-08-01,128.0645
23,Quintana Roo,2023-09-01,128.55450000000002
23,Quintana Roo,2023-10-01,130.37400000000002
23,Quintana Roo,2023-11-01,130.6045
23,Quintana Roo,2023-12-01,131.2945
23,Quintana Roo,2024-01-01,132.17399999999998
23,Quintana Roo,2024-02-01,133.1245
23,Quintana Roo,2024-03-01,133.8995
23,Quintana Roo,2024-04-01,132.794
23,Quintana Roo,2024-05-01,132.99450000000002
23,Quintana Roo,2024-06-01,133.3615
23,Quintana Roo,2024-07-01,134.094
23,Quintana Roo,2024-08-01,134.666
23,Quintana Roo,2024-09-01,134.7865
23,Quintana Roo,2024-10-01,136.841
23,Quintana Roo,2024-11-01,136.61849999999998
23,Quintana Roo,2024-12-01,137.119
24,San Luis Potosí,2004-01-01,55.46247277
24,San Luis Potosí,2004-02-01,55.70215502
24,San Luis Potosí,2004-03-01,55.86315896
24,San Luis Potosí,2004-04-01,56.0444838
24,San Luis Potosí,2004-05-01,56.38941782
24,San Luis Potosí,2004-06-01,56.49258539
24,San Luis Potosí,2004-07-01,56.6973574
24,San Luis Potosí,2004-08-01,56.97611828
24,San Luis Potosí,2004-09-01,57.48101415
24,San Luis Potosí,2004-10-01,57.85304269
24,San Luis Potosí,2004-11-01,58.19849776
24,San Luis Potosí,2004-12-01,58.47882178
24,San Luis Potosí,2005-01-01,58.44651678
24,San Luis Potosí,2005-02-01,58.51581622
24,San Luis Potosí,2005-03-01,58.69609895
24,San Luis Potosí,2005-04-01,59.0337383
24,San Luis Potosí,2005-05-01,59.34428313
24,San Luis Potosí,2005-06-01,59.20464216
24,San Luis Potosí,2005-07-01,59.48757143
24,San Luis Potosí,2005-08-01,59.5594761
24,San Luis Potosí,2005-09-01,60.04248794
24,San Luis Potosí,2005-10-01,60.19098673
24,San Luis Potosí,2005-11-01,60.32229092
24,San Luis Potosí,2005-12-01,60.62918841
24,San Luis Potosí,2006-01-01,61.04290081
24,San Luis Potosí,2006-02-01,61.26590952
24,San Luis Potosí,2006-03-01,61.29039879
24,San Luis Potosí,2006-04-01,61.54206515
24,San Luis Potosí,2006-05-01,61.65096426
24,San Luis Potosí,2006-06-01,61.6243908
24,San Luis Potosí,2006-07-01,61.64158539
24,San Luis Potosí,2006-08-01,61.9594249
24,San Luis Potosí,2006-09-01,62.67638746
24,San Luis Potosí,2006-10-01,62.97755342
24,San Luis Potosí,2006-11-01,62.82801253
24,San Luis Potosí,2006-12-01,63.10260502
24,San Luis Potosí,2007-01-01,63.48765977
24,San Luis Potosí,2007-02-01,63.79872565
24,San Luis Potosí,2007-03-01,63.83363589
24,San Luis Potosí,2007-04-01,63.96598217
24,San Luis Potosí,2007-05-01,63.93055088
24,San Luis Potosí,2007-06-01,64.06498136
24,San Luis Potosí,2007-07-01,64.21712749
24,San Luis Potosí,2007-08-01,64.60322433
24,San Luis Potosí,2007-09-01,64.90334819
24,San Luis Potosí,2007-10-01,65.01381045
24,San Luis Potosí,2007-11-01,65.32643947
24,San Luis Potosí,2007-12-01,65.62343704
24,San Luis Potosí,2008-01-01,65.929813480000007
24,San Luis Potosí,2008-02-01,66.07310179
24,San Luis Potosí,2008-03-01,66.43418831
24,San Luis Potosí,2008-04-01,66.69679668
24,San Luis Potosí,2008-05-01,67.16782441
24,San Luis Potosí,2008-06-01,67.39916989
24,San Luis Potosí,2008-07-01,67.70346214
24,San Luis Potosí,2008-08-01,68.13124285
24,San Luis Potosí,2008-09-01,68.64447549
24,San Luis Potosí,2008-10-01,68.62102832
24,San Luis Potosí,2008-11-01,68.99618314
24,San Luis Potosí,2008-12-01,69.425527
24,San Luis Potosí,2009-01-01,69.64749361
24,San Luis Potosí,2009-02-01,69.71575094
24,San Luis Potosí,2009-03-01,70.08465319
24,San Luis Potosí,2009-04-01,70.50618132
24,San Luis Potosí,2009-05-01,70.68073253
24,San Luis Potosí,2009-06-01,70.85215744
24,San Luis Potosí,2009-07-01,70.97251961
24,San Luis Potosí,2009-08-01,71.15697074
24,San Luis Potosí,2009-09-01,71.4258317
24,San Luis Potosí,2009-10-01,71.52639403
24,San Luis Potosí,2009-11-01,71.59413032
24,San Luis Potosí,2009-12-01,71.70355048
24,San Luis Potosí,2010-01-01,72.48877037
24,San Luis Potosí,2010-02-01,73.05723415
24,San Luis Potosí,2010-03-01,73.55483534
24,San Luis Potosí,2010-04-01,73.6632134
24,San Luis Potosí,2010-05-01,73.35631591
24,San Luis Potosí,2010-06-01,73.12809672
24,San Luis Potosí,2010-07-01,73.23960107
24,San Luis Potosí,2010-08-01,73.40842075
24,San Luis Potosí,2010-09-01,73.87892743
24,San Luis Potosí,2010-10-01,74.14362
24,San Luis Potosí,2010-11-01,74.32390273
24,San Luis Potosí,2010-12-01,74.4150862
24,San Luis Potosí,2011-01-01,74.89626246
24,San Luis Potosí,2011-02-01,74.85222998
24,San Luis Potosí,2011-03-01,75.10448385
24,San Luis Potosí,2011-04-01,75.4179354
24,San Luis Potosí,2011-05-01,75.51047824
24,San Luis Potosí,2011-06-01,75.593319
24,San Luis Potosí,2011-07-01,75.84408024
24,San Luis Potosí,2011-08-01,76.00379127
24,San Luis Potosí,2011-09-01,76.47023703
24,San Luis Potosí,2011-10-01,76.61875336
24,San Luis Potosí,2011-11-01,76.83816944
24,San Luis Potosí,2011-12-01,77.5135829
24,San Luis Potosí,2012-01-01,78.16660696
24,San Luis Potosí,2012-02-01,78.25989611
24,San Luis Potosí,2012-03-01,78.57707923
24,San Luis Potosí,2012-04-01,78.63827691
24,San Luis Potosí,2012-05-01,78.58230342
24,San Luis Potosí,2012-06-01,79.11367843
24,San Luis Potosí,2012-07-01,79.44130993
24,San Luis Potosí,2012-08-01,79.87790316
24,San Luis Potosí,2012-09-01,80.59063228
24,San Luis Potosí,2012-10-01,80.59436384
24,San Luis Potosí,2012-11-01,80.69213087
24,San Luis Potosí,2012-12-01,80.87870918
24,San Luis Potosí,2013-01-01,81.39366529
24,San Luis Potosí,2013-02-01,81.79070392
24,San Luis Potosí,2013-03-01,82.195952
24,San Luis Potosí,2013-04-01,82.44298167
24,San Luis Potosí,2013-05-01,82.63254523
24,San Luis Potosí,2013-06-01,82.63702311
24,San Luis Potosí,2013-07-01,82.46761001
24,San Luis Potosí,2013-08-01,82.74150696
24,San Luis Potosí,2013-09-01,83.02435966
24,San Luis Potosí,2013-10-01,83.11242462
24,San Luis Potosí,2013-11-01,83.5176727
24,San Luis Potosí,2013-12-01,83.71320676
24,San Luis Potosí,2014-01-01,84.69610126
24,San Luis Potosí,2014-02-01,84.62296256
24,San Luis Potosí,2014-03-01,84.86924593
24,San Luis Potosí,2014-04-01,84.88044062
24,San Luis Potosí,2014-05-01,85.03418115
24,San Luis Potosí,2014-06-01,85.16403964
24,San Luis Potosí,2014-07-01,85.37748522
24,San Luis Potosí,2014-08-01,85.86706669
24,San Luis Potosí,2014-09-01,86.22977491
24,San Luis Potosí,2014-10-01,86.39769538
24,San Luis Potosí,2014-11-01,86.72010269
24,San Luis Potosí,2014-12-01,87.10967819
24,San Luis Potosí,2015-01-01,87.16863693
24,San Luis Potosí,2015-02-01,87.25371664
24,San Luis Potosí,2015-03-01,87.24177563
24,San Luis Potosí,2015-04-01,87.4828348
24,San Luis Potosí,2015-05-01,87.28431548
24,San Luis Potosí,2015-06-01,87.28655442
24,San Luis Potosí,2015-07-01,87.64329214
24,San Luis Potosí,2015-08-01,87.8559914
24,San Luis Potosí,2015-09-01,87.99779091
24,San Luis Potosí,2015-10-01,88.20750493
24,San Luis Potosí,2015-11-01,88.23885008
24,San Luis Potosí,2015-12-01,88.53439011
24,San Luis Potosí,2016-01-01,88.99262643
24,San Luis Potosí,2016-02-01,89.40384501
24,San Luis Potosí,2016-03-01,89.28443489
24,San Luis Potosí,2016-04-01,89.49713416
24,San Luis Potosí,2016-05-01,89.38145561
24,San Luis Potosí,2016-06-01,89.34563258
24,San Luis Potosí,2016-07-01,89.41056182
24,San Luis Potosí,2016-08-01,89.78595737
24,San Luis Potosí,2016-09-01,90.51435907
24,San Luis Potosí,2016-10-01,90.79571915
24,San Luis Potosí,2016-11-01,90.83975163
24,San Luis Potosí,2016-12-01,91.23231238
24,San Luis Potosí,2017-01-01,92.81748164
24,San Luis Potosí,2017-02-01,93.06749657
24,San Luis Potosí,2017-03-01,93.70484805
24,San Luis Potosí,2017-04-01,94.43026449
24,San Luis Potosí,2017-05-01,95.06612335
24,San Luis Potosí,2017-06-01,95.19150397
24,San Luis Potosí,2017-07-01,95.32658666
24,San Luis Potosí,2017-08-01,95.73705893
24,San Luis Potosí,2017-09-01,96.21395307
24,San Luis Potosí,2017-10-01,96.46322168
24,San Luis Potosí,2017-11-01,96.82592991
24,San Luis Potosí,2017-12-01,97.2378948
24,San Luis Potosí,2018-01-01,98.17302526
24,San Luis Potosí,2018-02-01,98.80067467
24,San Luis Potosí,2018-03-01,99.08875157
24,San Luis Potosí,2018-04-01,98.99844767
24,San Luis Potosí,2018-05-01,99.14248612
24,San Luis Potosí,2018-06-01,99.21935638
24,San Luis Potosí,2018-07-01,99.85521524
24,San Luis Potosí,2018-08-01,100.754
24,San Luis Potosí,2018-09-01,101.236
24,San Luis Potosí,2018-10-01,101.26
24,San Luis Potosí,2018-11-01,101.82
24,San Luis Potosí,2018-12-01,102.315
24,San Luis Potosí,2019-01-01,102.938
24,San Luis Potosí,2019-02-01,103.167
24,San Luis Potosí,2019-03-01,103.424
24,San Luis Potosí,2019-04-01,103.565
24,San Luis Potosí,2019-05-01,103.468
24,San Luis Potosí,2019-06-01,103.537
24,San Luis Potosí,2019-07-01,104.16
24,San Luis Potosí,2019-08-01,103.969
24,San Luis Potosí,2019-09-01,104.299
24,San Luis Potosí,2019-10-01,104.532
24,San Luis Potosí,2019-11-01,104.906
24,San Luis Potosí,2019-12-01,105.374
24,San Luis Potosí,2020-01-01,106.411
24,San Luis Potosí,2020-02-01,106.831
24,San Luis Potosí,2020-03-01,106.591
24,San Luis Potosí,2020-04-01,105.194
24,San Luis Potosí,2020-05-01,106.145
24,San Luis Potosí,2020-06-01,107.559
24,San Luis Potosí,2020-07-01,108.13
24,San Luis Potosí,2020-08-01,108.292
24,San Luis Potosí,2020-09-01,108.908
24,San Luis Potosí,2020-10-01,109.523
24,San Luis Potosí,2020-11-01,109.264
24,San Luis Potosí,2020-12-01,109.752
24,San Luis Potosí,2021-01-01,110.96
24,San Luis Potosí,2021-02-01,111.744
24,San Luis Potosí,2021-03-01,112.395
24,San Luis Potosí,2021-04-01,112.848
24,San Luis Potosí,2021-05-01,113.435
24,San Luis Potosí,2021-06-01,113.749
24,San Luis Potosí,2021-07-01,114.738
24,San Luis Potosí,2021-08-01,115.273
24,San Luis Potosí,2021-09-01,116.105
24,San Luis Potosí,2021-10-01,116.56
24,San Luis Potosí,2021-11-01,117.001
24,San Luis Potosí,2021-12-01,117.482
24,San Luis Potosí,2022-01-01,118.148
24,San Luis Potosí,2022-02-01,118.912
24,San Luis Potosí,2022-03-01,120.468
24,San Luis Potosí,2022-04-01,121.566
24,San Luis Potosí,2022-05-01,122.18
24,San Luis Potosí,2022-06-01,123.379
24,San Luis Potosí,2022-07-01,124.234
24,San Luis Potosí,2022-08-01,125.541
24,San Luis Potosí,2022-09-01,126.401
24,San Luis Potosí,2022-10-01,126.746
24,San Luis Potosí,2022-11-01,126.68
24,San Luis Potosí,2022-12-01,126.854
24,San Luis Potosí,2023-01-01,128.166
24,San Luis Potosí,2023-02-01,128.834
24,San Luis Potosí,2023-03-01,129.144
24,San Luis Potosí,2023-04-01,129.515
24,San Luis Potosí,2023-05-01,129.865
24,San Luis Potosí,2023-06-01,130.048
24,San Luis Potosí,2023-07-01,130.564
24,San Luis Potosí,2023-08-01,131.035
24,San Luis Potosí,2023-09-01,132.03
24,San Luis Potosí,2023-10-01,132.077
24,San Luis Potosí,2023-11-01,132.379
24,San Luis Potosí,2023-12-01,133.448
24,San Luis Potosí,2024-01-01,134.65
24,San Luis Potosí,2024-02-01,135.243
24,San Luis Potosí,2024-03-01,135.453
24,San Luis Potosí,2024-04-01,136.072
24,San Luis Potosí,2024-05-01,136.248
24,San Luis Potosí,2024-06-01,136.514
24,San Luis Potosí,2024-07-01,137.896
24,San Luis Potosí,2024-08-01,137.959
24,San Luis Potosí,2024-09-01,137.753
24,San Luis Potosí,2024-10-01,138.403
24,San Luis Potosí,2024-11-01,138.705
24,San Luis Potosí,2024-12-01,139.243
25,Sinaloa,2004-01-01,58.60004806
25,Sinaloa,2004-02-01,58.77551461
25,Sinaloa,2004-03-01,59.09860421
25,Sinaloa,2004-04-01,59.45426545
25,Sinaloa,2004-05-01,58.10569471
25,Sinaloa,2004-06-01,58.33947499
25,Sinaloa,2004-07-01,58.58796504
25,Sinaloa,2004-08-01,59.01034559
25,Sinaloa,2004-09-01,59.60714199
25,Sinaloa,2004-10-01,60.05106185
25,Sinaloa,2004-11-01,61.9911755
25,Sinaloa,2004-12-01,62.03005132
25,Sinaloa,2005-01-01,62.05947087
25,Sinaloa,2005-02-01,62.12619018
25,Sinaloa,2005-03-01,62.39989698
25,Sinaloa,2005-04-01,62.69724448
25,Sinaloa,2005-05-01,60.55277009
25,Sinaloa,2005-06-01,60.70354524
25,Sinaloa,2005-07-01,60.88846807
25,Sinaloa,2005-08-01,60.85694713
25,Sinaloa,2005-09-01,61.16480161
25,Sinaloa,2005-10-01,61.45374353
25,Sinaloa,2005-11-01,63.73165656
25,Sinaloa,2005-12-01,64.07313337
25,Sinaloa,2006-01-01,64.22968736
25,Sinaloa,2006-02-01,64.34473878
25,Sinaloa,2006-03-01,64.30428691
25,Sinaloa,2006-04-01,64.60321046
25,Sinaloa,2006-05-01,62.57378748
25,Sinaloa,2006-06-01,62.54752003
25,Sinaloa,2006-07-01,62.73979775
25,Sinaloa,2006-08-01,63.08390131
25,Sinaloa,2006-09-01,63.78997029
25,Sinaloa,2006-10-01,63.94389753
25,Sinaloa,2006-11-01,66.23494428
25,Sinaloa,2006-12-01,66.5743197
25,Sinaloa,2007-01-01,66.70723298
25,Sinaloa,2007-02-01,66.87219255
25,Sinaloa,2007-03-01,67.21104262
25,Sinaloa,2007-04-01,67.43589197
25,Sinaloa,2007-05-01,64.99407007
25,Sinaloa,2007-06-01,65.20683639
25,Sinaloa,2007-07-01,65.59139182
25,Sinaloa,2007-08-01,65.79154977
25,Sinaloa,2007-09-01,66.34736895
25,Sinaloa,2007-10-01,66.50917643
25,Sinaloa,2007-11-01,69.31296375
25,Sinaloa,2007-12-01,69.77999896
25,Sinaloa,2008-01-01,70.27225092
25,Sinaloa,2008-02-01,70.25438906
25,Sinaloa,2008-03-01,70.82018987
25,Sinaloa,2008-04-01,70.98935223
25,Sinaloa,2008-05-01,68.9872474
25,Sinaloa,2008-06-01,69.3113877
25,Sinaloa,2008-07-01,69.82833106
25,Sinaloa,2008-08-01,70.09730972
25,Sinaloa,2008-09-01,70.4823905
25,Sinaloa,2008-10-01,70.63684309
25,Sinaloa,2008-11-01,73.92342609
25,Sinaloa,2008-12-01,74.55542087
25,Sinaloa,2009-01-01,74.75873091
25,Sinaloa,2009-02-01,74.963617
25,Sinaloa,2009-03-01,75.35710336
25,Sinaloa,2009-04-01,76.085237
25,Sinaloa,2009-05-01,73.53729461
25,Sinaloa,2009-06-01,73.74901024
25,Sinaloa,2009-07-01,73.96492866
25,Sinaloa,2009-08-01,74.17769498
25,Sinaloa,2009-09-01,74.75452812
25,Sinaloa,2009-10-01,74.90950606
25,Sinaloa,2009-11-01,77.51576217
25,Sinaloa,2009-12-01,77.90977388
25,Sinaloa,2010-01-01,78.82545709
25,Sinaloa,2010-02-01,78.97097875
25,Sinaloa,2010-03-01,79.49737839
25,Sinaloa,2010-04-01,79.5704019
25,Sinaloa,2010-05-01,76.5801157
25,Sinaloa,2010-06-01,76.57696361
25,Sinaloa,2010-07-01,76.98095695
25,Sinaloa,2010-08-01,77.1275293
25,Sinaloa,2010-09-01,77.53940288
25,Sinaloa,2010-10-01,77.80470409
25,Sinaloa,2010-11-01,81.09969268
25,Sinaloa,2010-12-01,81.48897624
25,Sinaloa,2011-01-01,81.90314497
25,Sinaloa,2011-02-01,82.03292712
25,Sinaloa,2011-03-01,82.33085468
25,Sinaloa,2011-04-01,82.74305584
25,Sinaloa,2011-05-01,77.59747945
25,Sinaloa,2011-06-01,77.66930856
25,Sinaloa,2011-07-01,78.09048836
25,Sinaloa,2011-08-01,78.27414234
25,Sinaloa,2011-09-01,78.50432199
25,Sinaloa,2011-10-01,78.74837772
25,Sinaloa,2011-11-01,84.22861247
25,Sinaloa,2011-12-01,85.06280966
25,Sinaloa,2012-01-01,85.49623305
25,Sinaloa,2012-02-01,85.65948103
25,Sinaloa,2012-03-01,85.89863933
25,Sinaloa,2012-04-01,85.86762221
25,Sinaloa,2012-05-01,81.20362737
25,Sinaloa,2012-06-01,81.53420453
25,Sinaloa,2012-07-01,82.0386408
25,Sinaloa,2012-08-01,82.24678197
25,Sinaloa,2012-09-01,82.70469256
25,Sinaloa,2012-10-01,82.7422396
25,Sinaloa,2012-11-01,87.67640985
25,Sinaloa,2012-12-01,87.97678614
25,Sinaloa,2013-01-01,88.22247435
25,Sinaloa,2013-02-01,88.67303878
25,Sinaloa,2013-03-01,89.10156473
25,Sinaloa,2013-04-01,89.37010766
25,Sinaloa,2013-05-01,82.82712855
25,Sinaloa,2013-06-01,82.95772694
25,Sinaloa,2013-07-01,82.92915854
25,Sinaloa,2013-08-01,83.23443226
25,Sinaloa,2013-09-01,83.23361602
25,Sinaloa,2013-10-01,83.56990687
25,Sinaloa,2013-11-01,90.69486503
25,Sinaloa,2013-12-01,90.95198061
25,Sinaloa,2014-01-01,91.60660501
25,Sinaloa,2014-02-01,91.84086587
25,Sinaloa,2014-03-01,91.96003689
25,Sinaloa,2014-04-01,92.24816958
25,Sinaloa,2014-05-01,84.92568136
25,Sinaloa,2014-06-01,85.36889963
25,Sinaloa,2014-07-01,85.56071601
25,Sinaloa,2014-08-01,85.83170766
25,Sinaloa,2014-09-01,86.40797303
25,Sinaloa,2014-10-01,86.52061414
25,Sinaloa,2014-11-01,94.2528548
25,Sinaloa,2014-12-01,94.62669268
25,Sinaloa,2015-01-01,94.35570103
25,Sinaloa,2015-02-01,94.61036788
25,Sinaloa,2015-03-01,94.91400913
25,Sinaloa,2015-04-01,94.90666297
25,Sinaloa,2015-05-01,87.39970452
25,Sinaloa,2015-06-01,87.58988842
25,Sinaloa,2015-07-01,87.68702097
25,Sinaloa,2015-08-01,87.88210231
25,Sinaloa,2015-09-01,88.19308971
25,Sinaloa,2015-10-01,88.37592745
25,Sinaloa,2015-11-01,95.81105679
25,Sinaloa,2015-12-01,95.89757822
25,Sinaloa,2016-01-01,96.00613812
25,Sinaloa,2016-02-01,96.45915127
25,Sinaloa,2016-03-01,96.61423686
25,Sinaloa,2016-04-01,96.618318060000007
25,Sinaloa,2016-05-01,89.39459486
25,Sinaloa,2016-06-01,89.40928718
25,Sinaloa,2016-07-01,89.57824884
25,Sinaloa,2016-08-01,90.02146711
25,Sinaloa,2016-09-01,90.43203578
25,Sinaloa,2016-10-01,90.56181793
25,Sinaloa,2016-11-01,97.99449854
25,Sinaloa,2016-12-01,98.34793042
25,Sinaloa,2017-01-01,99.94204697
25,Sinaloa,2017-02-01,100.6227911
25,Sinaloa,2017-03-01,101.1435521
25,Sinaloa,2017-04-01,101.2227274
25,Sinaloa,2017-05-01,94.12470513
25,Sinaloa,2017-06-01,94.31162407
25,Sinaloa,2017-07-01,94.89768433
25,Sinaloa,2017-08-01,95.91716797
25,Sinaloa,2017-09-01,96.16693739
25,Sinaloa,2017-10-01,96.51547183
25,Sinaloa,2017-11-01,104.0640585
25,Sinaloa,2017-12-01,104.3693322
25,Sinaloa,2018-01-01,105.3292304
25,Sinaloa,2018-02-01,105.5953246
25,Sinaloa,2018-03-01,106.0042608
25,Sinaloa,2018-04-01,106.0475215
25,Sinaloa,2018-05-01,98.99031123
25,Sinaloa,2018-06-01,99.15437545
25,Sinaloa,2018-07-01,99.80328618
25,Sinaloa,2018-08-01,100.605
25,Sinaloa,2018-09-01,101.163
25,Sinaloa,2018-10-01,101.356
25,Sinaloa,2018-11-01,105.153
25,Sinaloa,2018-12-01,105.335
25,Sinaloa,2019-01-01,105.562
25,Sinaloa,2019-02-01,105.678
25,Sinaloa,2019-03-01,106.238
25,Sinaloa,2019-04-01,106.521
25,Sinaloa,2019-05-01,102.91
25,Sinaloa,2019-06-01,102.812
25,Sinaloa,2019-07-01,103.213
25,Sinaloa,2019-08-01,103.514
25,Sinaloa,2019-09-01,103.915
25,Sinaloa,2019-10-01,104.178
25,Sinaloa,2019-11-01,108.222
25,Sinaloa,2019-12-01,108.512
25,Sinaloa,2020-01-01,109.17
25,Sinaloa,2020-02-01,109.432
25,Sinaloa,2020-03-01,109.164
25,Sinaloa,2020-04-01,108.115
25,Sinaloa,2020-05-01,105.491
25,Sinaloa,2020-06-01,106.214
25,Sinaloa,2020-07-01,107.008
25,Sinaloa,2020-08-01,107.394
25,Sinaloa,2020-09-01,107.705
25,Sinaloa,2020-10-01,107.748
25,Sinaloa,2020-11-01,110.922
25,Sinaloa,2020-12-01,111.646
25,Sinaloa,2021-01-01,113.048
25,Sinaloa,2021-02-01,113.956
25,Sinaloa,2021-03-01,115.057
25,Sinaloa,2021-04-01,115.51
25,Sinaloa,2021-05-01,112.188
25,Sinaloa,2021-06-01,113.038
25,Sinaloa,2021-07-01,114.117
25,Sinaloa,2021-08-01,114.379
25,Sinaloa,2021-09-01,115.091
25,Sinaloa,2021-10-01,115.611
25,Sinaloa,2021-11-01,120.298
25,Sinaloa,2021-12-01,121.07
25,Sinaloa,2022-01-01,121.91
25,Sinaloa,2022-02-01,122.862
25,Sinaloa,2022-03-01,123.992
25,Sinaloa,2022-04-01,124.994
25,Sinaloa,2022-05-01,121.352
25,Sinaloa,2022-06-01,122.095
25,Sinaloa,2022-07-01,123.479
25,Sinaloa,2022-08-01,124.932
25,Sinaloa,2022-09-01,125.731
25,Sinaloa,2022-10-01,126.227
25,Sinaloa,2022-11-01,130.738
25,Sinaloa,2022-12-01,130.806
25,Sinaloa,2023-01-01,131.468
25,Sinaloa,2023-02-01,132.571
25,Sinaloa,2023-03-01,132.976
25,Sinaloa,2023-04-01,133.212
25,Sinaloa,2023-05-01,129.113
25,Sinaloa,2023-06-01,129.273
25,Sinaloa,2023-07-01,129.879
25,Sinaloa,2023-08-01,130.677
25,Sinaloa,2023-09-01,131.483
25,Sinaloa,2023-10-01,131.883
25,Sinaloa,2023-11-01,136.298
25,Sinaloa,2023-12-01,137.049
25,Sinaloa,2024-01-01,138.156
25,Sinaloa,2024-02-01,138.516
25,Sinaloa,2024-03-01,139.139
25,Sinaloa,2024-04-01,139.342
25,Sinaloa,2024-05-01,134.775
25,Sinaloa,2024-06-01,135.341
25,Sinaloa,2024-07-01,136.509
25,Sinaloa,2024-08-01,136.836
25,Sinaloa,2024-09-01,137.497
25,Sinaloa,2024-10-01,137.867
25,Sinaloa,2024-11-01,142.12
25,Sinaloa,2024-12-01,142.72
26,Sonora,2004-01-01,61.130375744999995
26,Sonora,2004-02-01,61.271200414999996
26,Sonora,2004-03-01,61.536666825
26,Sonora,2004-04-01,61.71659101
26,Sonora,2004-05-01,58.100573159999996
26,Sonora,2004-06-01,58.10883235
26,Sonora,2004-07-01,58.364414005
26,Sonora,2004-08-01,58.794659725
26,Sonora,2004-09-01,59.203704035
26,Sonora,2004-10-01,59.90451177
26,Sonora,2004-11-01,64.009950655
26,Sonora,2004-12-01,63.9220515
26,Sonora,2005-01-01,63.777923535
26,Sonora,2005-02-01,64.08021382
26,Sonora,2005-03-01,64.430117645
26,Sonora,2005-04-01,64.84317462
26,Sonora,2005-05-01,61.383018665
26,Sonora,2005-06-01,61.384179974999995
26,Sonora,2005-07-01,61.64158932
26,Sonora,2005-08-01,61.535753045
26,Sonora,2005-09-01,61.84018479
26,Sonora,2005-10-01,62.07261306
26,Sonora,2005-11-01,65.90634301
26,Sonora,2005-12-01,66.19129027
26,Sonora,2006-01-01,66.42738536
26,Sonora,2006-02-01,66.61168348000001
26,Sonora,2006-03-01,66.606533605
26,Sonora,2006-04-01,66.66233439
26,Sonora,2006-05-01,62.879779920000004
26,Sonora,2006-06-01,62.87315496
26,Sonora,2006-07-01,63.18472012
26,Sonora,2006-08-01,63.653427585
26,Sonora,2006-09-01,64.464987795
26,Sonora,2006-10-01,64.777166115
26,Sonora,2006-11-01,68.56145085
26,Sonora,2006-12-01,68.813539045
26,Sonora,2007-01-01,69.147644435
26,Sonora,2007-02-01,69.35093698
26,Sonora,2007-03-01,69.54339096999999
26,Sonora,2007-04-01,69.69159487499999
26,Sonora,2007-05-01,65.571041095
26,Sonora,2007-06-01,65.697165365
26,Sonora,2007-07-01,65.94817216999999
26,Sonora,2007-08-01,66.37361194
26,Sonora,2007-09-01,66.779690655
26,Sonora,2007-10-01,66.944165905
26,Sonora,2007-11-01,71.29128194500001
26,Sonora,2007-12-01,71.52656815
26,Sonora,2008-01-01,71.92551327000001
26,Sonora,2008-02-01,71.993277165
26,Sonora,2008-03-01,72.381967605
26,Sonora,2008-04-01,72.726311045
26,Sonora,2008-05-01,68.75696489500001
26,Sonora,2008-06-01,69.03793346500001
26,Sonora,2008-07-01,69.65344203
26,Sonora,2008-08-01,70.05602519499999
26,Sonora,2008-09-01,70.38870526
26,Sonora,2008-10-01,70.60001135
26,Sonora,2008-11-01,75.51999391000001
26,Sonora,2008-12-01,75.84407761
26,Sonora,2009-01-01,76.09998639
26,Sonora,2009-02-01,76.194041245
26,Sonora,2009-03-01,76.57567559
26,Sonora,2009-04-01,77.05652541
26,Sonora,2009-05-01,72.58540957
26,Sonora,2009-06-01,72.92678741
26,Sonora,2009-07-01,73.19415326999999
26,Sonora,2009-08-01,73.30349116
26,Sonora,2009-09-01,73.67615139
26,Sonora,2009-10-01,73.69891595000001
26,Sonora,2009-11-01,78.46133981
26,Sonora,2009-12-01,78.71635043500001
26,Sonora,2010-01-01,79.264478225
26,Sonora,2010-02-01,79.50119601
26,Sonora,2010-03-01,80.087633515
26,Sonora,2010-04-01,80.23090353500001
26,Sonora,2010-05-01,75.35087375
26,Sonora,2010-06-01,75.38842763
26,Sonora,2010-07-01,75.59394762
26,Sonora,2010-08-01,75.822000565
26,Sonora,2010-09-01,76.09171748
26,Sonora,2010-10-01,76.532778855
26,Sonora,2010-11-01,81.582613885
26,Sonora,2010-12-01,81.87059625
26,Sonora,2011-01-01,82.246781475
26,Sonora,2011-02-01,82.77839582499999
26,Sonora,2011-03-01,83.02321393
26,Sonora,2011-04-01,83.406146495
26,Sonora,2011-05-01,76.316953525
26,Sonora,2011-06-01,76.342446965
26,Sonora,2011-07-01,76.383306635
26,Sonora,2011-08-01,76.28380726500001
26,Sonora,2011-09-01,76.689867495
26,Sonora,2011-10-01,76.87905261
26,Sonora,2011-11-01,84.48435668
26,Sonora,2011-12-01,85.081688785
26,Sonora,2012-01-01,85.453113305
26,Sonora,2012-02-01,85.72052647000001
26,Sonora,2012-03-01,85.78358299499999
26,Sonora,2012-04-01,85.86041675
26,Sonora,2012-05-01,78.84069927499999
26,Sonora,2012-06-01,79.09778962499999
26,Sonora,2012-07-01,79.532712515
26,Sonora,2012-08-01,79.91092462
26,Sonora,2012-09-01,80.13939884499999
26,Sonora,2012-10-01,80.35614541999999
26,Sonora,2012-11-01,87.46136867999999
26,Sonora,2012-12-01,87.53213482
26,Sonora,2013-01-01,88.00300777999999
26,Sonora,2013-02-01,88.44841481
26,Sonora,2013-03-01,88.83695999
26,Sonora,2013-04-01,89.127750255
26,Sonora,2013-05-01,84.298041365
26,Sonora,2013-06-01,84.39615172
26,Sonora,2013-07-01,84.55273517
26,Sonora,2013-08-01,84.722948865
26,Sonora,2013-09-01,85.032815675
26,Sonora,2013-10-01,85.26099124999999
26,Sonora,2013-11-01,90.535092355
26,Sonora,2013-12-01,90.575994775
26,Sonora,2014-01-01,91.20756496999999
26,Sonora,2014-02-01,91.326823685
26,Sonora,2014-03-01,91.544737635
26,Sonora,2014-04-01,91.70892149
26,Sonora,2014-05-01,86.01527487499999
26,Sonora,2014-06-01,86.32812996
26,Sonora,2014-07-01,86.404721275
26,Sonora,2014-08-01,86.69624764
26,Sonora,2014-09-01,86.960842345
26,Sonora,2014-10-01,87.23042307
26,Sonora,2014-11-01,93.2415688
26,Sonora,2014-12-01,93.43553616
26,Sonora,2015-01-01,93.551958265
26,Sonora,2015-02-01,93.73264762
26,Sonora,2015-03-01,93.694876655
26,Sonora,2015-04-01,93.972170205
26,Sonora,2015-05-01,87.90596127500001
26,Sonora,2015-06-01,88.16420377
26,Sonora,2015-07-01,88.269600345
26,Sonora,2015-08-01,88.27671735
26,Sonora,2015-09-01,88.54318654
26,Sonora,2015-10-01,88.81257724
26,Sonora,2015-11-01,94.79948092000001
26,Sonora,2015-12-01,94.79529307
26,Sonora,2016-01-01,94.849122725
26,Sonora,2016-02-01,95.217155795
26,Sonora,2016-03-01,95.311025005
26,Sonora,2016-04-01,95.131645625
26,Sonora,2016-05-01,89.51274074
26,Sonora,2016-06-01,89.593288315
26,Sonora,2016-07-01,89.87249968500001
26,Sonora,2016-08-01,90.13399809
26,Sonora,2016-09-01,90.62041117999999
26,Sonora,2016-10-01,91.09452303500001
26,Sonora,2016-11-01,96.954550055
26,Sonora,2016-12-01,97.114621895
26,Sonora,2017-01-01,98.626511755
26,Sonora,2017-02-01,98.777882575
26,Sonora,2017-03-01,99.27446710000001
26,Sonora,2017-04-01,99.853354535
26,Sonora,2017-05-01,94.53309093
26,Sonora,2017-06-01,94.82709845
26,Sonora,2017-07-01,95.23000499
26,Sonora,2017-08-01,95.962928535
26,Sonora,2017-09-01,96.480719405
26,Sonora,2017-10-01,96.927690535
26,Sonora,2017-11-01,102.9053152
26,Sonora,2017-12-01,103.15727285
26,Sonora,2018-01-01,103.99009605
26,Sonora,2018-02-01,104.09470095
26,Sonora,2018-03-01,104.32708919999999
26,Sonora,2018-04-01,104.5116435
26,Sonora,2018-05-01,98.97282122
26,Sonora,2018-06-01,99.21536634
26,Sonora,2018-07-01,99.91924512666667
26,Sonora,2018-08-01,100.36933333333333
26,Sonora,2018-09-01,100.83533333333334
26,Sonora,2018-10-01,101.11066666666666
26,Sonora,2018-11-01,105.26633333333334
26,Sonora,2018-12-01,105.715
26,Sonora,2019-01-01,105.89166666666667
26,Sonora,2019-02-01,105.97666666666667
26,Sonora,2019-03-01,106.38866666666667
26,Sonora,2019-04-01,106.48766666666667
26,Sonora,2019-05-01,102.41799999999999
26,Sonora,2019-06-01,102.59
26,Sonora,2019-07-01,103.13233333333334
26,Sonora,2019-08-01,103.461
26,Sonora,2019-09-01,103.48566666666667
26,Sonora,2019-10-01,103.69766666666666
26,Sonora,2019-11-01,108.01933333333334
26,Sonora,2019-12-01,108.33633333333334
26,Sonora,2020-01-01,108.73433333333334
26,Sonora,2020-02-01,108.95466666666667
26,Sonora,2020-03-01,108.69033333333334
26,Sonora,2020-04-01,107.63566666666667
26,Sonora,2020-05-01,104.34700000000001
26,Sonora,2020-06-01,105.21900000000001
26,Sonora,2020-07-01,106.112
26,Sonora,2020-08-01,106.44766666666666
26,Sonora,2020-09-01,107.091
26,Sonora,2020-10-01,107.54899999999999
26,Sonora,2020-11-01,111.39166666666667
26,Sonora,2020-12-01,111.55233333333334
26,Sonora,2021-01-01,112.58966666666667
26,Sonora,2021-02-01,113.30633333333333
26,Sonora,2021-03-01,114.07633333333334
26,Sonora,2021-04-01,114.59033333333333
26,Sonora,2021-05-01,110.812
26,Sonora,2021-06-01,111.36533333333334
26,Sonora,2021-07-01,112.093
26,Sonora,2021-08-01,112.428
26,Sonora,2021-09-01,113.31533333333333
26,Sonora,2021-10-01,114.28766666666667
26,Sonora,2021-11-01,119.07466666666667
26,Sonora,2021-12-01,119.58233333333334
26,Sonora,2022-01-01,120.30533333333334
26,Sonora,2022-02-01,121.04266666666668
26,Sonora,2022-03-01,121.80233333333334
26,Sonora,2022-04-01,122.678
26,Sonora,2022-05-01,118.77733333333333
26,Sonora,2022-06-01,119.495
26,Sonora,2022-07-01,120.83266666666667
26,Sonora,2022-08-01,122.05266666666667
26,Sonora,2022-09-01,122.784
26,Sonora,2022-10-01,123.05333333333333
26,Sonora,2022-11-01,127.80433333333333
26,Sonora,2022-12-01,127.58033333333333
26,Sonora,2023-01-01,128.299
26,Sonora,2023-02-01,129.33533333333332
26,Sonora,2023-03-01,129.80666666666667
26,Sonora,2023-04-01,129.948
26,Sonora,2023-05-01,125.647
26,Sonora,2023-06-01,125.8
26,Sonora,2023-07-01,126.40533333333333
26,Sonora,2023-08-01,127.05266666666667
26,Sonora,2023-09-01,127.74366666666666
26,Sonora,2023-10-01,127.96966666666665
26,Sonora,2023-11-01,133.26766666666666
26,Sonora,2023-12-01,134.03566666666669
26,Sonora,2024-01-01,135.06333333333333
26,Sonora,2024-02-01,135.679
26,Sonora,2024-03-01,135.82666666666668
26,Sonora,2024-04-01,136.31833333333333
26,Sonora,2024-05-01,130.98433333333332
26,Sonora,2024-06-01,131.58933333333334
26,Sonora,2024-07-01,132.90933333333334
26,Sonora,2024-08-01,133.273
26,Sonora,2024-09-01,133.565
26,Sonora,2024-10-01,133.79
26,Sonora,2024-11-01,138.59266666666667
26,Sonora,2024-12-01,139.08833333333334
27,Tabasco,2004-01-01,55.1476871
27,Tabasco,2004-02-01,55.53606527
27,Tabasco,2004-03-01,55.70560341
27,Tabasco,2004-04-01,54.98670134
27,Tabasco,2004-05-01,55.39721504
27,Tabasco,2004-06-01,55.34992547
27,Tabasco,2004-07-01,55.55870389
27,Tabasco,2004-08-01,55.88268775
27,Tabasco,2004-09-01,56.51606613
27,Tabasco,2004-10-01,57.82558474
27,Tabasco,2004-11-01,58.06605723
27,Tabasco,2004-12-01,58.39004108
27,Tabasco,2005-01-01,58.63453822
27,Tabasco,2005-02-01,58.83627351
27,Tabasco,2005-03-01,59.09888154
27,Tabasco,2005-04-01,58.270811
27,Tabasco,2005-05-01,58.5600823
27,Tabasco,2005-06-01,58.65113988
27,Tabasco,2005-07-01,58.80105787
27,Tabasco,2005-08-01,58.9062017
27,Tabasco,2005-09-01,59.02543179
27,Tabasco,2005-10-01,59.91739356
27,Tabasco,2005-11-01,59.96166464
27,Tabasco,2005-12-01,60.40588475
27,Tabasco,2006-01-01,60.74948874
27,Tabasco,2006-02-01,61.22037212
27,Tabasco,2006-03-01,61.17509487
27,Tabasco,2006-04-01,60.2056587
27,Tabasco,2006-05-01,60.33444731
27,Tabasco,2006-06-01,60.26703452
27,Tabasco,2006-07-01,60.48838995
27,Tabasco,2006-08-01,60.7223224
27,Tabasco,2006-09-01,61.19370885
27,Tabasco,2006-10-01,62.60887436
27,Tabasco,2006-11-01,62.74369994
27,Tabasco,2006-12-01,63.15874138
27,Tabasco,2007-01-01,63.34488117
27,Tabasco,2007-02-01,63.63063091
27,Tabasco,2007-03-01,63.87814653
27,Tabasco,2007-04-01,63.08428546
27,Tabasco,2007-05-01,62.85940846
27,Tabasco,2007-06-01,62.90267339
27,Tabasco,2007-07-01,63.09937787
27,Tabasco,2007-08-01,63.17433687
27,Tabasco,2007-09-01,63.72470697
27,Tabasco,2007-10-01,64.89638151
27,Tabasco,2007-11-01,64.95373269
27,Tabasco,2007-12-01,65.22086845
27,Tabasco,2008-01-01,65.59264495
27,Tabasco,2008-02-01,65.88141318
27,Tabasco,2008-03-01,66.26928826
27,Tabasco,2008-04-01,65.37531417
27,Tabasco,2008-05-01,65.69577646
27,Tabasco,2008-06-01,65.94580748
27,Tabasco,2008-07-01,66.29997617
27,Tabasco,2008-08-01,66.79651665
27,Tabasco,2008-09-01,67.39216399
27,Tabasco,2008-10-01,67.46259526
27,Tabasco,2008-11-01,67.98630209
27,Tabasco,2008-12-01,68.70369492
27,Tabasco,2009-01-01,68.80833567
27,Tabasco,2009-02-01,69.00403399
27,Tabasco,2009-03-01,69.59968133
27,Tabasco,2009-04-01,70.04842916
27,Tabasco,2009-05-01,70.1198666
27,Tabasco,2009-06-01,70.4297642
27,Tabasco,2009-07-01,70.53893267
27,Tabasco,2009-08-01,70.66319356
27,Tabasco,2009-09-01,71.07672575
27,Tabasco,2009-10-01,71.01132528
27,Tabasco,2009-11-01,71.11646911
27,Tabasco,2009-12-01,71.46359468
27,Tabasco,2010-01-01,72.19306144
27,Tabasco,2010-02-01,72.78719954
27,Tabasco,2010-03-01,73.41353479
27,Tabasco,2010-04-01,73.21230258
27,Tabasco,2010-05-01,73.14690211
27,Tabasco,2010-06-01,73.27518765
27,Tabasco,2010-07-01,73.1886578
27,Tabasco,2010-08-01,73.43617341
27,Tabasco,2010-09-01,73.94478782
27,Tabasco,2010-10-01,75.51942987
27,Tabasco,2010-11-01,75.61652441
27,Tabasco,2010-12-01,76.04766442
27,Tabasco,2011-01-01,76.42012308
27,Tabasco,2011-02-01,76.52078424
27,Tabasco,2011-03-01,76.76633647
27,Tabasco,2011-04-01,75.78870307
27,Tabasco,2011-05-01,75.8367459
27,Tabasco,2011-06-01,75.68575416
27,Tabasco,2011-07-01,75.8565731
27,Tabasco,2011-08-01,75.94427032
27,Tabasco,2011-09-01,76.23328987
27,Tabasco,2011-10-01,77.95901871
27,Tabasco,2011-11-01,78.42724562
27,Tabasco,2011-12-01,79.01901123
27,Tabasco,2012-01-01,79.58866189
27,Tabasco,2012-02-01,79.78312095
27,Tabasco,2012-03-01,79.73584071
27,Tabasco,2012-04-01,78.41428168
27,Tabasco,2012-05-01,78.62322985
27,Tabasco,2012-06-01,79.01977382
27,Tabasco,2012-07-01,79.55510817
27,Tabasco,2012-08-01,80.0622269
27,Tabasco,2012-09-01,80.38556275
27,Tabasco,2012-10-01,81.63467624
27,Tabasco,2012-11-01,81.6712803
27,Tabasco,2012-12-01,81.54621644
27,Tabasco,2013-01-01,82.22720444
27,Tabasco,2013-02-01,82.70992046
27,Tabasco,2013-03-01,82.97377472
27,Tabasco,2013-04-01,82.12730587
27,Tabasco,2013-05-01,82.2981248
27,Tabasco,2013-06-01,82.60010829
27,Tabasco,2013-07-01,82.67712933
27,Tabasco,2013-08-01,82.940221
27,Tabasco,2013-09-01,83.20712559
27,Tabasco,2013-10-01,84.34795208
27,Tabasco,2013-11-01,84.50199416
27,Tabasco,2013-12-01,85.21958622
27,Tabasco,2014-01-01,86.6227418
27,Tabasco,2014-02-01,86.76458252
27,Tabasco,2014-03-01,86.90489808
27,Tabasco,2014-04-01,85.98522111
27,Tabasco,2014-05-01,86.5289439
27,Tabasco,2014-06-01,86.84617907
27,Tabasco,2014-07-01,86.62502955
27,Tabasco,2014-08-01,87.1359612
27,Tabasco,2014-09-01,87.57597249
27,Tabasco,2014-10-01,88.78543158
27,Tabasco,2014-11-01,88.93566074
27,Tabasco,2014-12-01,89.25975918
27,Tabasco,2015-01-01,89.38253529
27,Tabasco,2015-02-01,89.58767053
27,Tabasco,2015-03-01,89.84008602
27,Tabasco,2015-04-01,88.9623512
27,Tabasco,2015-05-01,89.03784707
27,Tabasco,2015-06-01,89.04928584
27,Tabasco,2015-07-01,89.25518367
27,Tabasco,2015-08-01,89.40312507
27,Tabasco,2015-09-01,89.67765551
27,Tabasco,2015-10-01,90.97862476
27,Tabasco,2015-11-01,90.88863978
27,Tabasco,2015-12-01,90.98167509
27,Tabasco,2016-01-01,91.39423334
27,Tabasco,2016-02-01,91.50785843
27,Tabasco,2016-03-01,91.68782839
27,Tabasco,2016-04-01,90.63241137
27,Tabasco,2016-05-01,90.79255412
27,Tabasco,2016-06-01,90.57216719
27,Tabasco,2016-07-01,91.00150229
27,Tabasco,2016-08-01,91.24019126
27,Tabasco,2016-09-01,91.70765559
27,Tabasco,2016-10-01,92.96515751
27,Tabasco,2016-11-01,93.20079614
27,Tabasco,2016-12-01,93.570649649999993
27,Tabasco,2017-01-01,94.99592017
27,Tabasco,2017-02-01,95.42449269
27,Tabasco,2017-03-01,95.95525154
27,Tabasco,2017-04-01,95.48092395
27,Tabasco,2017-05-01,95.61513883
27,Tabasco,2017-06-01,96.05362495
27,Tabasco,2017-07-01,96.38001113
27,Tabasco,2017-08-01,96.72546194
27,Tabasco,2017-09-01,96.78341836
27,Tabasco,2017-10-01,98.09353862
27,Tabasco,2017-11-01,98.67920356
27,Tabasco,2017-12-01,99.16725767
27,Tabasco,2018-01-01,99.61336963
27,Tabasco,2018-02-01,99.66217504
27,Tabasco,2018-03-01,100.2211495
27,Tabasco,2018-04-01,99.11463934
27,Tabasco,2018-05-01,99.27783243
27,Tabasco,2018-06-01,99.56532681
27,Tabasco,2018-07-01,99.92526671
27,Tabasco,2018-08-01,100.25
27,Tabasco,2018-09-01,100.644
27,Tabasco,2018-10-01,102.133
27,Tabasco,2018-11-01,102.204
27,Tabasco,2018-12-01,102.498
27,Tabasco,2019-01-01,102.936
27,Tabasco,2019-02-01,103.063
27,Tabasco,2019-03-01,103.551
27,Tabasco,2019-04-01,102.766
27,Tabasco,2019-05-01,102.62
27,Tabasco,2019-06-01,102.375
27,Tabasco,2019-07-01,103.551
27,Tabasco,2019-08-01,103.973
27,Tabasco,2019-09-01,103.951
27,Tabasco,2019-10-01,105.79
27,Tabasco,2019-11-01,106.087
27,Tabasco,2019-12-01,107.01
27,Tabasco,2020-01-01,106.912
27,Tabasco,2020-02-01,107.286
27,Tabasco,2020-03-01,107.495
27,Tabasco,2020-04-01,106.585
27,Tabasco,2020-05-01,107.575
27,Tabasco,2020-06-01,108.042
27,Tabasco,2020-07-01,109.024
27,Tabasco,2020-08-01,109.099
27,Tabasco,2020-09-01,109.022
27,Tabasco,2020-10-01,110.843
27,Tabasco,2020-11-01,110.335
27,Tabasco,2020-12-01,110.667
27,Tabasco,2021-01-01,111.452
27,Tabasco,2021-02-01,112.254
27,Tabasco,2021-03-01,113.386
27,Tabasco,2021-04-01,111.937
27,Tabasco,2021-05-01,112.182
27,Tabasco,2021-06-01,112.203
27,Tabasco,2021-07-01,112.959
27,Tabasco,2021-08-01,113.257
27,Tabasco,2021-09-01,113.684
27,Tabasco,2021-10-01,116.467
27,Tabasco,2021-11-01,117.29
27,Tabasco,2021-12-01,117.868
27,Tabasco,2022-01-01,118.745
27,Tabasco,2022-02-01,120.001
27,Tabasco,2022-03-01,121.169
27,Tabasco,2022-04-01,119.408
27,Tabasco,2022-05-01,119.805
27,Tabasco,2022-06-01,120.558
27,Tabasco,2022-07-01,121.31
27,Tabasco,2022-08-01,122.243
27,Tabasco,2022-09-01,122.844
27,Tabasco,2022-10-01,125.294
27,Tabasco,2022-11-01,125.482
27,Tabasco,2022-12-01,125.875
27,Tabasco,2023-01-01,127.128
27,Tabasco,2023-02-01,127.948
27,Tabasco,2023-03-01,128.864
27,Tabasco,2023-04-01,126.949
27,Tabasco,2023-05-01,126.71
27,Tabasco,2023-06-01,126.345
27,Tabasco,2023-07-01,126.872
27,Tabasco,2023-08-01,127.76
27,Tabasco,2023-09-01,128.226
27,Tabasco,2023-10-01,130.551
27,Tabasco,2023-11-01,131.023
27,Tabasco,2023-12-01,131.438
27,Tabasco,2024-01-01,132.818
27,Tabasco,2024-02-01,132.491
27,Tabasco,2024-03-01,133.14
27,Tabasco,2024-04-01,131.312
27,Tabasco,2024-05-01,131.166
27,Tabasco,2024-06-01,131.378
27,Tabasco,2024-07-01,132.766
27,Tabasco,2024-08-01,132.641
27,Tabasco,2024-09-01,132.552
27,Tabasco,2024-10-01,135.515
27,Tabasco,2024-11-01,135.991
27,Tabasco,2024-12-01,135.991
28,Tamaulipas,2004-01-01,58.395084335
28,Tamaulipas,2004-02-01,58.68548271
28,Tamaulipas,2004-03-01,58.80350002
28,Tamaulipas,2004-04-01,58.709858015
28,Tamaulipas,2004-05-01,58.501983955
28,Tamaulipas,2004-06-01,58.513925425
28,Tamaulipas,2004-07-01,58.620638834999994
28,Tamaulipas,2004-08-01,58.777490889999996
28,Tamaulipas,2004-09-01,59.343409735
28,Tamaulipas,2004-10-01,60.172775705
28,Tamaulipas,2004-11-01,60.72063249
28,Tamaulipas,2004-12-01,60.701141125
28,Tamaulipas,2005-01-01,60.60799179
28,Tamaulipas,2005-02-01,60.66893598
28,Tamaulipas,2005-03-01,60.885754965000004
28,Tamaulipas,2005-04-01,60.88321123
28,Tamaulipas,2005-05-01,60.74720242
28,Tamaulipas,2005-06-01,60.5635913
28,Tamaulipas,2005-07-01,60.920594815
28,Tamaulipas,2005-08-01,61.093489614999996
28,Tamaulipas,2005-09-01,61.470095310000005
28,Tamaulipas,2005-10-01,62.19813388
28,Tamaulipas,2005-11-01,62.681043265
28,Tamaulipas,2005-12-01,62.992322055
28,Tamaulipas,2006-01-01,63.534327005
28,Tamaulipas,2006-02-01,63.57154798
28,Tamaulipas,2006-03-01,63.69180204
28,Tamaulipas,2006-04-01,63.294716215
28,Tamaulipas,2006-05-01,62.952951455000004
28,Tamaulipas,2006-06-01,63.09610807
28,Tamaulipas,2006-07-01,63.161608740000005
28,Tamaulipas,2006-08-01,63.496953315
28,Tamaulipas,2006-09-01,64.16416472499999
28,Tamaulipas,2006-10-01,64.85807696
28,Tamaulipas,2006-11-01,65.18211915
28,Tamaulipas,2006-12-01,65.549808025
28,Tamaulipas,2007-01-01,65.83082345
28,Tamaulipas,2007-02-01,66.11718949499999
28,Tamaulipas,2007-03-01,66.40013446
28,Tamaulipas,2007-04-01,65.924949185
28,Tamaulipas,2007-05-01,65.41002405
28,Tamaulipas,2007-06-01,65.56032765
28,Tamaulipas,2007-07-01,65.82600708
28,Tamaulipas,2007-08-01,65.977139155
28,Tamaulipas,2007-09-01,66.419404715
28,Tamaulipas,2007-10-01,67.37880285
28,Tamaulipas,2007-11-01,67.977681375
28,Tamaulipas,2007-12-01,68.272481205
28,Tamaulipas,2008-01-01,68.606283295
28,Tamaulipas,2008-02-01,68.630807675
28,Tamaulipas,2008-03-01,69.170713745
28,Tamaulipas,2008-04-01,68.88000553
28,Tamaulipas,2008-05-01,68.572729985
28,Tamaulipas,2008-06-01,68.90197664499999
28,Tamaulipas,2008-07-01,69.37509837
28,Tamaulipas,2008-08-01,69.74010698500001
28,Tamaulipas,2008-09-01,70.07312246000001
28,Tamaulipas,2008-10-01,71.18205737
28,Tamaulipas,2008-11-01,72.034120625
28,Tamaulipas,2008-12-01,72.41864301999999
28,Tamaulipas,2009-01-01,72.467937045
28,Tamaulipas,2009-02-01,72.759926815
28,Tamaulipas,2009-03-01,73.346916195
28,Tamaulipas,2009-04-01,73.312586135
28,Tamaulipas,2009-05-01,72.960171905
28,Tamaulipas,2009-06-01,73.039485825
28,Tamaulipas,2009-07-01,73.13954022499999
28,Tamaulipas,2009-08-01,73.30816962
28,Tamaulipas,2009-09-01,73.51019106
28,Tamaulipas,2009-10-01,74.332615815
28,Tamaulipas,2009-11-01,74.877776995
28,Tamaulipas,2009-12-01,75.294075825
28,Tamaulipas,2010-01-01,75.700833795
28,Tamaulipas,2010-02-01,76.431294305
28,Tamaulipas,2010-03-01,77.09974881
28,Tamaulipas,2010-04-01,76.682182665
28,Tamaulipas,2010-05-01,75.651764495
28,Tamaulipas,2010-06-01,75.40362944
28,Tamaulipas,2010-07-01,75.44390262499999
28,Tamaulipas,2010-08-01,75.640490735
28,Tamaulipas,2010-09-01,75.862517275
28,Tamaulipas,2010-10-01,77.03376668
28,Tamaulipas,2010-11-01,77.87581826499999
28,Tamaulipas,2010-12-01,78.13684913
28,Tamaulipas,2011-01-01,78.83299894999999
28,Tamaulipas,2011-02-01,79.02690631
28,Tamaulipas,2011-03-01,79.23844762
28,Tamaulipas,2011-04-01,78.873411915
28,Tamaulipas,2011-05-01,77.73803294999999
28,Tamaulipas,2011-06-01,77.712964255
28,Tamaulipas,2011-07-01,77.89590902
28,Tamaulipas,2011-08-01,78.01852698
28,Tamaulipas,2011-09-01,78.20108770499999
28,Tamaulipas,2011-10-01,78.959454995
28,Tamaulipas,2011-11-01,80.3784556
28,Tamaulipas,2011-12-01,80.78274926
28,Tamaulipas,2012-01-01,81.281043495
28,Tamaulipas,2012-02-01,81.42480087
28,Tamaulipas,2012-03-01,81.43773193
28,Tamaulipas,2012-04-01,81.055834265
28,Tamaulipas,2012-05-01,80.27968783
28,Tamaulipas,2012-06-01,80.63303683
28,Tamaulipas,2012-07-01,80.927239515
28,Tamaulipas,2012-08-01,81.143875205
28,Tamaulipas,2012-09-01,81.35698371
28,Tamaulipas,2012-10-01,82.04562791000001
28,Tamaulipas,2012-11-01,82.924788475
28,Tamaulipas,2012-12-01,82.97102583
28,Tamaulipas,2013-01-01,83.57036948
28,Tamaulipas,2013-02-01,84.088233875
28,Tamaulipas,2013-03-01,84.57400923
28,Tamaulipas,2013-04-01,84.31237104499999
28,Tamaulipas,2013-05-01,83.42496919499999
28,Tamaulipas,2013-06-01,83.530352495
28,Tamaulipas,2013-07-01,83.63418002
28,Tamaulipas,2013-08-01,83.80380423
28,Tamaulipas,2013-09-01,84.17282556500001
28,Tamaulipas,2013-10-01,84.441874105
28,Tamaulipas,2013-11-01,85.55919729
28,Tamaulipas,2013-12-01,86.08101777499999
28,Tamaulipas,2014-01-01,86.993017645
28,Tamaulipas,2014-02-01,87.069006995
28,Tamaulipas,2014-03-01,87.430206375
28,Tamaulipas,2014-04-01,86.97036901
28,Tamaulipas,2014-05-01,86.028518885
28,Tamaulipas,2014-06-01,86.090786465
28,Tamaulipas,2014-07-01,86.34541123
28,Tamaulipas,2014-08-01,86.30583390000001
28,Tamaulipas,2014-09-01,86.40217542
28,Tamaulipas,2014-10-01,87.23693341
28,Tamaulipas,2014-11-01,88.15643476
28,Tamaulipas,2014-12-01,88.13173294500001
28,Tamaulipas,2015-01-01,87.59537524000001
28,Tamaulipas,2015-02-01,87.7046736
28,Tamaulipas,2015-03-01,88.22416522
28,Tamaulipas,2015-04-01,87.783110115
28,Tamaulipas,2015-05-01,86.934120795
28,Tamaulipas,2015-06-01,87.191129015
28,Tamaulipas,2015-07-01,87.268701755
28,Tamaulipas,2015-08-01,87.29494711000001
28,Tamaulipas,2015-09-01,87.20950115
28,Tamaulipas,2015-10-01,88.039539605
28,Tamaulipas,2015-11-01,89.03192995
28,Tamaulipas,2015-12-01,89.018596575
28,Tamaulipas,2016-01-01,89.7374834
28,Tamaulipas,2016-02-01,90.10648816
28,Tamaulipas,2016-03-01,90.10609078499999
28,Tamaulipas,2016-04-01,89.750066585
28,Tamaulipas,2016-05-01,88.69972125
28,Tamaulipas,2016-06-01,88.98571919
28,Tamaulipas,2016-07-01,89.01391313
28,Tamaulipas,2016-08-01,89.39311607
28,Tamaulipas,2016-09-01,90.08259377
28,Tamaulipas,2016-10-01,90.989029775
28,Tamaulipas,2016-11-01,92.3700293
28,Tamaulipas,2016-12-01,92.70849695999999
28,Tamaulipas,2017-01-01,95.08332311999999
28,Tamaulipas,2017-02-01,95.834703945
28,Tamaulipas,2017-03-01,95.458956005
28,Tamaulipas,2017-04-01,95.386525225
28,Tamaulipas,2017-05-01,94.675424475
28,Tamaulipas,2017-06-01,94.93945701999999
28,Tamaulipas,2017-07-01,95.1059305
28,Tamaulipas,2017-08-01,95.63674503
28,Tamaulipas,2017-09-01,96.14600701500001
28,Tamaulipas,2017-10-01,97.034427665
28,Tamaulipas,2017-11-01,98.36724699999999
28,Tamaulipas,2017-12-01,98.872205525
28,Tamaulipas,2018-01-01,99.45121696999999
28,Tamaulipas,2018-02-01,100.04549363
28,Tamaulipas,2018-03-01,100.379265945
28,Tamaulipas,2018-04-01,100.08394645999999
28,Tamaulipas,2018-05-01,99.17617182000001
28,Tamaulipas,2018-06-01,99.496631795
28,Tamaulipas,2018-07-01,99.92478788
28,Tamaulipas,2018-08-01,100.6245
28,Tamaulipas,2018-09-01,101.295
28,Tamaulipas,2018-10-01,102.3395
28,Tamaulipas,2018-11-01,103.5535
28,Tamaulipas,2018-12-01,103.8735
28,Tamaulipas,2019-01-01,103.5005
28,Tamaulipas,2019-02-01,103.723
28,Tamaulipas,2019-03-01,103.844
28,Tamaulipas,2019-04-01,102.993
28,Tamaulipas,2019-05-01,102.1995
28,Tamaulipas,2019-06-01,102.1035
28,Tamaulipas,2019-07-01,102.646
28,Tamaulipas,2019-08-01,102.868
28,Tamaulipas,2019-09-01,103.101
28,Tamaulipas,2019-10-01,104.4055
28,Tamaulipas,2019-11-01,105.7775
28,Tamaulipas,2019-12-01,106.1365
28,Tamaulipas,2020-01-01,106.708
28,Tamaulipas,2020-02-01,106.93299999999999
28,Tamaulipas,2020-03-01,106.693
28,Tamaulipas,2020-04-01,105.05600000000001
28,Tamaulipas,2020-05-01,105.039
28,Tamaulipas,2020-06-01,105.92699999999999
28,Tamaulipas,2020-07-01,106.733
28,Tamaulipas,2020-08-01,106.937
28,Tamaulipas,2020-09-01,107.0005
28,Tamaulipas,2020-10-01,108.0415
28,Tamaulipas,2020-11-01,109.077
28,Tamaulipas,2020-12-01,109.4375
28,Tamaulipas,2021-01-01,110.591
28,Tamaulipas,2021-02-01,111.081
28,Tamaulipas,2021-03-01,112.1865
28,Tamaulipas,2021-04-01,111.90950000000001
28,Tamaulipas,2021-05-01,111.327
28,Tamaulipas,2021-06-01,112.3515
28,Tamaulipas,2021-07-01,112.97399999999999
28,Tamaulipas,2021-08-01,113.377
28,Tamaulipas,2021-09-01,114.1215
28,Tamaulipas,2021-10-01,115.65100000000001
28,Tamaulipas,2021-11-01,117.4865
28,Tamaulipas,2021-12-01,117.981
28,Tamaulipas,2022-01-01,118.672
28,Tamaulipas,2022-02-01,119.661
28,Tamaulipas,2022-03-01,120.5535
28,Tamaulipas,2022-04-01,121.02199999999999
28,Tamaulipas,2022-05-01,120.3845
28,Tamaulipas,2022-06-01,120.958
28,Tamaulipas,2022-07-01,122.0455
28,Tamaulipas,2022-08-01,123.1555
28,Tamaulipas,2022-09-01,124.0755
28,Tamaulipas,2022-10-01,125.2205
28,Tamaulipas,2022-11-01,126.745
28,Tamaulipas,2022-12-01,127.144
28,Tamaulipas,2023-01-01,127.70000000000002
28,Tamaulipas,2023-02-01,128.4265
28,Tamaulipas,2023-03-01,128.85750000000002
28,Tamaulipas,2023-04-01,128.687
28,Tamaulipas,2023-05-01,127.9275
28,Tamaulipas,2023-06-01,127.684
28,Tamaulipas,2023-07-01,128.02550000000002
28,Tamaulipas,2023-08-01,128.645
28,Tamaulipas,2023-09-01,129.1195
28,Tamaulipas,2023-10-01,130.3435
28,Tamaulipas,2023-11-01,131.9375
28,Tamaulipas,2023-12-01,132.827
28,Tamaulipas,2024-01-01,133.5575
28,Tamaulipas,2024-02-01,134.21
28,Tamaulipas,2024-03-01,134.4635
28,Tamaulipas,2024-04-01,134.2235
28,Tamaulipas,2024-05-01,133.34949999999998
28,Tamaulipas,2024-06-01,133.793
28,Tamaulipas,2024-07-01,135.035
28,Tamaulipas,2024-08-01,135.73700000000002
28,Tamaulipas,2024-09-01,135.73000000000002
28,Tamaulipas,2024-10-01,136.8625
28,Tamaulipas,2024-11-01,138.191
28,Tamaulipas,2024-12-01,138.44299999999998
29,Tlaxcala,2004-01-01,53.57555088
29,Tlaxcala,2004-02-01,54.07650654
29,Tlaxcala,2004-03-01,54.51910804
29,Tlaxcala,2004-04-01,54.41723551
29,Tlaxcala,2004-05-01,54.46471009
29,Tlaxcala,2004-06-01,54.55619755
29,Tlaxcala,2004-07-01,54.72433666
29,Tlaxcala,2004-08-01,55.22380874
29,Tlaxcala,2004-09-01,55.71883007
29,Tlaxcala,2004-10-01,56.22918174
29,Tlaxcala,2004-11-01,56.74101699
29,Tlaxcala,2004-12-01,56.70046579
29,Tlaxcala,2005-01-01,56.59710969
29,Tlaxcala,2005-02-01,56.66634344
29,Tlaxcala,2005-03-01,57.03624949
29,Tlaxcala,2005-04-01,57.39873764
29,Tlaxcala,2005-05-01,57.75726958
29,Tlaxcala,2005-06-01,57.3186243
29,Tlaxcala,2005-07-01,57.4679714
29,Tlaxcala,2005-08-01,57.43384905
29,Tlaxcala,2005-09-01,57.67962887
29,Tlaxcala,2005-10-01,57.83095407
29,Tlaxcala,2005-11-01,57.63611051
29,Tlaxcala,2005-12-01,58.08662443
29,Tlaxcala,2006-01-01,58.61082285
29,Tlaxcala,2006-02-01,58.86204247
29,Tlaxcala,2006-03-01,58.71269537
29,Tlaxcala,2006-04-01,58.85413004
29,Tlaxcala,2006-05-01,58.99309207
29,Tlaxcala,2006-06-01,58.7942923
29,Tlaxcala,2006-07-01,58.94413392
29,Tlaxcala,2006-08-01,59.36497623
29,Tlaxcala,2006-09-01,60.50288242
29,Tlaxcala,2006-10-01,60.74668414
29,Tlaxcala,2006-11-01,60.64184446
29,Tlaxcala,2006-12-01,60.98652964
29,Tlaxcala,2007-01-01,61.11263398
29,Tlaxcala,2007-02-01,61.15565781
29,Tlaxcala,2007-03-01,61.21747366
29,Tlaxcala,2007-04-01,61.47512213
29,Tlaxcala,2007-05-01,61.35247948
29,Tlaxcala,2007-06-01,61.23774926
29,Tlaxcala,2007-07-01,61.56018074
29,Tlaxcala,2007-08-01,62.06756524
29,Tlaxcala,2007-09-01,63.10458796
29,Tlaxcala,2007-10-01,62.62736959
29,Tlaxcala,2007-11-01,63.03288158
29,Tlaxcala,2007-12-01,63.12980883
29,Tlaxcala,2008-01-01,63.77170463
29,Tlaxcala,2008-02-01,63.97693325
29,Tlaxcala,2008-03-01,64.82850842
29,Tlaxcala,2008-04-01,65.44468882
29,Tlaxcala,2008-05-01,65.56683694
29,Tlaxcala,2008-06-01,65.58562896
29,Tlaxcala,2008-07-01,65.94069921
29,Tlaxcala,2008-08-01,66.32296843
29,Tlaxcala,2008-09-01,66.72304062
29,Tlaxcala,2008-10-01,66.91590608
29,Tlaxcala,2008-11-01,67.60676003
29,Tlaxcala,2008-12-01,68.40443177
29,Tlaxcala,2009-01-01,68.42668548
29,Tlaxcala,2009-02-01,68.26448069
29,Tlaxcala,2009-03-01,68.75455675
29,Tlaxcala,2009-04-01,69.39249634
29,Tlaxcala,2009-05-01,69.60069212
29,Tlaxcala,2009-06-01,69.68426715
29,Tlaxcala,2009-07-01,69.7589407
29,Tlaxcala,2009-08-01,69.92164002
29,Tlaxcala,2009-09-01,70.46759762
29,Tlaxcala,2009-10-01,70.04972247
29,Tlaxcala,2009-11-01,70.06109658
29,Tlaxcala,2009-12-01,70.11945075
29,Tlaxcala,2010-01-01,70.898825
29,Tlaxcala,2010-02-01,71.36120756
29,Tlaxcala,2010-03-01,72.14157087
29,Tlaxcala,2010-04-01,71.81221601
29,Tlaxcala,2010-05-01,71.65248385
29,Tlaxcala,2010-06-01,71.30384245
29,Tlaxcala,2010-07-01,71.67968283
29,Tlaxcala,2010-08-01,71.94128751
29,Tlaxcala,2010-09-01,72.46152971
29,Tlaxcala,2010-10-01,72.80572037
29,Tlaxcala,2010-11-01,73.4075595
29,Tlaxcala,2010-12-01,73.77796008
29,Tlaxcala,2011-01-01,74.16643836
29,Tlaxcala,2011-02-01,74.65217359
29,Tlaxcala,2011-03-01,74.62329604
29,Tlaxcala,2011-04-01,74.93206371
29,Tlaxcala,2011-05-01,74.92984236
29,Tlaxcala,2011-06-01,75.03942896
29,Tlaxcala,2011-07-01,75.6288272
29,Tlaxcala,2011-08-01,75.72656661
29,Tlaxcala,2011-09-01,75.92944992
29,Tlaxcala,2011-10-01,76.33299519
29,Tlaxcala,2011-11-01,76.59067181
29,Tlaxcala,2011-12-01,77.29113755
29,Tlaxcala,2012-01-01,77.96864935
29,Tlaxcala,2012-02-01,78.14783826
29,Tlaxcala,2012-03-01,78.02196175
29,Tlaxcala,2012-04-01,78.10193035
29,Tlaxcala,2012-05-01,78.46549133
29,Tlaxcala,2012-06-01,78.77129719
29,Tlaxcala,2012-07-01,79.27258188
29,Tlaxcala,2012-08-01,79.53840344
29,Tlaxcala,2012-09-01,80.00710832
29,Tlaxcala,2012-10-01,80.02636002
29,Tlaxcala,2012-11-01,79.81681266
29,Tlaxcala,2012-12-01,79.85457561
29,Tlaxcala,2013-01-01,80.20999163
29,Tlaxcala,2013-02-01,80.65722346
29,Tlaxcala,2013-03-01,81.70792208
29,Tlaxcala,2013-04-01,82.14404715
29,Tlaxcala,2013-05-01,81.93524024
29,Tlaxcala,2013-06-01,81.3354757
29,Tlaxcala,2013-07-01,81.2451408
29,Tlaxcala,2013-08-01,81.2999341
29,Tlaxcala,2013-09-01,81.81750868
29,Tlaxcala,2013-10-01,81.88933234
29,Tlaxcala,2013-11-01,82.35803722
29,Tlaxcala,2013-12-01,83.34949983
29,Tlaxcala,2014-01-01,83.63531354
29,Tlaxcala,2014-02-01,84.23285673
29,Tlaxcala,2014-03-01,84.47720525
29,Tlaxcala,2014-04-01,84.68675261
29,Tlaxcala,2014-05-01,84.95701687
29,Tlaxcala,2014-06-01,85.04216863
29,Tlaxcala,2014-07-01,85.24727329
29,Tlaxcala,2014-08-01,85.68339837
29,Tlaxcala,2014-09-01,85.88554123
29,Tlaxcala,2014-10-01,85.83815243
29,Tlaxcala,2014-11-01,86.25428535
29,Tlaxcala,2014-12-01,87.11246696
29,Tlaxcala,2015-01-01,86.9147668
29,Tlaxcala,2015-02-01,86.81998919
29,Tlaxcala,2015-03-01,87.26499967
29,Tlaxcala,2015-04-01,87.37606717
29,Tlaxcala,2015-05-01,86.9740028
29,Tlaxcala,2015-06-01,87.39828067
29,Tlaxcala,2015-07-01,87.75443715
29,Tlaxcala,2015-08-01,87.77516975
29,Tlaxcala,2015-09-01,88.11651722
29,Tlaxcala,2015-10-01,88.15428017
29,Tlaxcala,2015-11-01,88.33717133
29,Tlaxcala,2015-12-01,88.94804262
29,Tlaxcala,2016-01-01,89.33233619
29,Tlaxcala,2016-02-01,89.55299031
29,Tlaxcala,2016-03-01,89.59519596
29,Tlaxcala,2016-04-01,89.80918602
29,Tlaxcala,2016-05-01,89.84250628
29,Tlaxcala,2016-06-01,89.85805573
29,Tlaxcala,2016-07-01,89.60704316
29,Tlaxcala,2016-08-01,89.99651988
29,Tlaxcala,2016-09-01,90.62442152
29,Tlaxcala,2016-10-01,90.64219232
29,Tlaxcala,2016-11-01,90.91763974
29,Tlaxcala,2016-12-01,91.29008611
29,Tlaxcala,2017-01-01,92.29709818
29,Tlaxcala,2017-02-01,92.84280986
29,Tlaxcala,2017-03-01,93.80169267
29,Tlaxcala,2017-04-01,94.29557285
29,Tlaxcala,2017-05-01,95.0760072
29,Tlaxcala,2017-06-01,95.24334891
29,Tlaxcala,2017-07-01,95.48917832
29,Tlaxcala,2017-08-01,96.40289368
29,Tlaxcala,2017-09-01,95.9341888
29,Tlaxcala,2017-10-01,96.37475658
29,Tlaxcala,2017-11-01,97.38547089
29,Tlaxcala,2017-12-01,98.11037148
29,Tlaxcala,2018-01-01,98.57389321
29,Tlaxcala,2018-02-01,98.58574041
29,Tlaxcala,2018-03-01,98.62646517
29,Tlaxcala,2018-04-01,99.06184979
29,Tlaxcala,2018-05-01,99.40615906
29,Tlaxcala,2018-06-01,99.37357926
29,Tlaxcala,2018-07-01,99.9392831
29,Tlaxcala,2018-08-01,100.687
29,Tlaxcala,2018-09-01,100.964
29,Tlaxcala,2018-10-01,101.236
29,Tlaxcala,2018-11-01,102.272
29,Tlaxcala,2018-12-01,102.915
29,Tlaxcala,2019-01-01,102.863
29,Tlaxcala,2019-02-01,102.318
29,Tlaxcala,2019-03-01,102.824
29,Tlaxcala,2019-04-01,102.912
29,Tlaxcala,2019-05-01,102.904
29,Tlaxcala,2019-06-01,102.941
29,Tlaxcala,2019-07-01,103.254
29,Tlaxcala,2019-08-01,103.014
29,Tlaxcala,2019-09-01,103.421
29,Tlaxcala,2019-10-01,103.745
29,Tlaxcala,2019-11-01,104.65
29,Tlaxcala,2019-12-01,105.252
29,Tlaxcala,2020-01-01,105.719
29,Tlaxcala,2020-02-01,106.749
29,Tlaxcala,2020-03-01,106.299
29,Tlaxcala,2020-04-01,105.866
29,Tlaxcala,2020-05-01,106.344
29,Tlaxcala,2020-06-01,106.46
29,Tlaxcala,2020-07-01,107.013
29,Tlaxcala,2020-08-01,107.622
29,Tlaxcala,2020-09-01,107.259
29,Tlaxcala,2020-10-01,108.362
29,Tlaxcala,2020-11-01,107.995
29,Tlaxcala,2020-12-01,108.071
29,Tlaxcala,2021-01-01,109.105
29,Tlaxcala,2021-02-01,109.838
29,Tlaxcala,2021-03-01,111.238
29,Tlaxcala,2021-04-01,112.421
29,Tlaxcala,2021-05-01,113.166
29,Tlaxcala,2021-06-01,113.729
29,Tlaxcala,2021-07-01,114.341
29,Tlaxcala,2021-08-01,114.369
29,Tlaxcala,2021-09-01,115.135
29,Tlaxcala,2021-10-01,115.995
29,Tlaxcala,2021-11-01,117.626
29,Tlaxcala,2021-12-01,117.682
29,Tlaxcala,2022-01-01,117.952
29,Tlaxcala,2022-02-01,118.945
29,Tlaxcala,2022-03-01,120.626
29,Tlaxcala,2022-04-01,121.851
29,Tlaxcala,2022-05-01,122.622
29,Tlaxcala,2022-06-01,123.286
29,Tlaxcala,2022-07-01,124.135
29,Tlaxcala,2022-08-01,124.704
29,Tlaxcala,2022-09-01,125.239
29,Tlaxcala,2022-10-01,125.713
29,Tlaxcala,2022-11-01,125.581
29,Tlaxcala,2022-12-01,126.499
29,Tlaxcala,2023-01-01,127.915
29,Tlaxcala,2023-02-01,128.958
29,Tlaxcala,2023-03-01,128.611
29,Tlaxcala,2023-04-01,128.776
29,Tlaxcala,2023-05-01,128.783
29,Tlaxcala,2023-06-01,128.424
29,Tlaxcala,2023-07-01,128.973
29,Tlaxcala,2023-08-01,130.155
29,Tlaxcala,2023-09-01,130.669
29,Tlaxcala,2023-10-01,130.797
29,Tlaxcala,2023-11-01,131.894
29,Tlaxcala,2023-12-01,133.1
29,Tlaxcala,2024-01-01,134.96
29,Tlaxcala,2024-02-01,134.021
29,Tlaxcala,2024-03-01,134.084
29,Tlaxcala,2024-04-01,135.358
29,Tlaxcala,2024-05-01,135.167
29,Tlaxcala,2024-06-01,135.83
29,Tlaxcala,2024-07-01,137.541
29,Tlaxcala,2024-08-01,137.031
29,Tlaxcala,2024-09-01,136.594
29,Tlaxcala,2024-10-01,138.016
29,Tlaxcala,2024-11-01,138.386
29,Tlaxcala,2024-12-01,138.278
30,Veracruz de Ignacio de la Llave,2004-01-01,53.512138603333334
30,Veracruz de Ignacio de la Llave,2004-02-01,53.736987776666666
30,Veracruz de Ignacio de la Llave,2004-03-01,54.03290160333333
30,Veracruz de Ignacio de la Llave,2004-04-01,54.08862533
30,Veracruz de Ignacio de la Llave,2004-05-01,54.192404833333335
30,Veracruz de Ignacio de la Llave,2004-06-01,54.26679063666667
30,Veracruz de Ignacio de la Llave,2004-07-01,54.48699809
30,Veracruz de Ignacio de la Llave,2004-08-01,54.89330064
30,Veracruz de Ignacio de la Llave,2004-09-01,55.44176185333333
30,Veracruz de Ignacio de la Llave,2004-10-01,55.88989119
30,Veracruz de Ignacio de la Llave,2004-11-01,56.09606867666667
30,Veracruz de Ignacio de la Llave,2004-12-01,56.353053333333335
30,Veracruz de Ignacio de la Llave,2005-01-01,56.29618422
30,Veracruz de Ignacio de la Llave,2005-02-01,56.447819466666665
30,Veracruz de Ignacio de la Llave,2005-03-01,56.73315680666666
30,Veracruz de Ignacio de la Llave,2005-04-01,56.56423323666667
30,Veracruz de Ignacio de la Llave,2005-05-01,56.83904080333333
30,Veracruz de Ignacio de la Llave,2005-06-01,56.89249074
30,Veracruz de Ignacio de la Llave,2005-07-01,57.176718623333336
30,Veracruz de Ignacio de la Llave,2005-08-01,57.28300396
30,Veracruz de Ignacio de la Llave,2005-09-01,57.55379284
30,Veracruz de Ignacio de la Llave,2005-10-01,58.016682106666664
30,Veracruz de Ignacio de la Llave,2005-11-01,58.09223484
30,Veracruz de Ignacio de la Llave,2005-12-01,58.468977736666666
30,Veracruz de Ignacio de la Llave,2006-01-01,58.845784423333335
30,Veracruz de Ignacio de la Llave,2006-02-01,59.22141521333334
30,Veracruz de Ignacio de la Llave,2006-03-01,59.38513817
30,Veracruz de Ignacio de la Llave,2006-04-01,59.10495897333333
30,Veracruz de Ignacio de la Llave,2006-05-01,59.305164356666666
30,Veracruz de Ignacio de la Llave,2006-06-01,59.31924399
30,Veracruz de Ignacio de la Llave,2006-07-01,59.57070915333333
30,Veracruz de Ignacio de la Llave,2006-08-01,59.945841269999995
30,Veracruz de Ignacio de la Llave,2006-09-01,60.52876214
30,Veracruz de Ignacio de la Llave,2006-10-01,60.98538727333333
30,Veracruz de Ignacio de la Llave,2006-11-01,60.99171736666666
30,Veracruz de Ignacio de la Llave,2006-12-01,61.44598229333333
30,Veracruz de Ignacio de la Llave,2007-01-01,61.775404783333336
30,Veracruz de Ignacio de la Llave,2007-02-01,61.96671116333333
30,Veracruz de Ignacio de la Llave,2007-03-01,62.129449003333335
30,Veracruz de Ignacio de la Llave,2007-04-01,61.93534841
30,Veracruz de Ignacio de la Llave,2007-05-01,61.78657059333333
30,Veracruz de Ignacio de la Llave,2007-06-01,61.89198598
30,Veracruz de Ignacio de la Llave,2007-07-01,62.176214503333334
30,Veracruz de Ignacio de la Llave,2007-08-01,62.44495194666666
30,Veracruz de Ignacio de la Llave,2007-09-01,63.04728816
30,Veracruz de Ignacio de la Llave,2007-10-01,63.41365274
30,Veracruz de Ignacio de la Llave,2007-11-01,63.58515100333334
30,Veracruz de Ignacio de la Llave,2007-12-01,63.87446185666667
30,Veracruz de Ignacio de la Llave,2008-01-01,64.16506887333334
30,Veracruz de Ignacio de la Llave,2008-02-01,64.4013154
30,Veracruz de Ignacio de la Llave,2008-03-01,64.94010324999999
30,Veracruz de Ignacio de la Llave,2008-04-01,64.98028040666667
30,Veracruz de Ignacio de la Llave,2008-05-01,65.31375536
30,Veracruz de Ignacio de la Llave,2008-06-01,65.68781078333333
30,Veracruz de Ignacio de la Llave,2008-07-01,65.944745030000007
30,Veracruz de Ignacio de la Llave,2008-08-01,66.34818984333333
30,Veracruz de Ignacio de la Llave,2008-09-01,66.91885656666666
30,Veracruz de Ignacio de la Llave,2008-10-01,67.85094776333334
30,Veracruz de Ignacio de la Llave,2008-11-01,68.41777950333334
30,Veracruz de Ignacio de la Llave,2008-12-01,69.09279581
30,Veracruz de Ignacio de la Llave,2009-01-01,69.29964594666667
30,Veracruz de Ignacio de la Llave,2009-02-01,69.30712019333333
30,Veracruz de Ignacio de la Llave,2009-03-01,69.72427868666666
30,Veracruz de Ignacio de la Llave,2009-04-01,69.62025780666667
30,Veracruz de Ignacio de la Llave,2009-05-01,69.89893297333333
30,Veracruz de Ignacio de la Llave,2009-06-01,69.91260633666667
30,Veracruz de Ignacio de la Llave,2009-07-01,69.99890547333334
30,Veracruz de Ignacio de la Llave,2009-08-01,70.24468371
30,Veracruz de Ignacio de la Llave,2009-09-01,70.79746607333333
30,Veracruz de Ignacio de la Llave,2009-10-01,71.22251656333334
30,Veracruz de Ignacio de la Llave,2009-11-01,71.24372689333333
30,Veracruz de Ignacio de la Llave,2009-12-01,71.57544152333334
30,Veracruz de Ignacio de la Llave,2010-01-01,72.75701102666666
30,Veracruz de Ignacio de la Llave,2010-02-01,73.13719419333333
30,Veracruz de Ignacio de la Llave,2010-03-01,73.73214210333333
30,Veracruz de Ignacio de la Llave,2010-04-01,73.16789103666666
30,Veracruz de Ignacio de la Llave,2010-05-01,72.97203379
30,Veracruz de Ignacio de la Llave,2010-06-01,73.02581074666666
30,Veracruz de Ignacio de la Llave,2010-07-01,73.26592468333334
30,Veracruz de Ignacio de la Llave,2010-08-01,73.41716638
30,Veracruz de Ignacio de la Llave,2010-09-01,73.75916079333334
30,Veracruz de Ignacio de la Llave,2010-10-01,74.60035571666667
30,Veracruz de Ignacio de la Llave,2010-11-01,74.80200789666667
30,Veracruz de Ignacio de la Llave,2010-12-01,75.24346351666667
30,Veracruz de Ignacio de la Llave,2011-01-01,75.80142671666667
30,Veracruz de Ignacio de la Llave,2011-02-01,76.18730926
30,Veracruz de Ignacio de la Llave,2011-03-01,76.06184283
30,Veracruz de Ignacio de la Llave,2011-04-01,75.85495657
30,Veracruz de Ignacio de la Llave,2011-05-01,75.99946764666667
30,Veracruz de Ignacio de la Llave,2011-06-01,76.09359135
30,Veracruz de Ignacio de la Llave,2011-07-01,76.35686689333333
30,Veracruz de Ignacio de la Llave,2011-08-01,76.56567206
30,Veracruz de Ignacio de la Llave,2011-09-01,76.87024518333334
30,Veracruz de Ignacio de la Llave,2011-10-01,77.29874984333333
30,Veracruz de Ignacio de la Llave,2011-11-01,77.45431794666666
30,Veracruz de Ignacio de la Llave,2011-12-01,77.91301792
30,Veracruz de Ignacio de la Llave,2012-01-01,78.66595493333332
30,Veracruz de Ignacio de la Llave,2012-02-01,78.83569523666667
30,Veracruz de Ignacio de la Llave,2012-03-01,79.22729153
30,Veracruz de Ignacio de la Llave,2012-04-01,78.91053698
30,Veracruz de Ignacio de la Llave,2012-05-01,79.05903932
30,Veracruz de Ignacio de la Llave,2012-06-01,79.36525072333333
30,Veracruz de Ignacio de la Llave,2012-07-01,79.89810328
30,Veracruz de Ignacio de la Llave,2012-08-01,80.11373568666666
30,Veracruz de Ignacio de la Llave,2012-09-01,80.54656220333334
30,Veracruz de Ignacio de la Llave,2012-10-01,80.97644849666668
30,Veracruz de Ignacio de la Llave,2012-11-01,80.90745144666667
30,Veracruz de Ignacio de la Llave,2012-12-01,81.05707459
30,Veracruz de Ignacio de la Llave,2013-01-01,81.42579181333333
30,Veracruz de Ignacio de la Llave,2013-02-01,81.97556363
30,Veracruz de Ignacio de la Llave,2013-03-01,82.42558990666667
30,Veracruz de Ignacio de la Llave,2013-04-01,82.38667044
30,Veracruz de Ignacio de la Llave,2013-05-01,82.6596778
30,Veracruz de Ignacio de la Llave,2013-06-01,82.72739478999999
30,Veracruz de Ignacio de la Llave,2013-07-01,82.59747163
30,Veracruz de Ignacio de la Llave,2013-08-01,82.76504821
30,Veracruz de Ignacio de la Llave,2013-09-01,83.09026761333334
30,Veracruz de Ignacio de la Llave,2013-10-01,83.59904321333333
30,Veracruz de Ignacio de la Llave,2013-11-01,84.09103703666668
30,Veracruz de Ignacio de la Llave,2013-12-01,84.70815995
30,Veracruz de Ignacio de la Llave,2014-01-01,85.30495466666667
30,Veracruz de Ignacio de la Llave,2014-02-01,85.47126152
30,Veracruz de Ignacio de la Llave,2014-03-01,85.67302093
30,Veracruz de Ignacio de la Llave,2014-04-01,85.33821985666667
30,Veracruz de Ignacio de la Llave,2014-05-01,85.77993707333333
30,Veracruz de Ignacio de la Llave,2014-06-01,85.92178239
30,Veracruz de Ignacio de la Llave,2014-07-01,86.05961971
30,Veracruz de Ignacio de la Llave,2014-08-01,86.54280522
30,Veracruz de Ignacio de la Llave,2014-09-01,86.80774613
30,Veracruz de Ignacio de la Llave,2014-10-01,87.47180394
30,Veracruz de Ignacio de la Llave,2014-11-01,87.74712987333334
30,Veracruz de Ignacio de la Llave,2014-12-01,88.30730962333334
30,Veracruz de Ignacio de la Llave,2015-01-01,88.30100640666666
30,Veracruz de Ignacio de la Llave,2015-02-01,88.38426443666667
30,Veracruz de Ignacio de la Llave,2015-03-01,88.47732746
30,Veracruz de Ignacio de la Llave,2015-04-01,88.32978176
30,Veracruz de Ignacio de la Llave,2015-05-01,88.29386930666666
30,Veracruz de Ignacio de la Llave,2015-06-01,88.25733129666666
30,Veracruz de Ignacio de la Llave,2015-07-01,88.37741138333334
30,Veracruz de Ignacio de la Llave,2015-08-01,88.54354688
30,Veracruz de Ignacio de la Llave,2015-09-01,88.74150958333333
30,Veracruz de Ignacio de la Llave,2015-10-01,89.40305886333333
30,Veracruz de Ignacio de la Llave,2015-11-01,89.51067114666667
30,Veracruz de Ignacio de la Llave,2015-12-01,89.92604667666667
30,Veracruz de Ignacio de la Llave,2016-01-01,90.32509346666667
30,Veracruz de Ignacio de la Llave,2016-02-01,90.60329469333334
30,Veracruz de Ignacio de la Llave,2016-03-01,90.77897666666667
30,Veracruz de Ignacio de la Llave,2016-04-01,90.43123859333333
30,Veracruz de Ignacio de la Llave,2016-05-01,90.58303812666666
30,Veracruz de Ignacio de la Llave,2016-06-01,90.68211917333333
30,Veracruz de Ignacio de la Llave,2016-07-01,90.79556283333334
30,Veracruz de Ignacio de la Llave,2016-08-01,91.00333480666667
30,Veracruz de Ignacio de la Llave,2016-09-01,91.42272200666666
30,Veracruz de Ignacio de la Llave,2016-10-01,92.13489969999999
30,Veracruz de Ignacio de la Llave,2016-11-01,92.2599176
30,Veracruz de Ignacio de la Llave,2016-12-01,92.70734193
30,Veracruz de Ignacio de la Llave,2017-01-01,93.86356120333333
30,Veracruz de Ignacio de la Llave,2017-02-01,94.12633057
30,Veracruz de Ignacio de la Llave,2017-03-01,94.687567
30,Veracruz de Ignacio de la Llave,2017-04-01,94.86438454
30,Veracruz de Ignacio de la Llave,2017-05-01,95.25553636
30,Veracruz de Ignacio de la Llave,2017-06-01,95.55701756
30,Veracruz de Ignacio de la Llave,2017-07-01,95.96735869333332
30,Veracruz de Ignacio de la Llave,2017-08-01,96.31764439666667
30,Veracruz de Ignacio de la Llave,2017-09-01,96.41016846
30,Veracruz de Ignacio de la Llave,2017-10-01,97.03265443333333
30,Veracruz de Ignacio de la Llave,2017-11-01,97.74131496333334
30,Veracruz de Ignacio de la Llave,2017-12-01,98.52186791
30,Veracruz de Ignacio de la Llave,2018-01-01,98.99961805
30,Veracruz de Ignacio de la Llave,2018-02-01,98.99898726666667
30,Veracruz de Ignacio de la Llave,2018-03-01,99.50414379
30,Veracruz de Ignacio de la Llave,2018-04-01,98.84279435333333
30,Veracruz de Ignacio de la Llave,2018-05-01,99.15369462333334
30,Veracruz de Ignacio de la Llave,2018-06-01,99.44109023
30,Veracruz de Ignacio de la Llave,2018-07-01,99.90745796
30,Veracruz de Ignacio de la Llave,2018-08-01,100.45325
30,Veracruz de Ignacio de la Llave,2018-09-01,100.70325
30,Veracruz de Ignacio de la Llave,2018-10-01,101.54875
30,Veracruz de Ignacio de la Llave,2018-11-01,102.0505
30,Veracruz de Ignacio de la Llave,2018-12-01,102.84325
30,Veracruz de Ignacio de la Llave,2019-01-01,103.08924999999999
30,Veracruz de Ignacio de la Llave,2019-02-01,102.87075
30,Veracruz de Ignacio de la Llave,2019-03-01,103.1785
30,Veracruz de Ignacio de la Llave,2019-04-01,102.9405
30,Veracruz de Ignacio de la Llave,2019-05-01,103.12575
30,Veracruz de Ignacio de la Llave,2019-06-01,103.17150000000001
30,Veracruz de Ignacio de la Llave,2019-07-01,103.47475
30,Veracruz de Ignacio de la Llave,2019-08-01,103.52525
30,Veracruz de Ignacio de la Llave,2019-09-01,103.674
30,Veracruz de Ignacio de la Llave,2019-10-01,104.67875
30,Veracruz de Ignacio de la Llave,2019-11-01,105.22875
30,Veracruz de Ignacio de la Llave,2019-12-01,105.9215
30,Veracruz de Ignacio de la Llave,2020-01-01,106.3065
30,Veracruz de Ignacio de la Llave,2020-02-01,106.68975
30,Veracruz de Ignacio de la Llave,2020-03-01,106.67625
30,Veracruz de Ignacio de la Llave,2020-04-01,105.68299999999999
30,Veracruz de Ignacio de la Llave,2020-05-01,106.4455
30,Veracruz de Ignacio de la Llave,2020-06-01,107.2165
30,Veracruz de Ignacio de la Llave,2020-07-01,107.75125
30,Veracruz de Ignacio de la Llave,2020-08-01,108.13325
30,Veracruz de Ignacio de la Llave,2020-09-01,108.30625
30,Veracruz de Ignacio de la Llave,2020-10-01,109.63275
30,Veracruz de Ignacio de la Llave,2020-11-01,109.356
30,Veracruz de Ignacio de la Llave,2020-12-01,109.768
30,Veracruz de Ignacio de la Llave,2021-01-01,110.6285
30,Veracruz de Ignacio de la Llave,2021-02-01,111.09575
30,Veracruz de Ignacio de la Llave,2021-03-01,111.71275
30,Veracruz de Ignacio de la Llave,2021-04-01,111.67224999999999
30,Veracruz de Ignacio de la Llave,2021-05-01,112.478
30,Veracruz de Ignacio de la Llave,2021-06-01,112.97975
30,Veracruz de Ignacio de la Llave,2021-07-01,113.586
30,Veracruz de Ignacio de la Llave,2021-08-01,113.93424999999999
30,Veracruz de Ignacio de la Llave,2021-09-01,114.66225
30,Veracruz de Ignacio de la Llave,2021-10-01,115.89975
30,Veracruz de Ignacio de la Llave,2021-11-01,117.05675
30,Veracruz de Ignacio de la Llave,2021-12-01,117.42075
30,Veracruz de Ignacio de la Llave,2022-01-01,118.06975
30,Veracruz de Ignacio de la Llave,2022-02-01,118.89725
30,Veracruz de Ignacio de la Llave,2022-03-01,120.0985
30,Veracruz de Ignacio de la Llave,2022-04-01,120.387
30,Veracruz de Ignacio de la Llave,2022-05-01,121.232
30,Veracruz de Ignacio de la Llave,2022-06-01,122.24425
30,Veracruz de Ignacio de la Llave,2022-07-01,122.8845
30,Veracruz de Ignacio de la Llave,2022-08-01,123.77799999999999
30,Veracruz de Ignacio de la Llave,2022-09-01,124.8765
30,Veracruz de Ignacio de la Llave,2022-10-01,126.07300000000001
30,Veracruz de Ignacio de la Llave,2022-11-01,126.299
30,Veracruz de Ignacio de la Llave,2022-12-01,127.03725
30,Veracruz de Ignacio de la Llave,2023-01-01,127.92075
30,Veracruz de Ignacio de la Llave,2023-02-01,128.56674999999998
30,Veracruz de Ignacio de la Llave,2023-03-01,128.88325
30,Veracruz de Ignacio de la Llave,2023-04-01,128.3165
30,Veracruz de Ignacio de la Llave,2023-05-01,128.52875
30,Veracruz de Ignacio de la Llave,2023-06-01,128.5615
30,Veracruz de Ignacio de la Llave,2023-07-01,129.195
30,Veracruz de Ignacio de la Llave,2023-08-01,130.23075
30,Veracruz de Ignacio de la Llave,2023-09-01,130.5565
30,Veracruz de Ignacio de la Llave,2023-10-01,131.591
30,Veracruz de Ignacio de la Llave,2023-11-01,132.03925
30,Veracruz de Ignacio de la Llave,2023-12-01,133.211
30,Veracruz de Ignacio de la Llave,2024-01-01,134.63774999999998
30,Veracruz de Ignacio de la Llave,2024-02-01,134.1635
30,Veracruz de Ignacio de la Llave,2024-03-01,134.548
30,Veracruz de Ignacio de la Llave,2024-04-01,134.2225
30,Veracruz de Ignacio de la Llave,2024-05-01,134.6
30,Veracruz de Ignacio de la Llave,2024-06-01,135.1815
30,Veracruz de Ignacio de la Llave,2024-07-01,136.93275
30,Veracruz de Ignacio de la Llave,2024-08-01,136.77224999999999
30,Veracruz de Ignacio de la Llave,2024-09-01,136.78625
30,Veracruz de Ignacio de la Llave,2024-10-01,138.0615
30,Veracruz de Ignacio de la Llave,2024-11-01,138.47525000000002
30,Veracruz de Ignacio de la Llave,2024-12-01,139.17950000000002
31,Yucatán,2004-01-01,54.81732195
31,Yucatán,2004-02-01,54.88767049
31,Yucatán,2004-03-01,55.07169822
31,Yucatán,2004-04-01,54.42377789
31,Yucatán,2004-05-01,54.54357434
31,Yucatán,2004-06-01,54.69446687
31,Yucatán,2004-07-01,55.11247999
31,Yucatán,2004-08-01,55.52029766
31,Yucatán,2004-09-01,55.92454692
31,Yucatán,2004-10-01,57.2856384
31,Yucatán,2004-11-01,57.55479806
31,Yucatán,2004-12-01,57.62514661
31,Yucatán,2005-01-01,57.74698214
31,Yucatán,2005-02-01,57.87085675
31,Yucatán,2005-03-01,58.10280305
31,Yucatán,2005-04-01,57.24077845
31,Yucatán,2005-05-01,57.47425407
31,Yucatán,2005-06-01,57.52574105
31,Yucatán,2005-07-01,58.00084864
31,Yucatán,2005-08-01,58.00390727
31,Yucatán,2005-09-01,58.23687311
31,Yucatán,2005-10-01,59.28445475
31,Yucatán,2005-11-01,59.38844826
31,Yucatán,2005-12-01,59.79881479
31,Yucatán,2006-01-01,60.41869765
31,Yucatán,2006-02-01,60.68021073
31,Yucatán,2006-03-01,60.63382147
31,Yucatán,2006-04-01,59.80697114
31,Yucatán,2006-05-01,59.90127898
31,Yucatán,2006-06-01,59.66321542
31,Yucatán,2006-07-01,59.47307043
31,Yucatán,2006-08-01,59.76771869
31,Yucatán,2006-09-01,60.39575791
31,Yucatán,2006-10-01,61.90774192
31,Yucatán,2006-11-01,61.86186243
31,Yucatán,2006-12-01,62.3665368
31,Yucatán,2007-01-01,62.65404826
31,Yucatán,2007-02-01,62.93187404
31,Yucatán,2007-03-01,63.11437245
31,Yucatán,2007-04-01,62.03722403
31,Yucatán,2007-05-01,61.94189665
31,Yucatán,2007-06-01,61.89448785
31,Yucatán,2007-07-01,62.35990976
31,Yucatán,2007-08-01,62.61734467
31,Yucatán,2007-09-01,63.00477145
31,Yucatán,2007-10-01,64.19610882
31,Yucatán,2007-11-01,64.16195409
31,Yucatán,2007-12-01,64.32966911
31,Yucatán,2008-01-01,64.667648
31,Yucatán,2008-02-01,64.92355359
31,Yucatán,2008-03-01,65.3507426
31,Yucatán,2008-04-01,64.70944932
31,Yucatán,2008-05-01,65.36807485
31,Yucatán,2008-06-01,65.57555209
31,Yucatán,2008-07-01,65.89925737
31,Yucatán,2008-08-01,66.08481441
31,Yucatán,2008-09-01,66.43808647
31,Yucatán,2008-10-01,67.76094504
31,Yucatán,2008-11-01,68.48889958
31,Yucatán,2008-12-01,68.85032799
31,Yucatán,2009-01-01,68.99561303
31,Yucatán,2009-02-01,69.277517
31,Yucatán,2009-03-01,69.91881028
31,Yucatán,2009-04-01,69.41209683
31,Yucatán,2009-05-01,69.28363426
31,Yucatán,2009-06-01,69.28210495
31,Yucatán,2009-07-01,69.43656589
31,Yucatán,2009-08-01,69.81328746
31,Yucatán,2009-09-01,70.48771593
31,Yucatán,2009-10-01,71.71167872
31,Yucatán,2009-11-01,71.80649633
31,Yucatán,2009-12-01,71.94464456
31,Yucatán,2010-01-01,72.80513985
31,Yucatán,2010-02-01,73.13802102
31,Yucatán,2010-03-01,73.65798855
31,Yucatán,2010-04-01,72.59256489
31,Yucatán,2010-05-01,72.48755184
31,Yucatán,2010-06-01,72.08534166
31,Yucatán,2010-07-01,72.40140035
31,Yucatán,2010-08-01,72.57268377
31,Yucatán,2010-09-01,73.07429951
31,Yucatán,2010-10-01,74.85901159
31,Yucatán,2010-11-01,75.0195898
31,Yucatán,2010-12-01,75.30965012
31,Yucatán,2011-01-01,75.63536913
31,Yucatán,2011-02-01,75.8385966
31,Yucatán,2011-03-01,75.92547823
31,Yucatán,2011-04-01,75.18509565
31,Yucatán,2011-05-01,75.37019129
31,Yucatán,2011-06-01,75.32788371
31,Yucatán,2011-07-01,75.47444925
31,Yucatán,2011-08-01,75.67389925
31,Yucatán,2011-09-01,75.84312955
31,Yucatán,2011-10-01,77.08440361
31,Yucatán,2011-11-01,77.33749358
31,Yucatán,2011-12-01,78.06049983
31,Yucatán,2012-01-01,78.67849264
31,Yucatán,2012-02-01,78.86812124
31,Yucatán,2012-03-01,79.13027711
31,Yucatán,2012-04-01,78.19195552
31,Yucatán,2012-05-01,78.26599377
31,Yucatán,2012-06-01,78.70871234
31,Yucatán,2012-07-01,79.02526367
31,Yucatán,2012-08-01,79.42265269
31,Yucatán,2012-09-01,79.98776102
31,Yucatán,2012-10-01,80.75911879
31,Yucatán,2012-11-01,80.5188722
31,Yucatán,2012-12-01,80.67148167
31,Yucatán,2013-01-01,81.00314285
31,Yucatán,2013-02-01,81.46172675
31,Yucatán,2013-03-01,81.82814058
31,Yucatán,2013-04-01,81.11571122
31,Yucatán,2013-05-01,81.37937808
31,Yucatán,2013-06-01,81.52594361
31,Yucatán,2013-07-01,81.54407543
31,Yucatán,2013-08-01,81.79112145
31,Yucatán,2013-09-01,82.03287903
31,Yucatán,2013-10-01,83.3927654
31,Yucatán,2013-11-01,83.77126711
31,Yucatán,2013-12-01,84.02889003
31,Yucatán,2014-01-01,84.77456106
31,Yucatán,2014-02-01,85.19310387
31,Yucatán,2014-03-01,85.30869421
31,Yucatán,2014-04-01,84.68314647
31,Yucatán,2014-05-01,84.82215708
31,Yucatán,2014-06-01,85.02236258
31,Yucatán,2014-07-01,85.24523284
31,Yucatán,2014-08-01,85.56329516
31,Yucatán,2014-09-01,85.80051978
31,Yucatán,2014-10-01,87.37043305
31,Yucatán,2014-11-01,87.33945786
31,Yucatán,2014-12-01,87.53890786
31,Yucatán,2015-01-01,87.5751715
31,Yucatán,2015-02-01,87.66054214
31,Yucatán,2015-03-01,87.87887945
31,Yucatán,2015-04-01,86.84989876
31,Yucatán,2015-05-01,86.82421202
31,Yucatán,2015-06-01,87.0055302
31,Yucatán,2015-07-01,87.24275483
31,Yucatán,2015-08-01,87.22386752
31,Yucatán,2015-09-01,87.43389441
31,Yucatán,2015-10-01,88.78622586
31,Yucatán,2015-11-01,88.68725635
31,Yucatán,2015-12-01,89.08993382
31,Yucatán,2016-01-01,89.03478287
31,Yucatán,2016-02-01,89.29844973
31,Yucatán,2016-03-01,89.35813363
31,Yucatán,2016-04-01,88.65477018
31,Yucatán,2016-05-01,88.96527757
31,Yucatán,2016-06-01,89.07029102
31,Yucatán,2016-07-01,88.96603306
31,Yucatán,2016-08-01,89.02042852
31,Yucatán,2016-09-01,89.73663534
31,Yucatán,2016-10-01,91.2272219
31,Yucatán,2016-11-01,91.7069596
31,Yucatán,2016-12-01,92.1360793
31,Yucatán,2017-01-01,93.73016832
31,Yucatán,2017-02-01,94.23937022
31,Yucatán,2017-03-01,94.7410172
31,Yucatán,2017-04-01,93.8918437
31,Yucatán,2017-05-01,94.18497477
31,Yucatán,2017-06-01,94.61182799
31,Yucatán,2017-07-01,94.89589314
31,Yucatán,2017-08-01,95.27137288
31,Yucatán,2017-09-01,95.56223747
31,Yucatán,2017-10-01,96.79973407
31,Yucatán,2017-11-01,97.22885377
31,Yucatán,2017-12-01,98.10069203
31,Yucatán,2018-01-01,98.502614
31,Yucatán,2018-02-01,98.87733825
31,Yucatán,2018-03-01,99.39485056
31,Yucatán,2018-04-01,98.20872745
31,Yucatán,2018-05-01,98.64615757
31,Yucatán,2018-06-01,99.31023541
31,Yucatán,2018-07-01,99.96146989
31,Yucatán,2018-08-01,100.352
31,Yucatán,2018-09-01,100.98
31,Yucatán,2018-10-01,102.05
31,Yucatán,2018-11-01,102.59
31,Yucatán,2018-12-01,103.207
31,Yucatán,2019-01-01,103.322
31,Yucatán,2019-02-01,103.576
31,Yucatán,2019-03-01,104.221
31,Yucatán,2019-04-01,103.484
31,Yucatán,2019-05-01,103.596
31,Yucatán,2019-06-01,103.689
31,Yucatán,2019-07-01,104.084
31,Yucatán,2019-08-01,104.136
31,Yucatán,2019-09-01,104.4
31,Yucatán,2019-10-01,105.715
31,Yucatán,2019-11-01,106.314
31,Yucatán,2019-12-01,107.071
31,Yucatán,2020-01-01,107.215
31,Yucatán,2020-02-01,107.432
31,Yucatán,2020-03-01,107.935
31,Yucatán,2020-04-01,105.885
31,Yucatán,2020-05-01,106.537
31,Yucatán,2020-06-01,107.99
31,Yucatán,2020-07-01,108.505
31,Yucatán,2020-08-01,108.87
31,Yucatán,2020-09-01,109.036
31,Yucatán,2020-10-01,110.352
31,Yucatán,2020-11-01,110.22
31,Yucatán,2020-12-01,110.547
31,Yucatán,2021-01-01,111.117
31,Yucatán,2021-02-01,111.93
31,Yucatán,2021-03-01,112.973
31,Yucatán,2021-04-01,112.314
31,Yucatán,2021-05-01,112.911
31,Yucatán,2021-06-01,113.803
31,Yucatán,2021-07-01,114.377
31,Yucatán,2021-08-01,114.54
31,Yucatán,2021-09-01,115.197
31,Yucatán,2021-10-01,116.93
31,Yucatán,2021-11-01,117.349
31,Yucatán,2021-12-01,118.324
31,Yucatán,2022-01-01,119.01
31,Yucatán,2022-02-01,120.268
31,Yucatán,2022-03-01,122.219
31,Yucatán,2022-04-01,121.722
31,Yucatán,2022-05-01,122.783
31,Yucatán,2022-06-01,123.354
31,Yucatán,2022-07-01,124.158
31,Yucatán,2022-08-01,125.326
31,Yucatán,2022-09-01,126.065
31,Yucatán,2022-10-01,128.238
31,Yucatán,2022-11-01,129.049
31,Yucatán,2022-12-01,129.887
31,Yucatán,2023-01-01,131.168
31,Yucatán,2023-02-01,132.058
31,Yucatán,2023-03-01,132.977
31,Yucatán,2023-04-01,131.937
31,Yucatán,2023-05-01,132.057
31,Yucatán,2023-06-01,132.598
31,Yucatán,2023-07-01,133.278
31,Yucatán,2023-08-01,133.781
31,Yucatán,2023-09-01,134.426
31,Yucatán,2023-10-01,136.235
31,Yucatán,2023-11-01,136.668
31,Yucatán,2023-12-01,137.974
31,Yucatán,2024-01-01,138.92
31,Yucatán,2024-02-01,139.833
31,Yucatán,2024-03-01,140.308
31,Yucatán,2024-04-01,139.037
31,Yucatán,2024-05-01,139.538
31,Yucatán,2024-06-01,140.312
31,Yucatán,2024-07-01,141.124
31,Yucatán,2024-08-01,141.294
31,Yucatán,2024-09-01,141.432
31,Yucatán,2024-10-01,143.415
31,Yucatán,2024-11-01,143.707
31,Yucatán,2024-12-01,144.542
32,Zacatecas,2004-01-01,56.12967457
32,Zacatecas,2004-02-01,56.34797359
32,Zacatecas,2004-03-01,56.48316117
32,Zacatecas,2004-04-01,56.51945667
32,Zacatecas,2004-05-01,56.67884126
32,Zacatecas,2004-06-01,56.72039697
32,Zacatecas,2004-07-01,56.94185212
32,Zacatecas,2004-08-01,57.32584798
32,Zacatecas,2004-09-01,57.80820991
32,Zacatecas,2004-10-01,58.30109227
32,Zacatecas,2004-11-01,58.44943039
32,Zacatecas,2004-12-01,58.7739858
32,Zacatecas,2005-01-01,59.01490375
32,Zacatecas,2005-02-01,59.16692403
32,Zacatecas,2005-03-01,59.47622481
32,Zacatecas,2005-04-01,59.52724892
32,Zacatecas,2005-05-01,59.62929713
32,Zacatecas,2005-06-01,59.6671707
32,Zacatecas,2005-07-01,59.91545295
32,Zacatecas,2005-08-01,59.89072993
32,Zacatecas,2005-09-01,59.97278932
32,Zacatecas,2005-10-01,59.99751234
32,Zacatecas,2005-11-01,60.13006982
32,Zacatecas,2005-12-01,60.36783164
32,Zacatecas,2006-01-01,60.66819005
32,Zacatecas,2006-02-01,60.90069165
32,Zacatecas,2006-03-01,60.81758022
32,Zacatecas,2006-04-01,60.95697598
32,Zacatecas,2006-05-01,61.29468192
32,Zacatecas,2006-06-01,61.17474897
32,Zacatecas,2006-07-01,61.13477132
32,Zacatecas,2006-08-01,61.61082098
32,Zacatecas,2006-09-01,62.10212528
32,Zacatecas,2006-10-01,62.13316056
32,Zacatecas,2006-11-01,62.22942254
32,Zacatecas,2006-12-01,62.83066537
32,Zacatecas,2007-01-01,63.15522078
32,Zacatecas,2007-02-01,63.29724665
32,Zacatecas,2007-03-01,63.34038043
32,Zacatecas,2007-04-01,63.34564064
32,Zacatecas,2007-05-01,63.49818695
32,Zacatecas,2007-06-01,63.75278146
32,Zacatecas,2007-07-01,64.11731452
32,Zacatecas,2007-08-01,64.45344241
32,Zacatecas,2007-09-01,64.90424303
32,Zacatecas,2007-10-01,65.09834504
32,Zacatecas,2007-11-01,65.38818302
32,Zacatecas,2007-12-01,65.34978343
32,Zacatecas,2008-01-01,65.82951525
32,Zacatecas,2008-02-01,66.13355581
32,Zacatecas,2008-03-01,66.43391421
32,Zacatecas,2008-04-01,66.5038751
32,Zacatecas,2008-05-01,66.52596802
32,Zacatecas,2008-06-01,66.99938757
32,Zacatecas,2008-07-01,67.23557133
32,Zacatecas,2008-08-01,67.45544841
32,Zacatecas,2008-09-01,67.99199057
32,Zacatecas,2008-10-01,68.15821344
32,Zacatecas,2008-11-01,68.93830366
32,Zacatecas,2008-12-01,69.22814164
32,Zacatecas,2009-01-01,69.06717899
32,Zacatecas,2009-02-01,69.17606548
32,Zacatecas,2009-03-01,69.71313367
32,Zacatecas,2009-04-01,70.2586182
32,Zacatecas,2009-05-01,70.29806983
32,Zacatecas,2009-06-01,70.5489822
32,Zacatecas,2009-07-01,70.44640796
32,Zacatecas,2009-08-01,70.7209913
32,Zacatecas,2009-09-01,71.11182545
32,Zacatecas,2009-10-01,71.0018869
32,Zacatecas,2009-11-01,71.05448908
32,Zacatecas,2009-12-01,71.22123797
32,Zacatecas,2010-01-01,72.04972219
32,Zacatecas,2010-02-01,72.48106001
32,Zacatecas,2010-03-01,72.72829022
32,Zacatecas,2010-04-01,72.42161955
32,Zacatecas,2010-05-01,72.54891681
32,Zacatecas,2010-06-01,72.49210646
32,Zacatecas,2010-07-01,72.74407087
32,Zacatecas,2010-08-01,73.00287356
32,Zacatecas,2010-09-01,73.37056275
32,Zacatecas,2010-10-01,73.75561065
32,Zacatecas,2010-11-01,73.7519285
32,Zacatecas,2010-12-01,74.13013812
32,Zacatecas,2011-01-01,74.43003393
32,Zacatecas,2011-02-01,74.84354236
32,Zacatecas,2011-03-01,75.12119435
32,Zacatecas,2011-04-01,75.37434763
32,Zacatecas,2011-05-01,75.15757121
32,Zacatecas,2011-06-01,75.64234861
32,Zacatecas,2011-07-01,76.17241149
32,Zacatecas,2011-08-01,76.23774137
32,Zacatecas,2011-09-01,76.35355343
32,Zacatecas,2011-10-01,76.73885123
32,Zacatecas,2011-11-01,76.89623685
32,Zacatecas,2011-12-01,77.55770187
32,Zacatecas,2012-01-01,78.07588659
32,Zacatecas,2012-02-01,78.34611473
32,Zacatecas,2012-03-01,78.48716788
32,Zacatecas,2012-04-01,78.33646372
32,Zacatecas,2012-05-01,78.24811991
32,Zacatecas,2012-06-01,78.62005479
32,Zacatecas,2012-07-01,79.4849333
32,Zacatecas,2012-08-01,79.61633544
32,Zacatecas,2012-09-01,79.88582119
32,Zacatecas,2012-10-01,80.04766112
32,Zacatecas,2012-11-01,80.12561154
32,Zacatecas,2012-12-01,80.14862547
32,Zacatecas,2013-01-01,80.42998938
32,Zacatecas,2013-02-01,80.6861122
32,Zacatecas,2013-03-01,81.25255195
32,Zacatecas,2013-04-01,81.38469648
32,Zacatecas,2013-05-01,81.63339545
32,Zacatecas,2013-06-01,81.39063556
32,Zacatecas,2013-07-01,81.26739965
32,Zacatecas,2013-08-01,81.53985494
32,Zacatecas,2013-09-01,82.05729727
32,Zacatecas,2013-10-01,82.48416864
32,Zacatecas,2013-11-01,82.67496158
32,Zacatecas,2013-12-01,82.73657954
32,Zacatecas,2014-01-01,83.9251379
32,Zacatecas,2014-02-01,83.89321534
32,Zacatecas,2014-03-01,84.13449046
32,Zacatecas,2014-04-01,84.8598006
32,Zacatecas,2014-05-01,85.07138032
32,Zacatecas,2014-06-01,85.11518103
32,Zacatecas,2014-07-01,84.9288424
32,Zacatecas,2014-08-01,85.11146911
32,Zacatecas,2014-09-01,85.65786446
32,Zacatecas,2014-10-01,85.84643024
32,Zacatecas,2014-11-01,86.18644257
32,Zacatecas,2014-12-01,86.47448794
32,Zacatecas,2015-01-01,86.30076985
32,Zacatecas,2015-02-01,86.17530679
32,Zacatecas,2015-03-01,86.21242604
32,Zacatecas,2015-04-01,86.35644873
32,Zacatecas,2015-05-01,86.25696914
32,Zacatecas,2015-06-01,86.34160103
32,Zacatecas,2015-07-01,86.53536351
32,Zacatecas,2015-08-01,86.90581362
32,Zacatecas,2015-09-01,87.3267459
32,Zacatecas,2015-10-01,87.43810365
32,Zacatecas,2015-11-01,87.36015323
32,Zacatecas,2015-12-01,87.57470249
32,Zacatecas,2016-01-01,88.15673232
32,Zacatecas,2016-02-01,89.06021485
32,Zacatecas,2016-03-01,88.79221387
32,Zacatecas,2016-04-01,88.73950453
32,Zacatecas,2016-05-01,88.62814678
32,Zacatecas,2016-06-01,88.95776572
32,Zacatecas,2016-07-01,88.9882035
32,Zacatecas,2016-08-01,89.24358394
32,Zacatecas,2016-09-01,89.8389767
32,Zacatecas,2016-10-01,89.85605155
32,Zacatecas,2016-11-01,89.77587397
32,Zacatecas,2016-12-01,89.99784708
32,Zacatecas,2017-01-01,91.60362581
32,Zacatecas,2017-02-01,92.3014677
32,Zacatecas,2017-03-01,93.22054031
32,Zacatecas,2017-04-01,93.82706884
32,Zacatecas,2017-05-01,94.29105946
32,Zacatecas,2017-06-01,94.51674449
32,Zacatecas,2017-07-01,95.20938969
32,Zacatecas,2017-08-01,95.45808866
32,Zacatecas,2017-09-01,96.14776431
32,Zacatecas,2017-10-01,96.39794805
32,Zacatecas,2017-11-01,97.06906408
32,Zacatecas,2017-12-01,97.61768658
32,Zacatecas,2018-01-01,98.00001485
32,Zacatecas,2018-02-01,98.44544584
32,Zacatecas,2018-03-01,98.73571837
32,Zacatecas,2018-04-01,98.46771739
32,Zacatecas,2018-05-01,98.33631525
32,Zacatecas,2018-06-01,99.11878902
32,Zacatecas,2018-07-01,99.940980395
32,Zacatecas,2018-08-01,100.5975
32,Zacatecas,2018-09-01,101.29849999999999
32,Zacatecas,2018-10-01,101.7485
32,Zacatecas,2018-11-01,102.23249999999999
32,Zacatecas,2018-12-01,102.676
32,Zacatecas,2019-01-01,102.888
32,Zacatecas,2019-02-01,102.71
32,Zacatecas,2019-03-01,102.884
32,Zacatecas,2019-04-01,102.935
32,Zacatecas,2019-05-01,102.97149999999999
32,Zacatecas,2019-06-01,102.6745
32,Zacatecas,2019-07-01,103.262
32,Zacatecas,2019-08-01,103.342
32,Zacatecas,2019-09-01,103.88650000000001
32,Zacatecas,2019-10-01,104.4155
32,Zacatecas,2019-11-01,104.81200000000001
32,Zacatecas,2019-12-01,105.38
32,Zacatecas,2020-01-01,105.8175
32,Zacatecas,2020-02-01,106.387
32,Zacatecas,2020-03-01,106.4945
32,Zacatecas,2020-04-01,105.36500000000001
32,Zacatecas,2020-05-01,105.225
32,Zacatecas,2020-06-01,105.9115
32,Zacatecas,2020-07-01,106.82499999999999
32,Zacatecas,2020-08-01,107.4975
32,Zacatecas,2020-09-01,107.714
32,Zacatecas,2020-10-01,108.453
32,Zacatecas,2020-11-01,108.3175
32,Zacatecas,2020-12-01,108.505
32,Zacatecas,2021-01-01,109.2645
32,Zacatecas,2021-02-01,110.515
32,Zacatecas,2021-03-01,111.8185
32,Zacatecas,2021-04-01,112.682
32,Zacatecas,2021-05-01,113.34700000000001
32,Zacatecas,2021-06-01,114.0835
32,Zacatecas,2021-07-01,114.9005
32,Zacatecas,2021-08-01,115.482
32,Zacatecas,2021-09-01,116.463
32,Zacatecas,2021-10-01,117.432
32,Zacatecas,2021-11-01,118.669
32,Zacatecas,2021-12-01,118.69800000000001
32,Zacatecas,2022-01-01,119.3375
32,Zacatecas,2022-02-01,120.46549999999999
32,Zacatecas,2022-03-01,121.874
32,Zacatecas,2022-04-01,122.5655
32,Zacatecas,2022-05-01,123.54050000000001
32,Zacatecas,2022-06-01,124.759
32,Zacatecas,2022-07-01,125.844
32,Zacatecas,2022-08-01,126.79399999999998
32,Zacatecas,2022-09-01,127.67750000000001
32,Zacatecas,2022-10-01,127.9815
32,Zacatecas,2022-11-01,128.2655
32,Zacatecas,2022-12-01,128.891
32,Zacatecas,2023-01-01,129.5205
32,Zacatecas,2023-02-01,130.2535
32,Zacatecas,2023-03-01,130.7185
32,Zacatecas,2023-04-01,130.839
32,Zacatecas,2023-05-01,131.156
32,Zacatecas,2023-06-01,131.142
32,Zacatecas,2023-07-01,131.523
32,Zacatecas,2023-08-01,132.493
32,Zacatecas,2023-09-01,133.108
32,Zacatecas,2023-10-01,133.5045
32,Zacatecas,2023-11-01,133.918
32,Zacatecas,2023-12-01,134.60250000000002
32,Zacatecas,2024-01-01,135.5
32,Zacatecas,2024-02-01,135.6655
32,Zacatecas,2024-03-01,135.94299999999998
32,Zacatecas,2024-04-01,136.7825
32,Zacatecas,2024-05-01,138.1905
32,Zacatecas,2024-06-01,137.4905
32,Zacatecas,2024-07-01,139.52249999999998
32,Zacatecas,2024-08-01,139.44400000000002
32,Zacatecas,2024-09-01,139.58100000000002
32,Zacatecas,2024-10-01,139.8195
32,Zacatecas,2024-11-01,140.3555
32,Zacatecas,2024-12-01,140.291
