Instituto Nacional de Estadística y Geografía,,,,,,,,,,,,,,,,,,,,,,,,,,,,,,,,,,,,,,,,,,,,,,,,,,,,,,,,
"Índice Nacional de Precios al Consumidor, ciudades que lo componen por mayor variación ",,,,,,,,,,,,,,,,,,,,,,,,,,,,,,,,,,,,,,,,,,,,,,,,,,,,,,,,
,,,,,,,,,,,,,,,,,,,,,,,,,,,,,,,,,,,,,,,,,,,,,,,,,,,,,,,,
Título," Índice Nacional de Precios al Consumidor. Base segunda quincena Julio 2018. Actualización de Canasta y Ponderadores 2024 (mensual), Resumen, Principales índices, Precios al Consumidor (INPC)"," Índice Nacional de Precios al Consumidor. Base segunda quincena Julio 2018. Actualización de Canasta y Ponderadores 2024 (mensual), Por ciudad, 7. Area Metropolitana de la Cd. de México, Índice de precios al consumidor, por objeto del gasto, Índice general"," Índice Nacional de Precios al Consumidor. Base segunda quincena Julio 2018. Actualización de Canasta y Ponderadores 2024 (mensual), Por ciudad, Acapulco, Gro., Índice de precios al consumidor, por objeto del gasto, Índice general"," Índice Nacional de Precios al Consumidor. Base segunda quincena Julio 2018. Actualización de Canasta y Ponderadores 2024 (mensual), Por ciudad, Aguascalientes, Ags., Índice de precios al consumidor, por objeto del gasto, Índice general"," Índice Nacional de Precios al Consumidor. Base segunda quincena Julio 2018. Actualización de Canasta y Ponderadores 2024 (mensual), Por ciudad, Atlacomulco, Méx., Índice de precios al consumidor, por objeto del gasto, Índice general"," Índice Nacional de Precios al Consumidor. Base segunda quincena Julio 2018. Actualización de Canasta y Ponderadores 2024 (mensual), Por ciudad, Campeche, Camp., Índice de precios al consumidor, por objeto del gasto, Índice general"," Índice Nacional de Precios al Consumidor. Base segunda quincena Julio 2018. Actualización de Canasta y Ponderadores 2024 (mensual), Por ciudad, Cancún, Q. Roo., Índice de precios al consumidor, por objeto del gasto, Índice general"," Índice Nacional de Precios al Consumidor. Base segunda quincena Julio 2018. Actualización de Canasta y Ponderadores 2024 (mensual), Por ciudad, Cd. Acuña, Coah., Índice de precios al consumidor, por objeto del gasto, Índice general"," Índice Nacional de Precios al Consumidor. Base segunda quincena Julio 2018. Actualización de Canasta y Ponderadores 2024 (mensual), Por ciudad, Cd. Jiménez, Chih., Índice de precios al consumidor, por objeto del gasto, Índice general"," Índice Nacional de Precios al Consumidor. Base segunda quincena Julio 2018. Actualización de Canasta y Ponderadores 2024 (mensual), Por ciudad, Cd. Juárez, Chih., Índice de precios al consumidor, por objeto del gasto, Índice general"," Índice Nacional de Precios al Consumidor. Base segunda quincena Julio 2018. Actualización de Canasta y Ponderadores 2024 (mensual), Por ciudad, Chetumal, Q.R., Índice de precios al consumidor, por objeto del gasto, Índice general"," Índice Nacional de Precios al Consumidor. Base segunda quincena Julio 2018. Actualización de Canasta y Ponderadores 2024 (mensual), Por ciudad, Chihuahua, Chih., Índice de precios al consumidor, por objeto del gasto, Índice general"," Índice Nacional de Precios al Consumidor. Base segunda quincena Julio 2018. Actualización de Canasta y Ponderadores 2024 (mensual), Por ciudad, Coatzacoalcos, Ver., Índice de precios al consumidor, por objeto del gasto, Índice general"," Índice Nacional de Precios al Consumidor. Base segunda quincena Julio 2018. Actualización de Canasta y Ponderadores 2024 (mensual), Por ciudad, Colima, Col., Índice de precios al consumidor, por objeto del gasto, Índice general"," Índice Nacional de Precios al Consumidor. Base segunda quincena Julio 2018. Actualización de Canasta y Ponderadores 2024 (mensual), Por ciudad, Córdoba, Ver., Índice de precios al consumidor, por objeto del gasto, Índice general"," Índice Nacional de Precios al Consumidor. Base segunda quincena Julio 2018. Actualización de Canasta y Ponderadores 2024 (mensual), Por ciudad, Cortazar, Gto., Índice de precios al consumidor, por objeto del gasto, Índice general"," Índice Nacional de Precios al Consumidor. Base segunda quincena Julio 2018. Actualización de Canasta y Ponderadores 2024 (mensual), Por ciudad, Cuernavaca, Mor., Índice de precios al consumidor, por objeto del gasto, Índice general"," Índice Nacional de Precios al Consumidor. Base segunda quincena Julio 2018. Actualización de Canasta y Ponderadores 2024 (mensual), Por ciudad, Culiacán, Sin., Índice de precios al consumidor, por objeto del gasto, Índice general"," Índice Nacional de Precios al Consumidor. Base segunda quincena Julio 2018. Actualización de Canasta y Ponderadores 2024 (mensual), Por ciudad, Durango, Dgo., Índice de precios al consumidor, por objeto del gasto, Índice general"," Índice Nacional de Precios al Consumidor. Base segunda quincena Julio 2018. Actualización de Canasta y Ponderadores 2024 (mensual), Por ciudad, Esperanza, Son., Índice de precios al consumidor, por objeto del gasto, Índice general"," Índice Nacional de Precios al Consumidor. Base segunda quincena Julio 2018. Actualización de Canasta y Ponderadores 2024 (mensual), Por ciudad, Fresnillo, Zac., Índice de precios al consumidor, por objeto del gasto, Índice general"," Índice Nacional de Precios al Consumidor. Base segunda quincena Julio 2018. Actualización de Canasta y Ponderadores 2024 (mensual), Por ciudad, Guadalajara, Jal., Índice de precios al consumidor, por objeto del gasto, Índice general"," Índice Nacional de Precios al Consumidor. Base segunda quincena Julio 2018. Actualización de Canasta y Ponderadores 2024 (mensual), Por ciudad, Hermosillo, Son., Índice de precios al consumidor, por objeto del gasto, Índice general"," Índice Nacional de Precios al Consumidor. Base segunda quincena Julio 2018. Actualización de Canasta y Ponderadores 2024 (mensual), Por ciudad, Huatabampo, Son., Índice de precios al consumidor, por objeto del gasto, Índice general"," Índice Nacional de Precios al Consumidor. Base segunda quincena Julio 2018. Actualización de Canasta y Ponderadores 2024 (mensual), Por ciudad, Iguala, Gro., Índice de precios al consumidor, por objeto del gasto, Índice general"," Índice Nacional de Precios al Consumidor. Base segunda quincena Julio 2018. Actualización de Canasta y Ponderadores 2024 (mensual), Por ciudad, Izúcar de Matamoros, Pue., Índice de precios al consumidor, por objeto del gasto, Índice general"," Índice Nacional de Precios al Consumidor. Base segunda quincena Julio 2018. Actualización de Canasta y Ponderadores 2024 (mensual), Por ciudad, Jacona, Mich., Índice de precios al consumidor, por objeto del gasto, Índice general"," Índice Nacional de Precios al Consumidor. Base segunda quincena Julio 2018. Actualización de Canasta y Ponderadores 2024 (mensual), Por ciudad, La Paz, B.C.S., Índice de precios al consumidor, por objeto del gasto, Índice general"," Índice Nacional de Precios al Consumidor. Base segunda quincena Julio 2018. Actualización de Canasta y Ponderadores 2024 (mensual), Por ciudad, León, Gto., Índice de precios al consumidor, por objeto del gasto, Índice general"," Índice Nacional de Precios al Consumidor. Base segunda quincena Julio 2018. Actualización de Canasta y Ponderadores 2024 (mensual), Por ciudad, Matamoros, Tamps., Índice de precios al consumidor, por objeto del gasto, Índice general"," Índice Nacional de Precios al Consumidor. Base segunda quincena Julio 2018. Actualización de Canasta y Ponderadores 2024 (mensual), Por ciudad, Mérida, Yuc., Índice de precios al consumidor, por objeto del gasto, Índice general"," Índice Nacional de Precios al Consumidor. Base segunda quincena Julio 2018. Actualización de Canasta y Ponderadores 2024 (mensual), Por ciudad, Mexicali, B.C., Índice de precios al consumidor, por objeto del gasto, Índice general"," Índice Nacional de Precios al Consumidor. Base segunda quincena Julio 2018. Actualización de Canasta y Ponderadores 2024 (mensual), Por ciudad, Monclova, Coah., Índice de precios al consumidor, por objeto del gasto, Índice general"," Índice Nacional de Precios al Consumidor. Base segunda quincena Julio 2018. Actualización de Canasta y Ponderadores 2024 (mensual), Por ciudad, Monterrey, N.L., Índice de precios al consumidor, por objeto del gasto, Índice general"," Índice Nacional de Precios al Consumidor. Base segunda quincena Julio 2018. Actualización de Canasta y Ponderadores 2024 (mensual), Por ciudad, Morelia, Mich., Índice de precios al consumidor, por objeto del gasto, Índice general"," Índice Nacional de Precios al Consumidor. Base segunda quincena Julio 2018. Actualización de Canasta y Ponderadores 2024 (mensual), Por ciudad, Oaxaca, Oax., Índice de precios al consumidor, por objeto del gasto, Índice general"," Índice Nacional de Precios al Consumidor. Base segunda quincena Julio 2018. Actualización de Canasta y Ponderadores 2024 (mensual), Por ciudad, Pachuca, Hgo., Índice de precios al consumidor, por objeto del gasto, Índice general"," Índice Nacional de Precios al Consumidor. Base segunda quincena Julio 2018. Actualización de Canasta y Ponderadores 2024 (mensual), Por ciudad, Puebla, Pue., Índice de precios al consumidor, por objeto del gasto, Índice general"," Índice Nacional de Precios al Consumidor. Base segunda quincena Julio 2018. Actualización de Canasta y Ponderadores 2024 (mensual), Por ciudad, Querétaro, Qro., Índice de precios al consumidor, por objeto del gasto, Índice general"," Índice Nacional de Precios al Consumidor. Base segunda quincena Julio 2018. Actualización de Canasta y Ponderadores 2024 (mensual), Por ciudad, Saltillo, Coah., Índice de precios al consumidor, por objeto del gasto, Índice general"," Índice Nacional de Precios al Consumidor. Base segunda quincena Julio 2018. Actualización de Canasta y Ponderadores 2024 (mensual), Por ciudad, San Andrés Tuxtla, Ver., Índice de precios al consumidor, por objeto del gasto, Índice general"," Índice Nacional de Precios al Consumidor. Base segunda quincena Julio 2018. Actualización de Canasta y Ponderadores 2024 (mensual), Por ciudad, San Luis Potosí, S.L.P., Índice de precios al consumidor, por objeto del gasto, Índice general"," Índice Nacional de Precios al Consumidor. Base segunda quincena Julio 2018. Actualización de Canasta y Ponderadores 2024 (mensual), Por ciudad, Tampico, Tamps., Índice de precios al consumidor, por objeto del gasto, Índice general"," Índice Nacional de Precios al Consumidor. Base segunda quincena Julio 2018. Actualización de Canasta y Ponderadores 2024 (mensual), Por ciudad, Tapachula, Chis., Índice de precios al consumidor, por objeto del gasto, Índice general"," Índice Nacional de Precios al Consumidor. Base segunda quincena Julio 2018. Actualización de Canasta y Ponderadores 2024 (mensual), Por ciudad, Tehuantepec, Oax., Índice de precios al consumidor, por objeto del gasto, Índice general"," Índice Nacional de Precios al Consumidor. Base segunda quincena Julio 2018. Actualización de Canasta y Ponderadores 2024 (mensual), Por ciudad, Tepatitlán, Jal., Índice de precios al consumidor, por objeto del gasto, Índice general"," Índice Nacional de Precios al Consumidor. Base segunda quincena Julio 2018. Actualización de Canasta y Ponderadores 2024 (mensual), Por ciudad, Tepic, Nay., Índice de precios al consumidor, por objeto del gasto, Índice general"," Índice Nacional de Precios al Consumidor. Base segunda quincena Julio 2018. Actualización de Canasta y Ponderadores 2024 (mensual), Por ciudad, Tijuana, B.C., Índice de precios al consumidor, por objeto del gasto, Índice general"," Índice Nacional de Precios al Consumidor. Base segunda quincena Julio 2018. Actualización de Canasta y Ponderadores 2024 (mensual), Por ciudad, Tlaxcala, Tlax., Índice de precios al consumidor, por objeto del gasto, Índice general"," Índice Nacional de Precios al Consumidor. Base segunda quincena Julio 2018. Actualización de Canasta y Ponderadores 2024 (mensual), Por ciudad, Toluca, Edo. de Méx., Índice de precios al consumidor, por objeto del gasto, Índice general"," Índice Nacional de Precios al Consumidor. Base segunda quincena Julio 2018. Actualización de Canasta y Ponderadores 2024 (mensual), Por ciudad, Torreón, Coah., Índice de precios al consumidor, por objeto del gasto, Índice general"," Índice Nacional de Precios al Consumidor. Base segunda quincena Julio 2018. Actualización de Canasta y Ponderadores 2024 (mensual), Por ciudad, Tulancingo, Hgo., Índice de precios al consumidor, por objeto del gasto, Índice general"," Índice Nacional de Precios al Consumidor. Base segunda quincena Julio 2018. Actualización de Canasta y Ponderadores 2024 (mensual), Por ciudad, Tuxtla Gutiérrez, Chis., Índice de precios al consumidor, por objeto del gasto, Índice general"," Índice Nacional de Precios al Consumidor. Base segunda quincena Julio 2018. Actualización de Canasta y Ponderadores 2024 (mensual), Por ciudad, Veracruz,Ver., Índice de precios al consumidor, por objeto del gasto, Índice general"," Índice Nacional de Precios al Consumidor. Base segunda quincena Julio 2018. Actualización de Canasta y Ponderadores 2024 (mensual), Por ciudad, Villahermosa, Tab., Índice de precios al consumidor, por objeto del gasto, Índice general"," Índice Nacional de Precios al Consumidor. Base segunda quincena Julio 2018. Actualización de Canasta y Ponderadores 2024 (mensual), Por ciudad, Zacatecas, Zac., Índice de precios al consumidor, por objeto del gasto, Índice general"
Periodo disponible,Ene 1970-Abr 2026,Ene 1970-Abr 2026,Ene 1979-Abr 2026,Ene 1982-Abr 2026,Jul 2018-Abr 2026,Ene 1995-Abr 2026,Jul 2018-Abr 2026,Ene 1995-Abr 2026,Ene 1982-Abr 2026,Ene 1970-Abr 2026,Ene 1982-Abr 2026,Ene 1982-Abr 2026,Jul 2018-Abr 2026,Ene 1982-Abr 2026,Ene 1982-Abr 2026,Ene 1982-Abr 2026,Ene 1995-Abr 2026,Ene 1979-Abr 2026,Ene 1995-Abr 2026,Jul 2018-Abr 2026,Ene 1982-Abr 2026,Ene 1970-Abr 2026,Ene 1982-Abr 2026,Ene 1982-Abr 2026,Ene 1982-Abr 2026,Jul 2018-Abr 2026,Ene 1982-Abr 2026,Ene 1982-Abr 2026,Ene 1979-Abr 2026,Ene 1982-Abr 2026,Ene 1970-Abr 2026,Ene 1970-Abr 2026,Ene 1982-Abr 2026,Ene 1970-Abr 2026,Ene 1970-Abr 2026,Ene 1995-Abr 2026,Jul 2018-Abr 2026,Ene 1979-Abr 2026,Ene 1995-Abr 2026,Jul 2018-Abr 2026,Ene 1995-Abr 2026,Ene 1979-Abr 2026,Ene 1982-Abr 2026,Ene 1979-Abr 2026,Ene 1995-Abr 2026,Ene 1995-Abr 2026,Ene 1995-Abr 2026,Ene 1982-Abr 2026,Ene 1995-Abr 2026,Ene 1979-Abr 2026,Ene 1979-Abr 2026,Ene 1982-Abr 2026,Jul 2018-Abr 2026,Ene 1979-Abr 2026,Ene 1982-Abr 2026,Jul 2018-Abr 2026
Periodicidad,Mensual,Mensual,Mensual,Mensual,Mensual,Mensual,Mensual,Mensual,Mensual,Mensual,Mensual,Mensual,Mensual,Mensual,Mensual,Mensual,Mensual,Mensual,Mensual,Mensual,Mensual,Mensual,Mensual,Mensual,Mensual,Mensual,Mensual,Mensual,Mensual,Mensual,Mensual,Mensual,Mensual,Mensual,Mensual,Mensual,Mensual,Mensual,Mensual,Mensual,Mensual,Mensual,Mensual,Mensual,Mensual,Mensual,Mensual,Mensual,Mensual,Mensual,Mensual,Mensual,Mensual,Mensual,Mensual,Mensual
Cifra,Índices,Índices,Índices,Índices,Índices,Índices,Índices,Índices,Índices,Índices,Índices,Índices,Índices,Índices,Índices,Índices,Índices,Índices,Índices,Índices,Índices,Índices,Índices,Índices,Índices,Índices,Índices,Índices,Índices,Índices,Índices,Índices,Índices,Índices,Índices,Índices,Índices,Índices,Índices,Índices,Índices,Índices,Índices,Índices,Índices,Índices,Índices,Índices,Índices,Índices,Índices,Índices,Índices,Índices,Índices,Índices
Unidad,Sin Unidad,Sin Unidad,Sin Unidad,Sin Unidad,Sin Unidad,Sin Unidad,Sin Unidad,Sin Unidad,Sin Unidad,Sin Unidad,Sin Unidad,Sin Unidad,Sin Unidad,Sin Unidad,Sin Unidad,Sin Unidad,Sin Unidad,Sin Unidad,Sin Unidad,Sin Unidad,Sin Unidad,Sin Unidad,Sin Unidad,Sin Unidad,Sin Unidad,Sin Unidad,Sin Unidad,Sin Unidad,Sin Unidad,Sin Unidad,Sin Unidad,Sin Unidad,Sin Unidad,Sin Unidad,Sin Unidad,Sin Unidad,Sin Unidad,Sin Unidad,Sin Unidad,Sin Unidad,Sin Unidad,Sin Unidad,Sin Unidad,Sin Unidad,Sin Unidad,Sin Unidad,Sin Unidad,Sin Unidad,Sin Unidad,Sin Unidad,Sin Unidad,Sin Unidad,Sin Unidad,Sin Unidad,Sin Unidad,Sin Unidad
Base,Índice base segunda quincena de julio 2018 = 100,Índice base segunda quincena de julio 2018 = 100,Índice base segunda quincena de julio 2018 = 100,Índice base segunda quincena de julio 2018 = 100,Índice base segunda quincena de julio 2018 = 100,Índice base segunda quincena de julio 2018 = 100,Índice base segunda quincena de julio 2018 = 100,Índice base segunda quincena de julio 2018 = 100,Índice base segunda quincena de julio 2018 = 100,Índice base segunda quincena de julio 2018 = 100,Índice base segunda quincena de julio 2018 = 100,Índice base segunda quincena de julio 2018 = 100,Índice base segunda quincena de julio 2018 = 100,Índice base segunda quincena de julio 2018 = 100,Índice base segunda quincena de julio 2018 = 100,Índice base segunda quincena de julio 2018 = 100,Índice base segunda quincena de julio 2018 = 100,Índice base segunda quincena de julio 2018 = 100,Índice base segunda quincena de julio 2018 = 100,Índice base segunda quincena de julio 2018 = 100,Índice base segunda quincena de julio 2018 = 100,Índice base segunda quincena de julio 2018 = 100,Índice base segunda quincena de julio 2018 = 100,Índice base segunda quincena de julio 2018 = 100,Índice base segunda quincena de julio 2018 = 100,Índice base segunda quincena de julio 2018 = 100,Índice base segunda quincena de julio 2018 = 100,Índice base segunda quincena de julio 2018 = 100,Índice base segunda quincena de julio 2018 = 100,Índice base segunda quincena de julio 2018 = 100,Índice base segunda quincena de julio 2018 = 100,Índice base segunda quincena de julio 2018 = 100,Índice base segunda quincena de julio 2018 = 100,Índice base segunda quincena de julio 2018 = 100,Índice base segunda quincena de julio 2018 = 100,Índice base segunda quincena de julio 2018 = 100,Índice base segunda quincena de julio 2018 = 100,Índice base segunda quincena de julio 2018 = 100,Índice base segunda quincena de julio 2018 = 100,Índice base segunda quincena de julio 2018 = 100,Índice base segunda quincena de julio 2018 = 100,Índice base segunda quincena de julio 2018 = 100,Índice base segunda quincena de julio 2018 = 100,Índice base segunda quincena de julio 2018 = 100,Índice base segunda quincena de julio 2018 = 100,Índice base segunda quincena de julio 2018 = 100,Índice base segunda quincena de julio 2018 = 100,Índice base segunda quincena de julio 2018 = 100,Índice base segunda quincena de julio 2018 = 100,Índice base segunda quincena de julio 2018 = 100,Índice base segunda quincena de julio 2018 = 100,Índice base segunda quincena de julio 2018 = 100,Índice base segunda quincena de julio 2018 = 100,Índice base segunda quincena de julio 2018 = 100,Índice base segunda quincena de julio 2018 = 100,Índice base segunda quincena de julio 2018 = 100
Aviso,"Las desagregaciones del INPC solo tienen valor informativo.Las desagregaciones del INPC solo tienen valor informativo.
  ","Las desagregaciones del INPC solo tienen valor informativo.Las desagregaciones del INPC solo tienen valor informativo.
  ","Las desagregaciones del INPC solo tienen valor informativo.Las desagregaciones del INPC solo tienen valor informativo.
  ","Las desagregaciones del INPC solo tienen valor informativo.Las desagregaciones del INPC solo tienen valor informativo.
  ","Las desagregaciones del INPC solo tienen valor informativo.Las desagregaciones del INPC solo tienen valor informativo.
  ","Las desagregaciones del INPC solo tienen valor informativo.Las desagregaciones del INPC solo tienen valor informativo.
  ","Las desagregaciones del INPC solo tienen valor informativo.Las desagregaciones del INPC solo tienen valor informativo.
  ","Las desagregaciones del INPC solo tienen valor informativo.Las desagregaciones del INPC solo tienen valor informativo.
  ","Las desagregaciones del INPC solo tienen valor informativo.Las desagregaciones del INPC solo tienen valor informativo.
  ","Las desagregaciones del INPC solo tienen valor informativo.Las desagregaciones del INPC solo tienen valor informativo.
  ","Las desagregaciones del INPC solo tienen valor informativo.Las desagregaciones del INPC solo tienen valor informativo.
  ","Las desagregaciones del INPC solo tienen valor informativo.Las desagregaciones del INPC solo tienen valor informativo.
  ","Las desagregaciones del INPC solo tienen valor informativo.Las desagregaciones del INPC solo tienen valor informativo.
  ","Las desagregaciones del INPC solo tienen valor informativo.Las desagregaciones del INPC solo tienen valor informativo.
  ","Las desagregaciones del INPC solo tienen valor informativo.Las desagregaciones del INPC solo tienen valor informativo.
  ","Las desagregaciones del INPC solo tienen valor informativo.Las desagregaciones del INPC solo tienen valor informativo.
  ","Las desagregaciones del INPC solo tienen valor informativo.Las desagregaciones del INPC solo tienen valor informativo.
  ","Las desagregaciones del INPC solo tienen valor informativo.Las desagregaciones del INPC solo tienen valor informativo.
  ","Las desagregaciones del INPC solo tienen valor informativo.Las desagregaciones del INPC solo tienen valor informativo.
  ","Las desagregaciones del INPC solo tienen valor informativo.Las desagregaciones del INPC solo tienen valor informativo.
  ","Las desagregaciones del INPC solo tienen valor informativo.Las desagregaciones del INPC solo tienen valor informativo.
  ","Las desagregaciones del INPC solo tienen valor informativo.Las desagregaciones del INPC solo tienen valor informativo.
  ","Las desagregaciones del INPC solo tienen valor informativo.Las desagregaciones del INPC solo tienen valor informativo.
  ","Las desagregaciones del INPC solo tienen valor informativo.Las desagregaciones del INPC solo tienen valor informativo.
  ","Las desagregaciones del INPC solo tienen valor informativo.Las desagregaciones del INPC solo tienen valor informativo.
  ","Las desagregaciones del INPC solo tienen valor informativo.Las desagregaciones del INPC solo tienen valor informativo.
  ","Las desagregaciones del INPC solo tienen valor informativo.Las desagregaciones del INPC solo tienen valor informativo.
  ","Las desagregaciones del INPC solo tienen valor informativo.Las desagregaciones del INPC solo tienen valor informativo.
  ","Las desagregaciones del INPC solo tienen valor informativo.Las desagregaciones del INPC solo tienen valor informativo.
  ","Las desagregaciones del INPC solo tienen valor informativo.Las desagregaciones del INPC solo tienen valor informativo.
  ","Las desagregaciones del INPC solo tienen valor informativo.Las desagregaciones del INPC solo tienen valor informativo.
  ","Las desagregaciones del INPC solo tienen valor informativo.Las desagregaciones del INPC solo tienen valor informativo.
  ","Las desagregaciones del INPC solo tienen valor informativo.Las desagregaciones del INPC solo tienen valor informativo.
  ","Las desagregaciones del INPC solo tienen valor informativo.Las desagregaciones del INPC solo tienen valor informativo.
  ","Las desagregaciones del INPC solo tienen valor informativo.Las desagregaciones del INPC solo tienen valor informativo.
  ","Las desagregaciones del INPC solo tienen valor informativo.Las desagregaciones del INPC solo tienen valor informativo.
  ","Las desagregaciones del INPC solo tienen valor informativo.Las desagregaciones del INPC solo tienen valor informativo.
  ","Las desagregaciones del INPC solo tienen valor informativo.Las desagregaciones del INPC solo tienen valor informativo.
  ","Las desagregaciones del INPC solo tienen valor informativo.Las desagregaciones del INPC solo tienen valor informativo.
  ","Las desagregaciones del INPC solo tienen valor informativo.Las desagregaciones del INPC solo tienen valor informativo.
  ","Las desagregaciones del INPC solo tienen valor informativo.Las desagregaciones del INPC solo tienen valor informativo.
  ","Las desagregaciones del INPC solo tienen valor informativo.Las desagregaciones del INPC solo tienen valor informativo.
  ","Las desagregaciones del INPC solo tienen valor informativo.Las desagregaciones del INPC solo tienen valor informativo.
  ","Las desagregaciones del INPC solo tienen valor informativo.Las desagregaciones del INPC solo tienen valor informativo.
  ","Las desagregaciones del INPC solo tienen valor informativo.Las desagregaciones del INPC solo tienen valor informativo.
  ","Las desagregaciones del INPC solo tienen valor informativo.Las desagregaciones del INPC solo tienen valor informativo.
  ","Las desagregaciones del INPC solo tienen valor informativo.Las desagregaciones del INPC solo tienen valor informativo.
  ","Las desagregaciones del INPC solo tienen valor informativo.Las desagregaciones del INPC solo tienen valor informativo.
  ","Las desagregaciones del INPC solo tienen valor informativo.Las desagregaciones del INPC solo tienen valor informativo.
  ","Las desagregaciones del INPC solo tienen valor informativo.Las desagregaciones del INPC solo tienen valor informativo.
  ","Las desagregaciones del INPC solo tienen valor informativo.Las desagregaciones del INPC solo tienen valor informativo.
  ","Las desagregaciones del INPC solo tienen valor informativo.Las desagregaciones del INPC solo tienen valor informativo.
  ","Las desagregaciones del INPC solo tienen valor informativo.Las desagregaciones del INPC solo tienen valor informativo.
  ","Las desagregaciones del INPC solo tienen valor informativo.Las desagregaciones del INPC solo tienen valor informativo.
  ","Las desagregaciones del INPC solo tienen valor informativo.Las desagregaciones del INPC solo tienen valor informativo.
  ","Las desagregaciones del INPC solo tienen valor informativo.Las desagregaciones del INPC solo tienen valor informativo.
  "
Tipo de información,Índices,Índices,Índices,Índices,Índices,Índices,Índices,Índices,Índices,Índices,Índices,Índices,Índices,Índices,Índices,Índices,Índices,Índices,Índices,Índices,Índices,Índices,Índices,Índices,Índices,Índices,Índices,Índices,Índices,Índices,Índices,Índices,Índices,Índices,Índices,Índices,Índices,Índices,Índices,Índices,Índices,Índices,Índices,Índices,Índices,Índices,Índices,Índices,Índices,Índices,Índices,Índices,Índices,Índices,Índices,Índices
ene-04,55.77431735,54.21803755,56.70806045,56.63491832,N/E,54.00562917,N/E,60.7244828,57.70249307,61.67433568,58.08819963,56.1305919,N/E,56.63253773,53.14981013,53.3740676,59.44873932,58.60004806,53.01925741,N/E,56.12967457,56.92892091,61.39667779,60.8640737,54.60768205,N/E,50.9679696,59.4787887,55.22326685,57.40706555,54.81732195,62.63030616,59.32833176,60.10140868,57.53175965,55.9160401,N/E,52.97320063,51.76337173,N/E,54.11022264,55.46247277,59.38310312,53.87555177,55.95260655,49.6929899,53.91184906,56.32710675,53.57555088,55.32703488,55.88547613,49.89222801,N/E,53.27638304,55.1476871,N/E
feb-04,56.10794476,54.62277798,56.91180262,57.03322702,N/E,54.27617335,N/E,60.97340075,57.84835923,62.10205505,58.28324187,56.52039489,N/E,56.9845093,53.39561409,53.57362232,59.77888106,58.77551461,53.04604459,N/E,56.34797359,57.25987197,61.70888004,60.83352079,55.07619558,N/E,51.30086538,59.71198062,55.47417263,57.92279498,54.88767049,63.09503732,59.69874168,60.32967712,57.66130326,56.08091922,N/E,53.31262949,51.96152669,N/E,54.12465335,55.70215502,59.44817044,53.38878584,56.11213077,49.95593557,54.31175501,56.82040645,54.07650654,55.695439,56.34605933,50.1728429,N/E,53.69069589,55.53606527,N/E
mar-04,56.29807094,54.76628146,57.33357537,56.95601477,N/E,54.61585661,N/E,61.15390938,57.92021182,62.54842158,58.48956754,56.61070876,N/E,57.11363496,53.60004023,53.66354825,59.98349152,59.09860421,53.45430096,N/E,56.48316117,57.3516842,61.88657835,61.1867553,55.38698656,N/E,51.74281322,59.68338161,55.60875411,58.220004,55.07169822,63.69929901,59.86000485,60.48723801,57.80950543,56.14799738,N/E,53.46475308,52.23156603,N/E,54.46850257,55.86315896,59.38699604,53.60534701,56.50020409,50.27736561,54.55773489,57.12019309,54.51910804,55.79298826,56.54707876,50.28453952,N/E,54.03016201,55.70560341,N/E
abr-04,56.38303195,54.86885612,57.36003539,57.17913155,N/E,54.1694587,N/E,61.25681079,58.10065367,62.67487268,58.25906308,56.7591557,N/E,56.86787967,53.80545155,53.76964063,60.06035869,59.45426545,53.79459727,N/E,56.51945667,57.4258813,62.08669397,61.34648805,55.16203801,N/E,51.64858841,59.90447395,55.60823248,58.43480265,54.42377789,64.0000401,59.99650063,60.69379311,57.97370063,56.34308727,N/E,53.48506926,52.34128428,N/E,54.59589099,56.0444838,58.98491338,53.60584371,55.96078728,50.91086818,54.38670593,57.33855619,54.41723551,56.15464695,56.51702947,50.33672565,N/E,53.86453345,54.98670134,N/E
may-04,56.24160294,54.95273491,57.56906956,57.52099544,N/E,54.00713219,N/E,60.01854459,58.06013529,63.00236353,58.37404665,56.67662751,N/E,56.88245837,53.76998485,54.07074092,60.11234081,58.10569471,54.03617789,N/E,56.67884126,57.67996631,58.04556115,58.15558517,55.29183591,N/E,51.54862401,59.20874806,55.79915039,57.92173162,54.54357434,60.16600805,58.87371275,60.47443271,57.86388176,56.42808706,N/E,53.60250669,52.45289424,N/E,54.7133272,56.38941782,59.08223629,53.73498569,55.95567433,50.8416227,54.47171739,57.40887651,54.46471009,56.33833014,55.98339539,50.47039539,N/E,54.09390245,55.39721504,N/E
jun-04,56.33174451,55.02953959,57.60664279,57.51141047,N/E,53.91444576,N/E,60.24849189,58.17196601,63.10200932,58.53147744,56.75396525,N/E,56.95274855,53.76062558,54.1758229,60.09243276,58.33947499,54.14134235,N/E,56.72039697,57.97355193,58.01330208,58.20436262,55.43301052,N/E,51.86334445,59.20929804,55.81375613,57.93449194,54.69446687,60.29164111,58.81317026,60.606383,57.97476683,56.50899048,N/E,53.67980728,52.67895168,N/E,54.72178658,56.49258539,59.09335891,53.74342959,56.07889656,51.00537891,54.52956542,57.43108293,54.55619755,56.37724606,56.02950552,50.79312539,N/E,54.31795975,55.34992547,N/E
jul-04,56.47939018,55.14727307,57.66432564,57.67595243,N/E,54.16444863,N/E,60.19502914,58.51502162,62.98371636,59.153141,56.90656456,N/E,57.43436645,53.98574062,54.40973134,60.05648768,58.58796504,54.31248263,N/E,56.94185212,58.0963241,58.16694276,58.56188525,55.3275174,N/E,52.21011088,59.49748805,56.16585884,57.85261324,55.11247999,60.5951617,58.87426313,60.65593396,58.27383666,56.79471269,N/E,53.89188838,52.89507773,N/E,54.98104193,56.6973574,59.38866443,53.85816727,56.27165498,51.24493084,55.12565164,57.54370119,54.72433666,56.49503161,55.98339539,50.96982579,N/E,54.49421172,55.55870389,N/E
ago-04,56.82804118,55.44640707,57.92416306,58.01195884,N/E,54.38789808,N/E,60.4238267,58.94451643,63.26284113,59.37504856,57.32958644,N/E,57.778528,54.45370407,54.53199019,60.40487846,59.01034559,54.57638589,N/E,57.32584798,58.70751598,58.449073,59.14024645,55.74069876,N/E,52.91703611,59.83572633,56.39642091,58.0934642,55.52029766,61.01375328,59.17587478,61.00835815,58.6976522,57.3226331,N/E,54.38294531,53.23936606,N/E,55.45626045,56.97611828,59.46151758,54.78600275,56.74664855,51.42646629,55.48280035,57.85882083,55.22380874,56.72697054,56.31601003,51.46879843,N/E,54.7699374,55.88268775,N/E
sep-04,57.29791705,55.86479044,58.35969502,58.59930443,N/E,54.86886552,N/E,60.70321267,59.61550078,63.68240236,59.83552018,57.60052806,N/E,58.37469286,55.06156395,55.08670179,60.98221176,59.60714199,54.99109103,N/E,57.80820991,59.25411903,58.86461365,59.54279442,56.18439038,N/E,53.41877126,60.22951269,56.97439098,58.53848021,55.92454692,61.63858321,59.66792006,61.26390745,59.42640168,57.81522228,N/E,55.12027399,53.77660719,N/E,55.98820664,57.48101415,60.14833926,55.42624897,57.40570852,51.6608716,55.92898472,58.36480992,55.71883007,57.11405431,56.99419159,52.15728911,N/E,55.27551497,56.51606613,N/E
oct-04,57.69474717,56.15129209,59.06088559,59.18718252,N/E,55.97408861,N/E,61.39018023,59.87211718,64.00348325,60.44106454,58.08064492,N/E,58.99584979,55.25515304,55.51612334,61.36875962,60.05106185,55.31402528,N/E,58.30109227,59.58507009,59.46113318,60.34789036,56.6461813,N/E,53.78945262,60.62329904,57.27485196,58.99040806,57.2856384,62.07941073,59.88202029,61.54117008,59.74572936,58.26121518,N/E,55.49290247,54.12609768,N/E,56.38281218,57.85304269,61.35514335,55.66913523,58.22071364,52.22372507,56.70716649,58.70848066,56.22918174,57.38490917,57.43146067,52.50428109,N/E,56.03170835,57.82558474,N/E
nov-04,58.1868994,56.37210553,59.38105186,59.347997,N/E,55.89342636,N/E,63.32461188,60.23678259,64.58504173,60.55712274,58.38636258,N/E,59.12028944,55.49504588,55.72830811,61.5822181,61.9911755,55.63001472,N/E,58.44943039,59.87385158,63.75159039,64.26831092,56.98955104,N/E,54.03481977,61.61601464,57.43812329,60.00325813,57.55479806,66.32925488,61.03838173,61.97543686,60.01547862,58.45425688,N/E,55.79665413,54.37438253,N/E,56.46641083,58.19849776,61.43800685,55.98453969,58.536183,52.48901012,57.08091506,58.80735209,56.74101699,57.70713306,58.29978175,52.66312834,N/E,56.32674932,58.06605723,N/E
dic-04,58.30708815,56.50196607,59.72026934,59.50188899,N/E,56.17048365,N/E,63.19814087,60.2848644,64.54891285,60.71724006,58.53169525,N/E,59.02136252,55.81621658,55.94453449,62.01245307,62.03005132,55.88201258,N/E,58.7739858,59.84662819,63.83415176,64.00995124,56.89802025,N/E,54.09747688,61.68421227,57.55653412,59.87140153,57.62514661,66.37261496,61.18203254,62.07453877,60.25963902,58.41994974,N/E,55.89476642,54.63070708,N/E,56.62067025,58.47882178,61.53088072,56.37842274,58.68139093,52.47216662,57.11763599,58.86551176,56.70046579,57.78392716,58.48577654,52.83479324,N/E,56.62227317,58.39004108,N/E
ene-05,58.30916037,56.56209605,59.47789554,59.4688741,N/E,56.45355303,N/E,63.06994525,60.45125987,64.17305591,60.57001809,58.49484303,N/E,58.90577422,55.70636832,56.1405528,61.8935578,62.05947087,55.81157223,N/E,59.01490375,59.6517941,63.67668372,63.87916335,56.90319148,N/E,54.10752115,61.59731528,57.39900076,59.95593862,57.74698214,66.23308444,61.30586943,62.26439129,60.2111268,58.29705847,N/E,55.68318083,54.87473562,N/E,56.52562654,58.44651678,61.26004496,56.59895751,58.60418531,52.37297715,57.06381217,58.77880098,56.59710969,57.67911359,58.44795587,52.90620584,N/E,56.6565578,58.63453822,N/E
feb-05,58.50343099,56.80261595,59.5488084,59.59720618,N/E,56.7491476,N/E,63.20676389,60.57227476,64.41954813,60.59795802,58.59605686,N/E,59.15517419,55.97581674,56.34718034,62.08710824,62.12619018,55.88548499,N/E,59.16692403,59.96246106,63.83797911,64.32244853,57.13537976,N/E,54.20796384,61.70016172,57.46837804,60.14734336,57.87085675,66.3970745,61.52602392,62.35792568,60.47234644,58.48958813,N/E,56.32091068,54.92391967,N/E,56.60822997,58.51581622,61.1905286,55.8906634,58.83426831,52.48199199,57.20667165,58.76981267,56.66634344,57.90378822,58.56659879,53.28753079,N/E,56.75941169,58.83627351,N/E
mar-05,58.76712098,56.98856411,59.88537988,59.91084766,N/E,56.96758697,N/E,63.33093543,60.83861557,64.92243889,60.74249346,58.81665109,N/E,59.71124762,56.20339475,56.65787946,62.17945944,62.39989698,56.38352799,N/E,59.47622481,60.32277069,64.18080014,64.67943515,57.61578711,N/E,54.56525284,61.88385535,57.83508649,60.47698485,58.10280305,66.7350608,61.67793052,62.59955617,60.85031527,58.66009976,N/E,56.7366491,55.26537045,N/E,56.90878703,58.69609895,61.29452508,56.29001015,59.28165192,52.83289815,57.56432339,59.03787586,57.03624949,58.21304013,58.76450968,53.44363141,N/E,57.08728864,59.09888154,N/E
abr-05,58.97641519,57.16945934,60.21824695,60.36560119,N/E,56.43451473,N/E,64.13230177,61.2059822,65.49642196,60.78171683,59.1929589,N/E,59.71957831,56.4570802,56.83166889,62.21208652,62.69724448,56.83494147,N/E,59.52724892,60.83467725,64.51377943,65.17256981,57.37429063,N/E,54.88284306,62.41073709,58.02861257,61.30108858,57.24077845,67.12252206,62.06650318,62.94028856,61.12219693,59.10967699,N/E,57.08202416,55.33961945,N/E,56.96053857,59.0337383,60.46533388,56.7032645,58.80154539,53.21795916,57.73032208,59.16899946,57.39873764,58.41695959,59.12976407,53.85013389,N/E,56.27508094,58.270811,N/E
may-05,58.82825146,57.33721692,60.58445365,60.46145087,N/E,56.57279287,N/E,62.04897924,60.95098654,64.6718676,61.0707877,59.27496805,N/E,59.69927225,56.59057293,57.2777621,62.45098305,60.55277009,57.08793145,N/E,59.62929713,61.01830171,60.65143844,62.11459889,57.60854739,N/E,55.33292198,61.47521951,58.14963157,60.39563784,57.47425407,63.16952772,60.95912612,61.98267464,61.54228076,59.08305055,N/E,57.27032046,55.48669866,N/E,57.33324923,59.34428313,61.098767,57.00972836,59.10423236,53.59834143,57.92952052,59.44340734,57.75726958,58.66861593,58.55209223,54.32576009,N/E,56.59330025,58.5600823,N/E
jun-05,58.77178347,57.32458457,60.53682561,60.12544447,N/E,56.37289078,N/E,61.8035105,61.1136003,64.54833012,61.36630624,59.35334388,N/E,59.56754325,56.62308407,57.18935178,62.14517337,60.70354524,56.94853893,N/E,59.6671707,60.85335997,60.57871883,62.18964112,57.53511591,N/E,54.97276319,61.5131682,58.04008851,60.26643964,57.52574105,62.99831098,60.76869249,61.88579974,61.56733652,58.98729777,N/E,57.16626198,55.64465512,N/E,57.44322127,59.20464216,60.86074296,57.03953035,59.21825127,53.74525414,57.75748551,59.3334327,57.3186243,58.53733953,58.49458409,54.13990423,N/E,56.61116688,58.65113988,N/E
jul-05,59.00179988,57.53276567,60.7575022,60.56475554,N/E,56.45205,N/E,62.24041037,61.36481425,64.55823643,61.56672154,59.79297521,N/E,59.67219752,56.87233618,57.40002095,62.22148754,60.88846807,57.12563191,N/E,59.91545295,61.11918841,60.72743864,62.55574,57.79109184,N/E,55.31187684,61.6660629,58.21744394,60.63064032,58.00084864,63.16452464,61.08626533,62.31060173,62.00341339,59.35136316,N/E,57.43334542,55.78416756,N/E,57.84529097,59.48757143,61.21054931,57.12843964,59.48617014,54.09007792,57.89129051,59.19173461,57.4679714,58.84192153,58.56970734,54.75652454,N/E,56.81252872,58.80105787,N/E
ago-05,59.07225536,57.64847797,60.73686338,60.65155276,N/E,56.46407419,N/E,62.27892654,61.68193809,64.64855864,61.56510962,59.76079441,N/E,59.65449481,56.90041399,57.39395852,62.29724871,60.85694713,57.0656088,N/E,59.89072993,61.06687679,60.73017246,62.34133363,57.84642402,N/E,55.46732387,62.02025063,58.35254706,60.77844731,58.00390727,63.25013301,61.03452903,62.2410077,61.98102313,59.47988695,N/E,57.41699337,55.89057535,N/E,57.89704252,59.5594761,61.40853192,58.07812992,59.67279302,54.12797578,58.00447144,59.20495271,57.43384905,58.89277168,58.4645348,54.74553799,N/E,57.05155537,58.9062017,N/E
sep-05,59.30900649,57.85817495,60.86016708,61.00033912,N/E,56.9565648,N/E,62.60947578,61.72137598,64.84377116,61.74779381,59.75871823,N/E,59.96116826,57.14769572,57.57027396,62.76564076,61.16480161,57.24716631,N/E,59.97278932,61.17150003,61.00027388,62.6800957,58.00259519,N/E,55.55580909,62.04884963,58.75472659,61.12457087,58.23687311,63.58756341,61.0956219,62.40636313,62.16121137,59.77277781,N/E,57.72916882,56.39187429,N/E,58.17819275,60.04248794,61.81561975,58.24005409,59.81544448,54.28424599,58.26252396,59.55972667,57.67962887,59.27518553,58.71632718,54.69426741,N/E,57.33549005,59.02543179,N/E
oct-05,59.45457994,57.8869767,61.20996857,60.97424671,N/E,57.89244728,N/E,62.86184294,62.07199501,64.78549876,62.52742546,59.75508491,N/E,60.30741248,57.18956613,57.65918948,62.86186297,61.45374353,57.41483418,N/E,59.99751234,61.24943367,61.25233209,62.89289403,58.39716012,N/E,55.39797058,62.24519283,58.75576986,61.3032153,59.28445475,63.71931135,61.20624953,62.62461002,62.11909637,59.86289807,N/E,57.74452983,56.42261432,N/E,58.45685492,60.19098673,63.09305246,58.89619471,60.59261372,54.20423939,58.50900687,59.74055035,57.83095407,59.31254483,58.63032402,54.64208128,N/E,58.40362527,59.91739356,N/E
nov-05,59.88249335,57.9789402,61.09777808,61.10737127,N/E,57.8939503,N/E,65.03944387,62.29889793,66.01271537,62.74342265,60.25855881,N/E,60.11372398,57.30532551,57.90673838,62.91605709,63.73165656,57.35580318,N/E,60.13006982,61.23502128,65.65706298,66.15562304,58.4954135,N/E,55.32335601,63.58274648,58.89974074,62.1778286,59.38844826,68.16149638,62.53433147,63.719185,62.26943094,59.83524754,N/E,57.86048071,56.76075464,N/E,58.51656824,60.32229092,63.18425793,58.53410046,60.75213794,54.28611749,58.5095099,59.74848122,57.63611051,59.3130637,59.58102162,55.00646863,N/E,58.45481077,59.96166464,N/E
dic-05,60.25031239,58.35437358,61.54018964,61.47852257,N/E,58.33483712,N/E,65.47174479,62.74027814,66.13916646,63.17595434,60.35717741,N/E,60.54119241,57.65358883,58.24017158,63.34905707,64.07313337,57.73677632,N/E,60.36783164,61.59052678,66.1261865,66.25639404,58.8780846,N/E,55.66820925,63.93748418,59.37494899,62.49896322,59.79881479,68.47613494,62.86016011,64.10668459,62.73056357,60.09178306,N/E,58.48582265,57.17834612,N/E,58.91415945,60.62918841,63.48568089,58.65082494,61.06351693,54.63608789,58.95468822,59.85211116,58.08662443,59.66745809,60.07631694,55.36261607,N/E,58.83918493,60.40588475,N/E
ene-06,60.60362589,58.63683288,61.99636042,62.09142807,N/E,58.60337727,N/E,65.56544831,63.08117276,66.16713721,63.62729175,60.55130033,N/E,61.03790968,58.09544484,58.64534344,63.47901236,64.22968736,57.95057765,N/E,60.66819005,61.86863243,66.39683469,66.45793603,59.05907768,N/E,55.93796962,64.08212917,59.83659476,62.99236209,60.41869765,69.20825329,63.1320509,64.94069951,62.89475877,60.38569802,N/E,58.85646905,57.34245058,N/E,59.38639231,61.04290081,64.07629192,59.07003968,61.52521682,54.94207806,59.31535811,60.53469414,58.61082285,59.93001089,60.54259914,55.79338052,N/E,59.05551612,60.74948874,N/E
feb-06,60.69635773,58.71970108,62.12389773,62.29377742,N/E,58.80778843,N/E,65.73560932,63.16761197,66.24347405,63.62890367,60.77033743,N/E,61.11444788,58.40430072,58.86510624,63.66758578,64.34473878,58.04631699,N/E,60.90069165,61.97645842,66.3875397,66.83582726,59.0280503,N/E,56.12067966,64.03098094,59.80894818,63.00618577,60.68021073,69.52289185,63.32688762,64.60275087,63.0712153,60.52241456,N/E,59.02791779,57.52121568,N/E,59.94222382,61.26590952,64.13691019,58.57880345,62.04162533,54.96126093,59.50701115,60.79112539,58.86204247,59.75670529,60.75190804,55.99022294,N/E,59.3177211,61.22037212,N/E
mar-06,60.77251181,58.83642398,61.9720172,62.25810003,N/E,58.9029799,N/E,65.52808188,63.16166928,66.42120485,63.64932132,61.09006931,N/E,61.27116895,58.47868227,58.92674086,63.46186932,64.30428691,58.09294651,N/E,60.81758022,61.98019497,66.4362017,66.77686551,59.57516653,N/E,56.24982026,64.18552559,59.66810709,63.30286311,60.63382147,69.60238533,63.27074823,64.6584261,63.12132682,60.65093834,N/E,59.01206126,57.51554059,N/E,60.02582248,61.29039879,64.08074097,58.66026224,61.88158982,55.02676341,59.40741193,61.29076978,58.71269537,59.77590381,60.59389018,55.9705387,N/E,59.65090976,61.17509487,N/E
abr-06,60.86161727,58.95718922,61.86670631,62.65640874,N/E,58.1138927,N/E,66.13686735,63.15410584,67.00742512,63.36239968,61.1393786,N/E,60.99729758,58.57128978,59.06112455,63.37062411,64.60321046,58.36329854,N/E,60.95697598,62.03731072,66.49634574,66.82832304,59.01098523,N/E,56.52627681,64.25977301,59.95135416,63.71438329,59.80697114,70.30559696,63.32138376,64.68347995,63.09040695,60.79738377,N/E,58.97489752,57.75956913,N/E,59.88798422,61.54206515,62.87504914,58.75066163,61.26803515,55.21859211,59.31787324,62.35244803,58.85413004,59.87397195,60.7482814,56.00120949,N/E,58.85560292,60.2056587,N/E
may-06,60.59067451,59.02338273,62.12125172,62.82840568,N/E,58.25217084,N/E,63.73564268,63.01148115,65.97600376,63.67618664,61.03764573,N/E,61.06654642,58.85945674,59.33696474,63.50776842,62.57378748,58.51310829,N/E,61.29468192,62.1990497,62.17198916,63.58757068,59.20438927,N/E,56.48801293,63.17301068,60.05776742,62.76001801,59.90127898,65.34197912,62.13530146,63.75760091,63.16610733,61.00988326,N/E,59.12008388,57.84043906,N/E,60.16614878,61.65096426,63.1458849,59.09040438,61.53390884,55.37579806,59.62371326,62.12139554,58.99309207,59.82208405,59.94834838,56.52078192,N/E,58.88988755,60.33444731,N/E
jun-06,60.64299806,59.09867152,62.0953209,62.81456072,N/E,58.31479681,N/E,63.96271564,63.02660801,66.16072725,63.75409608,61.17778795,N/E,61.03218233,58.90428271,59.25411164,63.34131505,62.54752003,58.54733635,N/E,61.17474897,62.23000964,62.17964386,63.56666606,59.23076255,N/E,56.4631414,63.11251277,60.08541401,62.99183041,59.66321542,65.30139853,62.23602214,63.67965559,63.18903069,61.0201242,N/E,59.26824333,57.95346778,N/E,60.02980336,61.6243908,63.20038573,59.09388128,61.61571613,55.40433843,59.58850142,62.19594566,58.7942923,60.05713626,60.25972127,56.57159473,N/E,59.0236459,60.26703452,N/E
jul-06,60.80929371,59.33767555,62.27207385,62.82521069,N/E,58.57532084,N/E,63.8891325,63.14168021,66.10944754,63.88036309,61.39267269,N/E,61.21754014,59.12989035,59.25057523,63.57578757,62.73979775,58.6971461,N/E,61.13477132,62.32769358,62.41201856,63.95742168,59.30781389,N/E,56.47749036,63.15871117,60.30137033,63.09391294,59.47307043,65.39034229,62.44847122,63.72753629,63.37188443,61.14864799,N/E,59.28459538,58.31809182,N/E,60.42241846,61.64158539,63.22930454,59.17335327,61.82125694,55.54095789,59.60308918,62.38417148,58.94413392,60.29841501,60.17216384,56.65811383,N/E,59.15981865,60.48838995,N/E
ago-06,61.11960865,59.57465839,62.79651148,63.30232914,N/E,58.62091254,N/E,63.96846432,63.50094317,66.56572038,63.98567515,61.56759094,N/E,61.47266746,59.59933157,59.43851031,63.95459342,63.08390131,59.03793847,N/E,61.61082098,62.58765031,63.00799134,64.29886383,59.58137201,N/E,56.94574462,63.54974762,60.59035537,63.52935872,59.76771869,65.65772947,63.2437793,63.90347001,63.67575218,61.41337627,N/E,59.7151993,58.7096725,N/E,60.70655436,61.9594249,63.46454791,60.39871201,62.25994853,55.8609843,60.07040066,62.65540701,59.36497623,60.46912622,60.59233591,56.954293,N/E,59.53163788,60.7223224,N/E
sep-06,61.73661213,60.21941344,63.56014771,63.8374899,N/E,59.20258254,N/E,64.35707526,64.23081423,67.06511479,64.60196564,61.95064634,N/E,61.9813601,60.00867644,59.97806586,64.80953334,63.78997029,59.36880967,N/E,62.10212528,63.23727522,63.63841024,65.29156535,60.10004648,N/E,57.75693893,64.07717934,61.19232059,63.91057315,60.39575791,66.1736033,63.73197187,64.31212618,64.18166532,62.39036187,N/E,60.63586911,59.26535764,N/E,61.33951558,62.67638746,64.4177563,61.06975362,63.07495365,56.60630897,60.79777676,62.99854904,60.50288242,61.1182439,61.15601928,57.62264167,N/E,60.2380944,61.19370885,N/E
oct-06,62.00651878,60.44730099,64.08299774,63.97966693,N/E,60.51822888,N/E,63.75173899,64.58035277,66.73354487,65.56750532,62.24131168,N/E,62.64885648,60.19192107,60.30846785,65.31608248,63.94389753,59.63370506,N/E,62.13316056,63.35417567,63.74229541,65.81203682,60.76351541,N/E,57.88703613,64.50231461,61.52460122,63.65058171,61.90774192,66.14191708,63.92185512,64.61499942,64.39224033,62.80972833,N/E,60.9074122,59.32778355,N/E,61.41117156,62.97755342,66.06557221,61.2078362,64.02749727,56.70783782,61.22786429,62.81455301,60.74668414,61.41867487,61.59225218,57.82131518,N/E,61.35306919,62.60887436,N/E
nov-06,62.3318573,60.48166098,63.9110076,63.90671467,N/E,60.36692454,N/E,65.88679967,64.96392675,67.56043014,65.69645887,62.74530462,N/E,62.77485813,60.19635441,60.23521359,65.0152498,66.23494428,59.79591627,N/E,62.22942254,63.07286727,68.02455116,69.09835054,60.86280305,N/E,58.08218193,65.61877592,61.39575771,64.55337405,61.86186243,70.69139052,65.22296813,65.63162909,64.23657475,62.54039163,N/E,60.95399076,59.3670362,N/E,61.39723846,62.82801253,65.81086425,61.38267458,63.85416807,56.61051984,60.97886625,62.57028241,60.64184446,61.39843859,62.11500634,58.06210381,N/E,61.38155923,62.74369994,N/E
dic-06,62.69242357,60.83385084,64.2729807,64.25656603,N/E,60.60289919,N/E,66.53525105,65.42421554,68.13033414,65.75448796,63.00482725,N/E,63.04977084,60.68746973,60.51762141,65.49193687,66.5743197,59.94820632,N/E,62.83066537,63.38300044,68.23177472,69.39530337,61.13998103,N/E,58.85702554,65.90696593,61.75516328,64.97286944,62.3665368,71.01214397,65.5438433,65.93784284,64.60228224,62.9991857,N/E,61.38459467,59.6162669,N/E,61.87295459,63.10260502,66.12674661,61.77357743,64.32353739,57.08400921,61.32997864,62.98215859,60.98652964,61.7523141,62.54916688,58.62150249,N/E,61.77752256,63.15874138,N/E
ene-07,63.01620793,61.03798958,64.45290885,64.95680126,N/E,61.78427546,N/E,66.9888221,65.44852656,68.25270617,66.02905156,63.44653476,N/E,63.3366589,60.82785876,61.17640459,65.76622549,66.70723298,60.44575326,N/E,63.15522078,63.88690013,68.49422144,69.80106743,61.30028919,N/E,59.42046121,66.13410806,62.13178277,65.30410596,62.65404826,71.27286037,65.88563314,66.75348493,65.13165184,63.20810086,N/E,61.58924302,59.74206456,N/E,62.45814516,63.48765977,66.35754094,62.21663377,64.40432209,57.57340632,61.8370292,63.22219938,61.11263398,61.98269639,63.30609832,59.24636271,N/E,62.04021043,63.34488117,N/E
feb-07,63.19234663,61.23404363,64.53123051,65.20388045,N/E,61.89399616,N/E,66.86695003,65.74187962,68.62448404,65.96242556,63.57681512,N/E,63.49598331,60.96332186,61.27087733,65.99019099,66.87219255,60.58117731,N/E,63.29724665,64.01714539,68.61779011,70.08408385,61.34579602,N/E,59.4582468,66.60764165,62.22411193,65.60822682,62.93187404,71.56415119,66.06450866,67.0023532,65.25746375,63.33508851,N/E,61.57784614,60.13175355,N/E,62.60494041,63.79872565,66.62615217,61.70850974,64.31177759,57.94677047,61.9647979,63.22537173,61.15565781,61.98217752,63.60192847,59.43588076,N/E,62.33187122,63.63063091,N/E
mar-07,63.32911314,61.37653651,64.66088462,65.0973808,N/E,61.8769619,N/E,67.72407859,65.89044701,69.27713484,66.23860107,63.61626256,N/E,63.86097158,61.1032183,61.16326934,66.02226506,67.21104262,60.69576688,N/E,63.34038043,64.15166098,68.72932997,70.35745197,61.49576172,N/E,59.47307405,66.73523722,62.41346494,66.24252085,63.11437245,71.83876506,66.21146178,66.62376165,65.41739414,63.33355237,N/E,61.80132412,60.2674826,N/E,62.82239643,63.83363589,66.55774807,61.79493552,64.85886384,58.26071451,62.15443883,63.47810191,61.21747366,62.02316896,63.72316185,59.59747465,N/E,62.46273228,63.87814653,N/E
abr-07,63.29129513,61.47810059,64.70427906,65.32688755,N/E,61.21913872,N/E,65.62580948,66.13949998,69.32025642,65.05598959,63.86955664,N/E,63.69279582,61.3603519,61.46436963,65.82152561,67.43589197,60.84607269,N/E,63.34564064,64.36571159,68.97428025,70.4089095,61.07172078,N/E,59.4568119,66.91013116,62.66958705,66.60406313,62.03722403,72.02165567,64.80192268,65.81925461,65.83321316,63.55731689,N/E,61.92223017,60.40557627,N/E,62.7671616,63.96598217,65.24583524,62.12822118,64.44215796,58.25603576,62.12878449,63.5040094,61.47512213,62.29350494,62.97348368,59.36629926,N/E,61.67853173,63.08428546,N/E
may-07,62.98253436,61.4518253,64.8736232,65.30186013,N/E,60.92855423,N/E,65.67007434,65.85857255,68.19210288,64.95927443,63.68373844,N/E,63.6589524,61.30124073,61.63714865,65.74134043,64.99407007,60.99141791,N/E,63.49818695,64.40040807,64.29124648,66.85083571,61.38509738,N/E,59.04164878,65.34653535,62.43067885,65.45297632,61.94189665,67.3304281,64.44857473,65.90555121,65.81508771,63.31870301,N/E,61.81618962,60.48928373,N/E,62.49148509,63.93055088,65.36707178,61.91016991,64.50146825,58.13438829,62.09709383,63.31684102,61.35247948,62.33449639,62.92063837,59.46380492,N/E,61.56698596,62.85940846,N/E
jun-07,63.05817039,61.55844232,64.94189005,65.42912722,N/E,60.978655,N/E,65.58211949,66.02874974,68.28067692,65.03825848,63.79429508,N/E,63.58866222,61.29335924,61.71697054,65.76622549,65.20683639,61.09162178,N/E,63.75278146,64.29792,64.28031119,67.11401954,61.57229594,N/E,59.13348209,65.32563607,62.41607311,65.72466471,61.89448785,67.26927927,64.44252048,65.97514524,65.68287859,63.59879269,N/E,61.93957325,60.53563024,N/E,62.62584007,64.06498136,65.39599059,62.09444558,64.29541614,58.14702091,62.19115975,63.2639686,61.23774926,62.55968989,63.1460081,59.65561183,N/E,61.75675863,62.90267339,N/E
jul-07,63.32600481,61.85656573,65.27951993,65.65384149,N/E,61.32234632,N/E,65.72813603,66.14004022,68.47064492,65.28488213,63.94274202,N/E,63.95885716,61.49335204,61.96199343,65.9487159,65.59139182,61.4631698,N/E,64.11731452,64.54079538,64.54111763,67.35522671,61.85412803,N/E,59.48168342,65.75242128,62.83807472,65.98518782,62.35990976,67.37767948,64.80577538,66.15441948,65.91211215,63.91984614,N/E,62.20913427,60.62264817,N/E,62.91395685,64.21712749,65.66682634,62.21564037,64.50402472,58.43757121,62.52265412,63.36495493,61.56018074,62.72988222,63.76823579,59.83231223,N/E,62.12133462,63.09937787,N/E
ago-07,63.58399619,62.04908272,65.53141934,65.95576801,N/E,61.47715771,N/E,65.63788171,66.44635917,68.39255991,65.46917824,64.2349645,N/E,64.21814983,61.64014478,62.25147407,66.27830463,65.79154977,61.73997059,N/E,64.45344241,64.77352871,64.90690275,67.84032113,62.0661485,N/E,60.14843157,66.0923095,63.07750456,66.18456775,62.61734467,67.65562874,64.99841056,66.39549322,66.49692428,64.07909274,N/E,62.71951636,60.90214597,N/E,63.3314525,64.60322433,65.76971056,63.10721675,64.84914922,58.85772284,62.82446993,63.78211834,62.06756524,63.12007926,64.03608901,60.35600461,N/E,62.36325856,63.17433687,N/E
sep-07,64.07770259,62.52658547,66.05321097,66.63896328,N/E,62.14500104,N/E,65.99832411,66.80616237,68.86806264,65.80553208,64.38808285,N/E,64.7539172,62.3879011,62.74808746,66.85619093,66.34736895,62.27323377,N/E,64.90424303,65.2833001,65.26612671,68.2932546,62.36504565,N/E,60.64777524,66.51304492,63.55845078,66.57747914,63.00477145,68.0803352,65.48660313,66.82419247,66.90954469,64.71556711,N/E,63.48756706,61.54957828,N/E,63.78179048,64.90334819,66.26133029,63.72014447,65.62989754,59.28395685,63.36622931,64.09247946,63.10458796,63.65556244,64.35678755,60.84490624,N/E,62.9721729,63.72470697,N/E
oct-07,64.32740509,62.58924192,66.10454341,66.64375577,N/E,63.06635429,N/E,68.5530386,66.96931637,68.91992507,67.22939415,64.3886019,N/E,65.31415597,62.30071212,63.06484901,66.96955619,66.50917643,62.55896362,N/E,65.09834504,65.43222808,65.63956653,68.24876528,63.17072344,N/E,60.80465716,66.89308175,63.86047665,66.76782052,64.19610882,68.31103308,67.18564538,67.70831509,66.72775714,64.71710326,N/E,63.27102632,61.59261432,N/E,64.02114138,65.01381045,67.98978518,63.83339205,66.22964722,59.40279706,63.66452393,64.23047648,62.62736959,63.61872203,65.3282088,61.01107786,N/E,63.91910472,64.89638151,N/E
nov-07,64.78122126,62.76306303,66.33792081,66.68156315,N/E,62.82637158,N/E,69.05317398,67.55116029,70.38955483,67.35190002,64.94968982,N/E,65.51409248,62.4524308,63.08404668,67.16144762,69.31296375,62.84568559,N/E,65.38818302,65.68311034,70.4959245,72.08663939,63.59838424,N/E,61.24947479,68.34118157,63.84065457,68.10127351,64.16195409,73.24963549,67.24618786,67.79238469,67.00603602,64.8604764,N/E,63.56189455,61.81961761,N/E,64.17241513,65.32643947,67.85408924,63.90938714,66.40706678,59.5361414,63.76613526,64.31665853,63.03288158,63.68410078,65.66445008,61.27979065,N/E,64.13060708,64.95373269,N/E
dic-07,65.04905568,63.06522879,66.60781303,67.03886948,N/E,63.14851956,N/E,69.36187823,67.60518479,70.74035464,67.60228482,65.27772642,N/E,65.74058306,62.73320886,63.27299216,67.51813342,69.77999896,62.97168452,N/E,65.34978343,65.82296385,70.57520528,72.47793102,63.89624714,N/E,61.36713623,68.81251523,64.26161292,68.37721534,64.32966911,73.39305731,67.37993171,67.98780474,67.16330091,65.44113766,N/E,63.74969534,62.20883368,N/E,64.54661862,65.62343704,68.16774707,64.18952591,66.80485472,59.77007884,64.0342483,64.4271619,63.12980883,64.04731612,66.23279627,61.54941898,N/E,64.34355809,65.22086845,N/E
ene-08,65.35056368,63.35324632,66.88405566,67.23056886,N/E,63.60543863,N/E,69.67805576,68.15191278,70.97519239,68.03051806,65.70386257,N/E,65.92177553,63.08492034,63.5609572,67.67463277,70.27225092,63.37101183,N/E,65.82951525,66.09733296,70.75399711,73.09702943,63.7923054,N/E,61.52832283,69.09850532,64.66587899,68.69834996,64.667648,73.71492255,67.56706303,68.55346506,67.36961111,65.86255231,N/E,63.81857214,62.57676818,N/E,64.85812312,65.92981348,68.51421663,64.36088738,67.01244072,60.03115301,64.59814084,64.64711117,63.77170463,63.98193736,66.59908685,61.92387734,N/E,64.55216316,65.59264495,N/E
feb-08,65.5448343,63.66854973,66.79991279,67.04898695,N/E,63.7527349,N/E,69.81257493,67.90069883,70.97402694,68.29970859,65.81753348,N/E,65.87283273,63.31545391,63.60339415,67.47444632,70.25438906,63.33380742,N/E,66.13355581,66.19821966,70.99512004,72.99143429,64.05862379,N/E,61.65985493,69.10730502,64.64031894,68.76853169,64.92355359,73.89558956,67.80538026,68.77950648,67.22034275,65.97929901,N/E,64.12381036,62.85153675,N/E,65.04273681,66.07310179,68.49308366,63.59596949,67.00579388,60.23982521,64.72741861,64.96011592,63.97693325,64.1640639,66.55867572,62.14818614,N/E,64.84575548,65.88141318,N/E
mar-08,66.01989072,64.11775602,67.28254359,67.43717819,N/E,64.24021544,N/E,70.31730925,68.26914596,71.0655146,68.76018021,66.04747053,N/E,66.17638218,63.66470241,63.9211661,68.15408484,70.82018987,63.79117361,N/E,66.43391421,66.77097851,71.35762458,73.40631063,64.41130175,N/E,61.96835748,69.57313887,65.03415234,69.19600227,65.3507426,74.02622571,68.20055756,69.34182628,67.81048589,66.54971933,N/E,65.19313515,63.50937338,N/E,65.89215883,66.43418831,69.14542522,64.01766773,67.64082296,60.7928533,65.12330035,65.35560164,64.82850842,64.58279929,67.02184938,62.73779784,N/E,65.26344851,66.26928826,N/E
abr-08,66.17012666,64.46085059,67.7762876,67.8019395,N/E,63.90904932,N/E,68.43116653,68.32425095,71.34056029,67.95099671,66.40197844,N/E,66.53512243,64.16665478,64.4743621,68.37639134,70.98935223,64.11906845,N/E,66.5038751,67.07844273,71.62553895,73.82708314,63.99139779,N/E,62.61549539,69.8926778,65.29183936,69.46769066,64.70944932,74.32363142,66.96053742,68.48442777,68.14580661,66.84363428,N/E,65.65049696,63.76948132,N/E,66.10613157,66.69679668,68.2923204,64.09068262,67.35142967,61.10773309,65.43014642,65.59405626,65.44468882,64.85624855,66.90165219,63.34617824,N/E,64.66805487,65.37531417,N/E
may-08,66.09863507,64.61900759,67.99855178,67.99310638,N/E,64.12398164,N/E,68.93475112,68.52468187,70.62264441,68.27875364,66.42948784,N/E,66.39506274,64.31147715,64.87650275,68.54726872,68.9872474,64.35965696,N/E,66.52596802,67.18893768,67.05677885,70.45715094,64.35493533,N/E,62.87377659,69.12545439,65.56882682,68.52502233,65.36807485,69.77526977,67.2445367,68.87749488,68.07650344,66.95526052,N/E,65.89875077,63.87021403,N/E,66.75650917,67.16782441,68.62043764,64.29730979,67.58406915,61.30096541,65.67612631,65.6886979,65.56683694,65.05861138,67.20162707,63.32557845,N/E,64.87327976,65.69577646,N/E
jun-08,66.3721681,64.85043221,68.03083301,68.39780506,N/E,64.34192001,N/E,69.20378946,69.01036216,70.93731533,68.79026937,67.01445184,N/E,66.78348107,64.7863369,65.27308619,68.78118825,69.3113877,64.77882662,N/E,66.99938757,67.52362529,67.25744125,70.81842568,64.7236441,N/E,62.98952484,69.38559537,65.97361453,68.7419477,65.57555209,69.95927218,67.43992381,69.18092488,68.38197049,67.33059094,N/E,66.10092154,64.27692826,N/E,67.18893315,67.39916989,69.06200559,64.68821264,67.83716045,61.71737404,65.94021514,65.92715253,65.58562896,65.40366594,67.33374036,63.52104755,N/E,65.0881623,65.94580748,N/E
jul-08,66.74205936,65.22738147,68.32136405,68.6640542,N/E,64.58941784,N/E,69.81717388,69.34855556,71.12903151,69.19915958,67.25632693,N/E,66.9277061,64.96908894,65.6358211,68.90837853,69.82833106,65.20791746,N/E,67.23557133,67.86525219,67.73750005,71.56938401,64.74536327,N/E,63.90307503,69.62978691,66.48377222,69.12316214,65.89925737,70.22721527,67.82794609,69.61686191,68.92360142,67.5558916,N/E,66.46463071,64.64770031,N/E,67.4302745,67.70346214,69.6270346,65.11885148,68.36481747,62.13050755,66.35722398,66.28351266,65.94069921,65.72744647,67.68759674,63.85567965,N/E,65.43487165,66.29997617,N/E
ago-08,67.12749227,65.62050014,68.97386818,69.12200271,N/E,64.73220505,N/E,70.18451469,69.819109,71.49789576,69.3764707,67.73592474,N/E,67.19689146,65.28484111,66.09302875,69.50949088,70.09730972,65.63006347,N/E,67.45544841,68.26506243,68.06829228,72.04375811,64.99513373,N/E,64.68509313,69.9619754,66.74406741,69.62294117,66.08481441,70.35006884,68.21211567,69.98431842,69.27598138,67.92507746,N/E,66.77829271,65.06387301,N/E,67.9945654,68.13124285,69.8572728,66.31440823,68.58262937,62.12582881,66.80189928,66.57113863,66.32296843,66.30028893,67.97617362,64.09692606,N/E,65.76516302,66.79651665,N/E
sep-08,67.58493481,66.12074112,69.63166433,69.6486435,N/E,64.88851947,N/E,70.31558465,70.38150409,71.95125498,69.72249605,67.94146666,N/E,67.77275027,65.95230476,66.3279476,69.91484079,70.4823905,66.11719318,N/E,67.99199057,68.55918184,68.34932898,72.42808154,65.07994191,N/E,65.42262946,70.1379693,67.39663109,70.18386338,66.43808647,70.72585623,68.7338818,70.40355288,69.61929862,68.18673346,N/E,67.25398863,65.77042076,N/E,68.46978392,68.64447549,69.96238154,66.58808989,68.96558974,62.37754548,67.2204172,66.99993398,66.72304062,66.82487565,68.40463515,64.23517352,N/E,66.33448102,67.39216399,N/E
oct-08,68.04548569,66.34812338,70.03438586,69.78709305,N/E,66.06238062,N/E,72.89271901,70.62839608,72.07770607,71.19149187,68.06811371,N/E,68.08046506,66.4419423,66.76090556,70.20682545,70.63684309,66.34736445,N/E,68.15821344,68.85436884,68.68832267,72.51170003,65.75478756,N/E,65.55655305,70.56970434,68.00537755,70.61877748,67.76094504,71.07218101,70.42411787,71.63620243,70.00099915,68.39616066,N/E,67.54981204,65.99316774,N/E,69.28238272,68.62102832,71.74533726,66.83544646,69.98409049,62.82062299,67.54939643,68.22604546,66.91590608,66.98624703,69.71177959,64.587201,N/E,67.82851827,67.46259526,N/E
nov-08,68.81894178,66.88322964,70.50272825,70.06878463,N/E,66.49024124,N/E,72.44777098,71.4933284,73.13010549,71.67936612,69.20637995,N/E,68.83907833,66.98133175,67.42827717,70.70286756,73.92342609,66.86723404,N/E,68.93830366,68.86824743,74.15814985,76.88183797,66.58942424,N/E,66.41462061,72.40829062,68.50979728,71.66778177,68.48889958,76.39880058,70.74829536,72.18850069,70.37576937,68.82218374,N/E,68.10677268,66.41927184,N/E,69.78049136,68.99618314,72.40045948,67.20598461,70.51021362,63.20615188,67.97143554,69.27714923,67.60676003,67.39045381,70.35576712,65.17955934,N/E,68.4915154,67.98630209,N/E
dic-08,69.29555236,67.45673824,71.36638336,70.76049988,N/E,67.12702208,N/E,72.48226308,71.93903057,72.59633037,72.51219111,69.44617886,N/E,69.54510414,67.72761029,67.94004662,71.26250481,74.55542087,67.2695377,N/E,69.22814164,69.33051134,74.4916759,77.19647932,67.30977671,N/E,66.86374293,73.03306897,68.75079202,71.54868549,68.85032799,75.80732456,71.15558115,72.65561586,71.02668606,69.59281441,N/E,69.06163314,66.86192826,N/E,70.51795089,69.425527,73.28860055,67.86510542,71.47758481,63.58887352,68.6178244,68.87531881,68.40443177,67.97523049,71.02876776,65.78427755,N/E,69.03282625,68.70369492,N/E
ene-09,69.45614941,67.48756117,71.44417583,70.7844623,N/E,67.36900883,N/E,72.92088755,71.69700079,72.92207305,73.50835725,69.93460044,N/E,69.81533083,67.9763698,67.77130921,71.28462486,74.75873091,67.37916669,N/E,69.06717899,69.43139803,74.65133099,77.54864179,66.80661594,N/E,66.69872993,73.48185341,68.30531689,72.1016325,68.99561303,76.23258692,71.23538716,73.62102431,71.47715666,69.54929042,N/E,68.9947384,66.88557444,N/E,70.59856388,69.64749361,72.83424159,68.15418478,71.50008181,63.44008931,68.82104705,69.56160286,68.42668548,67.78583964,71.62819944,66.49336802,N/E,69.32400416,68.80833567,N/E
feb-09,69.60949368,67.58659878,71.22455764,70.72801749,N/E,67.41961061,N/E,73.60957971,71.75966921,74.07470099,73.63193774,70.08512356,N/E,69.8694803,68.09409955,67.90922931,71.21771171,74.963617,67.52004738,N/E,69.17606548,69.51360201,74.86784954,77.52023295,66.52685234,N/E,66.83600161,73.60944899,68.34913412,72.72954638,69.277517,77.21708319,71.29042578,73.93725961,71.4510347,69.53444106,N/E,68.96352086,67.10926726,N/E,70.20097267,69.71575094,72.79030725,67.42800948,71.650914,63.650633,68.95535508,70.29282846,68.26448069,67.70281899,71.3852146,66.56981612,N/E,69.62628836,69.00403399,N/E
mar-09,70.00995018,67.97971745,71.59870235,71.28021819,N/E,68.22272603,N/E,74.35230949,72.33719117,74.5886635,74.5297768,70.38772695,N/E,70.06056546,68.56009263,68.44221723,71.54564145,75.35710336,67.67283348,N/E,69.71313367,69.64651622,75.3577501,77.79360108,66.85315702,N/E,66.99288353,74.20507835,68.64698693,73.41913511,69.91881028,77.54617511,71.57497545,74.31752142,71.90470391,69.75103692,N/E,69.44565849,67.26769665,N/E,70.70107175,70.08465319,73.27469728,68.0051748,71.87844052,63.98516354,69.40606669,70.79670265,68.75455675,68.11792223,71.80176003,67.32697276,N/E,69.91167168,69.59968133,N/E
abr-09,70.25499019,68.39557435,71.896113,71.82709391,N/E,67.92011735,N/E,72.2592142,72.59272708,74.94470782,73.61904238,70.71680164,N/E,70.52968733,69.00687457,68.84082147,72.13790578,76.085237,68.1659159,N/E,70.2586182,70.04739405,76.01660074,78.09645008,67.39199929,N/E,67.64145634,74.98110145,69.12010864,73.92050918,69.41209683,77.78465557,70.63326464,73.70119664,72.16539045,70.45612559,N/E,69.94414818,67.50084794,N/E,70.61150177,70.50618132,72.70466309,68.39458755,71.22807258,64.47456065,69.90003857,70.51119157,69.39249634,68.54236529,71.49504996,67.92848657,N/E,69.24239708,70.04842916,N/E
may-09,70.05035847,68.5072443,72.1395452,71.93572356,N/E,68.12553053,N/E,72.64207645,72.53492086,73.66621151,73.65074346,70.62700681,N/E,70.04338342,69.29651931,68.83930587,72.2833451,73.53729461,68.32911924,N/E,70.29806983,70.17710551,71.03284676,74.13797238,67.60867386,N/E,67.70554834,73.94438738,69.39031486,73.05440275,69.28363426,72.03221774,70.64317159,73.84205497,72.25281906,70.49299297,N/E,70.00509672,67.45497436,N/E,70.79910112,70.68073253,72.86594106,68.61710912,71.53791768,64.43338766,70.11181266,70.27696674,69.60069212,68.72552959,71.41474581,67.96877059,N/E,69.60117849,70.1198666,N/E
jun-09,70.17935416,68.64316837,72.33587856,72.09653804,N/E,68.05338541,N/E,72.90479124,72.73643226,73.93484725,73.51534224,70.70071124,N/E,70.13918633,69.37434902,68.89942489,72.33919823,73.74901024,68.6580062,N/E,70.5489822,70.18190964,71.24444443,74.60913039,67.79897516,N/E,67.46879057,74.31397457,69.26825259,73.41434999,69.28210495,72.14450924,70.90075234,74.07199366,72.31572501,70.7735947,N/E,69.98230296,67.74345771,N/E,70.68116731,70.85215744,72.66462166,68.7636356,71.73425518,64.42169079,70.23756925,70.3351264,69.68426715,68.93567561,71.42666191,67.99211702,N/E,69.68230268,70.4297642,N/E
jul-09,70.37051645,68.7897036,72.46712027,72.57791647,N/E,68.16561115,N/E,72.99677016,72.67754555,74.20173481,73.56423712,71.05262392,N/E,70.46928984,69.50242322,68.99844444,72.39726336,73.96492866,68.909508,N/E,70.44640796,70.61855153,71.28818555,75.10012099,68.01720111,N/E,68.02170367,74.52791716,69.48368728,73.46485957,69.43656589,72.20009909,71.12365875,74.33589424,72.52630003,71.0680217,N/E,70.07793766,68.21117908,N/E,70.7125168,70.97251961,72.81422088,68.85105479,72.01188866,64.77353269,70.33565939,70.55137461,69.7589407,69.19926616,71.77792783,67.89369581,N/E,69.7817764,70.53893267,N/E
ago-09,70.53888432,68.89531003,72.85925779,72.5076267,N/E,68.49327021,N/E,72.98297332,72.88824112,74.50475125,73.56316251,71.66457827,N/E,70.50781927,69.65561968,68.98328839,72.65938595,74.17769498,69.20218267,N/E,70.7209913,70.98953699,71.34176842,75.2652139,68.41124891,N/E,68.23598141,74.67916192,69.57966787,73.5563085,69.81328746,72.32462036,71.09503867,74.48287684,72.74220606,71.0265459,N/E,70.13393103,68.72051772,N/E,71.0011312,71.15697074,73.06003074,69.46745941,71.86719202,64.94477489,70.44330703,70.57569593,69.92164002,69.37620392,71.91107731,67.94405085,N/E,70.07730025,70.66319356,N/E
sep-09,70.89271587,69.26973283,73.31331177,72.55555154,N/E,69.03435858,N/E,73.36468584,73.45603866,74.63994321,73.89253136,71.77305873,N/E,70.80824471,70.28761662,69.26013899,73.25662728,74.75452812,69.35844119,N/E,71.11182545,71.54734967,71.5730496,75.77925318,68.63206048,N/E,68.81424433,74.58786508,69.86187167,73.69507693,70.48771593,72.43190877,71.55681271,74.71838306,72.95118177,71.3972679,N/E,70.79395912,68.91205175,N/E,71.56343165,71.4258317,73.32530519,69.80124176,72.09676373,65.12584247,70.81957074,70.7649792,70.46759762,69.61021836,71.91314967,68.58355981,N/E,70.54134995,71.07672575,N/E
oct-09,71.10719063,69.28539694,73.35935221,72.12476044,N/E,69.92515036,N/E,75.82742141,73.53059248,74.89750718,75.68444835,71.70973521,N/E,71.27996992,70.15018315,69.30207074,73.12280098,74.90950606,69.44525147,N/E,71.0018869,71.69040594,71.57140931,75.82642259,69.05196443,N/E,68.55165844,74.9970509,70.0298377,73.91678742,71.71167872,72.30349622,73.15678544,75.95660013,72.87015037,71.59543007,N/E,70.69089168,68.87469079,N/E,71.6828583,71.52639403,74.74844421,69.75206847,72.68168584,65.41311764,70.76675297,70.78824307,70.04972247,69.78975051,72.7426139,68.48330751,N/E,71.83450824,71.01132528,N/E
nov-09,71.47604578,69.37887631,73.28155974,72.27439246,N/E,70.06092346,N/E,75.54113703,73.76776005,76.24534764,75.63071771,72.13016187,N/E,71.6121561,70.18417207,69.47939658,73.02989678,77.51576217,69.64268286,N/E,71.05448908,71.64823637,76.74434364,80.17833598,69.02455691,N/E,68.58848742,76.38960264,70.12321013,75.02268145,71.80649633,78.30886787,72.92342168,75.99501604,72.5966694,71.42594253,N/E,70.63588933,68.95508779,N/E,71.73809312,71.59413032,74.73287254,69.96316594,72.64640645,65.4472725,70.9639393,70.86913787,70.06109658,69.88262986,72.93689815,68.34277118,N/E,71.80891549,71.11646911,N/E
dic-09,71.77185517,69.73157147,73.48265591,72.54383658,N/E,70.11453128,N/E,75.74464039,74.018974,76.51747972,75.65758303,72.31598007,N/E,72.1182454,70.40879452,69.76736162,73.10731695,77.90977388,69.70220991,N/E,71.22123797,72.05658728,76.78535094,80.64734993,69.29242667,N/E,68.84055075,76.43800096,70.43879848,75.35976646,71.94464456,78.58459354,73.13256844,76.19210634,72.67396909,71.62256856,N/E,71.09176459,69.4417261,N/E,72.20584748,71.70355048,75.22838519,70.3212866,72.98028245,65.53148998,71.38094814,70.93681457,70.11945075,70.04036909,73.37934815,68.44165017,N/E,72.11168257,71.46359468,N/E
ene-10,72.55204598,70.45464707,74.13516005,73.30477661,N/E,71.82697577,N/E,76.52588634,74.65322169,77.33912047,76.16694954,73.62656933,N/E,72.9252808,71.51762159,70.27155304,74.1099082,78.82545709,70.36196808,N/E,72.04972219,73.3291475,77.3359423,81.19301415,70.11258391,N/E,69.24327811,76.96048286,71.05380454,75.89410468,72.80513985,79.16272799,74.4441388,76.83181471,73.44003567,72.47512675,N/E,71.64030145,69.99268201,N/E,73.2901419,72.48877037,75.50756291,71.22428708,74.02741575,66.52478833,72.07110029,71.59560496,70.898825,70.63292896,73.9202355,69.70739268,N/E,73.46326959,72.19306144,N/E
feb-10,72.97167051,70.94023452,74.34260662,74.01619429,N/E,72.165657,N/E,76.73513838,74.48952744,77.72022192,76.66556992,73.96394875,N/E,73.19498682,71.89445531,70.76260922,74.27691457,78.97097875,70.6997841,N/E,72.48106001,73.7983507,77.64267691,81.35971511,70.4481968,N/E,69.74692646,77.17937527,71.57700308,76.29392791,73.13802102,79.41177053,74.595495,77.26107072,73.69485809,72.75163211,N/E,71.81373226,70.35210389,N/E,73.67479522,73.05723415,76.5686607,70.90838592,74.25238579,66.92435347,72.72805271,72.04713545,71.36120756,71.27166907,74.18808872,70.26175585,N/E,73.84233205,72.78719954,N/E
mar-10,73.48972549,71.52587018,74.81041981,74.35007071,N/E,72.74131491,N/E,77.31058149,74.95791989,78.19164558,77.18890639,74.4015039,N/E,73.69430744,72.45010032,71.32590925,74.87360291,79.49737839,71.13036311,N/E,72.72829022,74.25527669,78.21896618,81.95630085,71.08270684,N/E,70.30940553,77.70515705,72.14036741,76.77828823,73.65798855,79.74697733,75.19266405,77.63576501,74.1479942,73.38913057,N/E,72.27406717,70.81887941,N/E,74.43414965,73.55483534,77.42120939,71.37031686,74.67931758,67.24063688,73.1078376,72.15129412,72.14157087,71.96904251,74.6978906,70.64994741,N/E,74.31217634,73.41353479,N/E
abr-10,73.25556464,71.43087492,74.50030835,74.25368852,N/E,71.94621561,N/E,74.61904836,74.97034553,78.48067665,75.6221208,74.61431245,N/E,73.68962142,72.49640408,71.24103534,74.78954672,79.5704019,71.36599103,N/E,72.42161955,74.10474733,78.15280773,82.30899934,70.18963525,N/E,70.02433961,77.73320608,72.34015309,76.85910356,72.59256489,79.99657576,73.54480772,76.59575175,73.96140874,73.20632981,N/E,72.23095722,70.6940276,N/E,73.709628,73.6632134,76.50526177,71.34548186,73.91441943,67.1582909,72.73911929,72.07357166,71.81221601,71.74851891,74.03628796,70.42380751,N/E,73.29764103,73.21230258,N/E
may-10,72.79397765,71.41318963,74.51459676,73.93525456,N/E,71.93870049,N/E,74.40749684,74.23507202,76.8309852,75.59955393,74.14353841,N/E,72.99765365,72.53137819,71.11625049,74.84097584,76.5801157,71.19088228,N/E,72.54891681,73.8992374,72.82131184,77.88043566,70.13378595,N/E,69.67709488,75.95181781,72.14975681,75.59742734,72.48755184,74.71164858,73.29218045,75.81351479,73.77215778,72.95133042,N/E,72.0481116,70.69875683,N/E,73.36329072,73.35631591,75.70610165,70.92030672,73.56571586,66.82469612,72.71044678,71.91918419,71.65248385,71.65304517,73.82231624,69.9907542,N/E,73.02143246,73.14690211,N/E
jun-10,72.77118323,71.50060548,74.28174857,74.18446375,N/E,71.39711112,N/E,74.38450211,74.3296149,76.62586637,75.5468979,74.03921031,N/E,72.96693424,72.48408925,71.08442278,74.65350842,76.57696361,71.19832316,N/E,72.49210646,73.81276309,72.63377179,78.14308347,70.18291265,N/E,69.65222335,76.10636246,72.26295131,75.56552655,72.08534166,74.84284063,73.13476999,75.53291164,73.76629366,72.81461388,N/E,72.00153305,70.80043539,N/E,73.36378834,73.12809672,75.24173233,70.87014002,73.41744015,66.88130898,72.53489059,71.87900114,71.30384245,71.67172481,73.57052385,69.83419581,N/E,73.22955465,73.27518765,N/E
jul-10,72.92919,71.62036014,74.44844671,74.40704802,N/E,71.45472701,N/E,74.9605201,74.38147843,76.79019452,75.38892981,73.85546829,N/E,73.40585736,72.64073385,71.21931167,74.68779449,76.98095695,71.39575455,N/E,72.74407087,74.03428678,72.87489472,78.31300052,70.47663857,N/E,69.95355143,76.10966234,72.37197274,75.65219036,72.40140035,74.96347061,73.36262988,75.65651065,74.05150286,73.11928183,N/E,72.17793695,71.00331959,N/E,73.58174196,73.23960107,75.23561489,70.68586435,73.78148258,67.1732629,73.09425589,71.99532047,71.67968283,71.90314487,73.86220927,70.06537121,N/E,73.57529824,73.1886578,N/E
ago-10,73.1317495,71.7396095,74.78343058,74.83411163,N/E,71.47126027,N/E,75.10481203,74.62674968,77.08854917,75.82844648,74.17468112,N/E,73.62922394,72.75797101,71.46585016,74.75913165,77.1275293,71.60856377,N/E,73.00287356,74.30385176,73.28168714,78.36231399,70.67314534,N/E,70.28405571,76.00571595,72.42204957,75.85795046,72.57268377,75.06297644,73.91356648,75.94045431,74.36123472,73.42036544,N/E,72.53173579,71.11918585,N/E,73.69320683,73.40842075,75.42303101,71.89085839,74.06167255,67.33374398,73.32112077,72.07304294,71.94128751,72.10395106,74.10104938,70.59181023,N/E,73.8003213,73.43617341,N/E
sep-10,73.51511019,72.14536052,75.10306765,75.06415089,N/E,72.00483352,N/E,75.2174862,74.98493215,77.28026535,76.23196362,74.40773244,N/E,73.80364772,73.25647523,71.75634121,75.28558883,77.53940288,71.90322268,N/E,73.37056275,74.59209946,73.4555581,78.72787686,70.94256648,N/E,70.53851053,76.24000783,72.60409971,76.05786207,73.07429951,75.42208689,74.19481384,76.33853219,74.45825916,73.95187018,N/E,73.10455297,71.79026434,N/E,73.9763475,73.87892743,75.66717248,72.73723508,74.59239733,67.48673906,73.71046317,72.53461919,72.46152971,72.59532951,74.4766656,70.65223627,N/E,74.04465965,73.94478782,N/E
oct-10,73.96892635,72.36617396,75.55500482,75.22283537,N/E,73.56447064,N/E,78.24991621,75.3117804,77.39214834,78.12543152,74.67763597,N/E,74.13375123,73.58946816,71.91800579,75.5360984,77.80470409,72.1532363,N/E,73.75561065,74.86326582,73.69285368,79.37270403,71.86976819,N/E,70.74896188,76.73609063,72.66930392,76.4311013,74.85901159,75.49379779,76.00778603,77.67362416,74.55208499,74.35843547,N/E,73.55695961,71.96571896,N/E,74.83273607,74.14362,77.63643206,72.91455695,76.05470262,67.75389561,74.0489999,72.43997755,72.80572037,72.88123187,75.9713591,70.88753162,N/E,75.37886292,75.51942987,N/E
nov-10,74.56158125,72.67187679,75.72011536,75.56310176,N/E,73.64362986,N/E,78.37983644,75.78341433,78.82157015,78.08352162,75.44893722,N/E,74.71429605,73.70227198,72.12867495,75.79711498,81.09969268,72.32685687,N/E,73.7519285,75.24706229,79.47652341,83.68870436,72.12315851,N/E,71.30187498,79.03006113,73.00888742,77.72201992,75.0195898,81.14061491,76.06172388,77.89242781,74.80797361,74.65849499,N/E,73.85476508,72.10806895,N/E,74.95017228,74.32390273,78.02961661,73.17085412,76.42999356,68.2531181,74.19940478,72.62555975,73.4075595,73.22161652,76.27340635,71.27343431,N/E,75.75357943,75.61652441,N/E
dic-10,74.93095445,73.12916778,76.04663203,75.83627337,N/E,73.76587575,N/E,78.60805913,76.22263355,79.22015332,78.23934049,75.6378697,N/E,75.02982086,74.19240211,72.53637282,76.23730397,81.48897624,72.52528037,N/E,74.13013812,75.65381183,79.57275388,84.16843862,72.20538108,N/E,72.35269685,79.02621127,73.59155219,78.14842713,75.30965012,81.41689647,76.22904129,78.00711878,75.2136637,75.06301209,N/E,74.19072532,72.46134282,N/E,75.51496079,74.4150862,78.12527113,73.64619596,76.91521304,68.64847236,74.48562677,72.75879826,73.77796008,73.75398642,76.46924487,71.56091579,N/E,76.02302765,76.04766442,N/E
ene-11,75.29599135,73.36901532,76.32818933,76.01296596,N/E,74.31623204,N/E,79.02197135,76.34987963,79.46463989,78.57601881,75.89332364,N/E,75.38967044,74.66498819,72.89708749,76.456921,81.90314497,72.8893249,N/E,74.43003393,76.02432414,79.85446952,84.63909343,72.19186794,N/E,73.02334049,79.50051947,74.34205665,78.81808138,75.63536913,81.80927978,76.77142508,78.424909,76.13553183,75.37778916,N/E,74.92669713,72.81371309,N/E,76.13259836,74.89626246,78.84791652,74.00848184,77.13110254,68.93594451,75.0603409,73.11341378,74.16643836,74.17726004,76.89738896,71.63279206,N/E,76.6066936,76.42012308,N/E
feb-11,75.57846024,73.69455239,76.67205465,76.0319888,N/E,74.54495659,N/E,79.12761043,76.41102067,79.56619012,78.69592476,76.13184616,N/E,75.82125913,75.01806345,73.03238383,76.83906421,82.03292712,73.51645956,N/E,74.84354236,76.16856841,80.42033282,85.13645883,72.88784817,N/E,73.49233514,79.52907027,74.59400352,78.95912179,75.8385966,82.12018344,76.77600635,78.74283304,76.37927782,75.62638422,N/E,75.36353759,73.08849828,N/E,76.64060901,74.85222998,79.09469083,73.63463073,78.28336336,69.1143548,75.63498053,73.44351172,74.65217359,74.15142254,77.1149118,72.09592429,N/E,76.90325532,76.52078424,N/E
mar-11,75.72345093,73.82359411,76.95568636,76.41929372,N/E,74.53311324,N/E,79.25532334,76.737361,79.73358932,78.87382445,76.37415476,N/E,76.02803071,75.02178787,73.43463586,76.96517147,82.33085468,73.8420173,N/E,75.12119435,76.41226532,80.83397093,85.21245693,73.07069656,N/E,73.70498489,79.51479487,74.71148021,79.17695086,75.92547823,82.19525729,76.96612913,78.75142558,76.5845376,75.71828906,N/E,75.50716656,73.2069903,N/E,76.44650345,75.10448385,79.29994438,73.59473358,78.29418998,69.31687458,75.72689299,73.73207415,74.62329604,74.40979758,77.04597851,72.24074273,N/E,76.71723717,76.76633647,N/E
abr-11,75.71744095,74.14839798,77.0403184,76.70311442,N/E,74.08306624,N/E,74.78852476,76.87034277,80.2119861,77.94592476,76.38929905,N/E,75.95509673,74.99720668,73.96854724,77.17535023,82.74305584,73.88707216,N/E,75.37434763,76.63318681,81.01887274,85.79342025,72.14055476,N/E,74.03415504,80.0620187,74.60878046,79.53425323,75.18509565,82.49555269,75.20768432,78.15854021,76.86526054,75.88703238,N/E,76.09879887,73.35746791,N/E,76.42906427,75.4179354,78.2125706,73.82968348,77.46208753,69.77426621,75.62078268,74.13139792,74.93206371,74.65045548,76.26933004,72.7985088,N/E,76.13859876,75.78870307,N/E
may-11,75.15926438,74.0508835,76.92900058,76.47179674,N/E,74.31105058,N/E,74.63952636,76.51266766,78.16908113,78.02507837,75.80094349,N/E,75.6242622,75.0158288,73.68704356,77.15242164,77.59747945,73.89579246,N/E,75.15757121,76.46692631,73.69213849,78.94176856,72.17090904,N/E,73.86010268,77.16331856,74.56223309,77.22432477,75.37019129,75.8033718,75.28403885,78.17103845,76.77998717,75.86367951,N/E,75.99461205,73.250607,N/E,76.53521575,75.51047824,78.25174113,74.05576736,77.35227475,69.49872909,75.59462873,73.66139093,74.92984236,74.56113154,76.03112721,72.74617342,N/E,76.44735839,75.8367459,N/E
jun-11,75.15550814,74.07141286,77.08301565,76.2366745,N/E,74.52349053,N/E,74.50708334,76.47369024,77.82396903,78.19122257,75.85546292,N/E,75.66035324,74.98826807,73.68267916,77.13025734,77.66930856,74.06801831,N/E,75.64234861,76.40619188,73.55904106,79.12585287,72.0899643,N/E,73.94822124,77.17362857,74.46248873,77.22902612,75.32788371,75.65077604,75.07940871,78.16713275,76.72263517,75.99325027,N/E,75.93061158,73.33347872,N/E,76.73917824,75.593319,78.19690239,74.25229778,77.34918143,69.58896749,75.61331012,73.42675178,75.03942896,74.41644151,75.87794211,72.62501344,N/E,76.55332774,75.68575416,N/E
jul-11,75.51610674,74.48786568,77.33767422,76.78681489,N/E,74.78182343,N/E,74.98088248,76.77939547,78.04849023,78.51567398,76.00690579,N/E,76.09870899,75.23556972,74.43626524,77.65685068,78.09048836,74.25332461,N/E,76.17241149,76.76983928,73.56222902,79.20438425,73.12128702,N/E,74.35749918,77.62806227,74.65606667,77.42491557,75.47444925,76.18363716,75.35275793,78.42569014,76.91204769,76.50701339,N/E,76.22679983,73.7681918,N/E,76.9302509,75.84408024,78.36690247,74.53822738,77.88277873,70.05600292,76.06016903,73.54115658,75.6288272,74.95533803,76.03572277,73.12112414,N/E,76.90478006,75.8565731,N/E
ago-11,75.63555502,74.53698952,77.5984324,76.94736762,N/E,74.96391482,N/E,75.11805561,76.5738087,78.13972677,78.56191223,76.43548912,N/E,76.23856177,75.50894234,74.69158253,77.92282236,78.27414234,74.42627716,N/E,76.23774137,76.76680256,73.62837924,78.93923529,73.58961016,N/E,74.31817354,77.70974931,74.76024412,77.57614223,75.67389925,76.26115907,75.46041781,78.58113703,77.2471041,76.52735299,N/E,76.55201155,74.00299501,N/E,77.19714604,76.00379127,78.46091173,75.38493365,77.93227181,70.23716858,76.20663115,73.52293926,75.72656661,75.03654161,76.37272999,73.28386565,N/E,76.9909278,75.94427032,N/E
sep-11,75.82111305,74.70708996,77.63350514,77.01965439,N/E,75.10455451,N/E,75.30568322,77.04612328,78.61653682,78.63244514,76.42488812,N/E,76.44608525,75.98343377,75.06473857,77.7065293,78.50432199,74.68643267,N/E,76.35355343,76.94141405,74.02926549,79.3504695,73.67778211,N/E,74.76823362,77.80253944,75.06686566,77.8535217,75.84312955,76.36397761,75.7383483,78.72799138,77.35803494,76.65767707,N/E,76.70233825,74.18036958,N/E,77.45721716,76.47023703,78.54865371,75.387889,78.10781759,70.22890247,76.24100491,73.69126734,75.92944992,75.33773309,76.55348841,73.2229272,N/E,77.17008462,76.23328987,N/E
oct-11,76.3327123,74.8955202,78.16645826,77.32934615,N/E,76.19340178,N/E,80.98575449,77.59257136,78.84105803,79.95141066,76.75654801,N/E,76.58593803,76.15103278,75.16657453,77.93887237,78.74837772,74.91679384,N/E,76.73885123,77.12437652,74.28350548,79.47459974,74.62599193,N/E,75.0617194,78.15704531,75.18064812,78.12933405,77.08440361,76.50678113,78.09464907,79.87079942,77.56706788,76.75184186,N/E,76.88020004,74.29522688,N/E,77.68468462,76.61875336,79.78957594,75.87330437,79.1572256,70.64565237,76.74166623,73.99003148,76.33299519,75.56067384,77.76977811,73.36559487,N/E,78.06053213,77.95901871,N/E
nov-11,77.15833283,75.28851089,78.38985635,77.64892978,N/E,76.428048,N/E,81.20491616,78.31785701,81.15687923,79.90203762,77.67277739,N/E,77.28595382,76.48474104,75.33242166,78.40050137,84.22861247,75.26051886,N/E,76.89623685,77.38553458,82.17211808,86.79659528,74.92375295,N/E,75.19935914,80.94709377,75.52125663,80.72682824,77.33749358,83.9244039,78.21910696,80.30901904,78.16398144,76.93113163,N/E,77.1228065,74.72993995,N/E,77.76126533,76.83816944,80.03008296,76.05062506,79.63591651,70.8295734,76.91727132,74.3842544,76.59067181,75.63080421,78.16422975,73.78929634,N/E,78.11694747,78.42724562,N/E
dic-11,77.79238536,76.01657013,79.09893562,78.26146506,N/E,76.87513416,N/E,81.87422643,79.23420841,81.82647605,80.33777429,78.15512293,N/E,78.01378978,76.91900871,76.12383252,79.16402351,85.06280966,75.80335731,N/E,77.55770187,77.96478921,82.686177,87.47720057,75.55613373,N/E,75.8861013,81.55697076,76.05692078,81.299609,78.06049983,84.35689455,78.71083013,80.70349482,78.79334415,77.73416901,N/E,77.85509101,75.46124657,N/E,78.1236968,77.5135829,80.26588952,76.80349913,80.12002073,71.41440095,77.44259208,75.23609654,77.29113755,76.32251111,78.52727844,74.64243467,N/E,78.69634825,79.01901123,N/E
ene-12,78.34304946,76.49607743,79.79429077,78.72029584,N/E,77.45249709,N/E,82.45366465,79.44361649,82.21601637,81.24216301,78.73969242,N/E,78.71831695,77.60057803,76.81849923,79.8908599,85.49623305,76.39270402,N/E,78.07588659,78.37322826,83.05916858,87.84705803,76.9936256,N/E,76.37767178,81.7647572,76.42191125,81.77992995,78.67849264,84.61965303,79.50491723,81.31434642,79.16009508,78.37072303,N/E,78.45937458,75.91340632,N/E,78.83946105,78.16660696,80.78215704,77.52312557,80.70543109,71.95858677,78.13604537,75.8241518,77.96864935,77.05703445,79.189804,75.88916371,N/E,79.55782572,79.58866189,N/E
feb-12,78.50231384,76.62365276,79.92009515,79.09086067,N/E,77.41400623,N/E,82.43237917,79.73785777,82.33740063,81.29388715,78.86993329,N/E,78.92584043,77.66165856,77.01998894,79.88168846,85.65948103,76.95443645,N/E,78.34611473,78.54859893,83.38035578,88.06069716,77.25091424,N/E,76.56774569,82.05740299,76.82679946,81.79638466,78.86812124,84.88077946,79.97373404,81.43151744,79.37893823,78.41818209,N/E,78.60002679,76.06824559,N/E,79.00323762,78.25989611,81.05321708,77.00372373,80.89567013,72.12735326,78.50892597,75.90139326,78.14783826,77.36486985,79.36979649,75.93146216,N/E,79.84218953,79.78312095,N/E
mar-12,78.54738867,76.53786935,79.89035957,79.21032407,N/E,77.55020467,N/E,82.64602237,79.80052734,82.53732764,81.61677116,79.08271052,N/E,78.78899524,77.81435988,76.80322384,79.79914553,85.89863933,76.93408909,N/E,78.48716788,78.67082698,83.361228,88.20593799,77.24802336,N/E,76.62017988,82.32942875,76.7913348,81.84731592,79.13027711,85.10028887,79.95769959,81.53853364,79.29592876,78.49200729,N/E,78.58737553,76.27033628,N/E,79.74629797,78.57707923,81.02814794,77.02884416,81.26068161,72.29198669,78.66286064,75.98373557,78.02196175,77.26594912,79.27328988,75.71423451,N/E,80.12121674,79.73584071,N/E
abr-12,78.30097963,76.54446807,79.60596542,79.17836571,N/E,76.78334826,N/E,77.54381262,79.85784707,82.58730939,80.45768025,79.14783096,N/E,78.98749596,77.95961236,76.86650761,79.7502312,85.86762221,76.99440448,N/E,78.33646372,78.72928387,83.53178398,88.18904952,76.59829727,N/E,76.75417835,82.60462682,77.01298893,82.00637816,78.19195552,85.30592594,78.01524036,80.61913168,79.26951666,78.76094195,N/E,78.61565481,76.21508847,N/E,79.46575477,78.63827691,80.10529037,77.22241925,80.60257828,72.5351482,78.58066252,76.07700828,78.10193035,77.19434232,78.31818077,75.69057605,N/E,79.30624381,78.41428168,N/E
may-12,78.05381934,76.90006599,79.95821769,79.37620319,N/E,76.90548273,N/E,77.79056659,79.70193741,80.3754185,80.61050157,78.54735997,N/E,78.71154988,78.11752788,77.38732579,79.98410284,81.20362737,77.22331226,N/E,78.24811991,78.76192862,76.28235782,81.39904073,77.13744706,N/E,77.13578269,80.21191045,77.2634581,80.10938467,78.26599377,78.48318183,78.03585609,80.82925839,79.75021696,78.86489988,N/E,78.95947133,76.44771085,N/E,79.43315111,78.58230342,80.44999099,77.41082247,80.81756386,73.07933403,78.6568826,76.36411333,78.46549133,77.49996309,78.66054947,76.10639137,N/E,79.62643897,78.62322985,N/E
jun-12,78.41366669,77.28352519,79.97117936,79.83579489,N/E,77.35701015,N/E,78.19026071,80.39970958,80.94267172,80.86677116,78.89264972,N/E,79.02433889,78.38121699,78.04198551,80.42280325,81.53420453,77.59101809,N/E,78.62005479,79.1574616,76.60992094,81.58565831,77.56602055,N/E,77.69653716,80.57038171,77.30705008,80.4376954,78.70871234,78.61129698,78.17024006,81.05735131,80.02112968,79.3538035,N/E,79.3062646,76.69632602,N/E,79.8388014,79.11367843,80.82837826,77.80683867,81.30630805,73.70755867,79.00286199,76.83922117,78.77129719,77.87202315,78.72412129,76.72509589,N/E,79.87573378,79.01977382,N/E
jul-12,78.85389747,77.68164821,80.48507121,80.43006825,N/E,77.67159893,N/E,78.55999748,80.71458596,81.41154816,81.37068966,79.46813263,N/E,79.6972864,78.95477806,78.48133492,80.73845354,82.0386408,78.01540586,N/E,79.4849333,79.69875722,77.11919791,81.94622712,77.84715898,N/E,78.3206496,81.00736769,77.98457287,80.77854305,79.02526367,79.04541968,78.61615051,81.49557094,80.55842735,79.85626686,N/E,79.64933693,77.23353833,N/E,80.32861465,79.44130993,81.07593598,78.1769956,82.22193008,74.26069945,79.40114928,76.93832342,79.27258188,78.34817144,78.84590345,77.20256658,N/E,80.41091713,79.55510817,N/E
ago-12,79.0905403,77.88180952,81.06377139,80.33419317,N/E,78.06168901,N/E,78.78625431,80.88654515,81.6170287,81.63793103,79.85809803,N/E,79.94992368,79.14248896,78.51915971,81.03958239,82.24678197,78.46813458,N/E,79.61633544,79.93106642,77.24990436,82.57194488,78.26995071,N/E,78.67603685,81.03433235,78.18701698,81.01987886,79.42265269,79.25513685,78.93073117,81.67679545,80.96819228,80.06342941,N/E,80.00729308,77.60428025,N/E,80.56366435,79.87790316,81.26787155,79.15225936,82.31782292,74.3709143,79.58572144,77.06730209,79.53840344,78.42125467,79.2709921,76.95236047,N/E,80.63505375,80.0622269,N/E
sep-12,79.43911894,78.25427084,81.75836409,80.42854643,N/E,78.5109958,N/E,78.92027403,81.5598609,81.77173413,82.06818182,80.15113999,N/E,80.35519598,79.58644012,79.02542989,81.63190437,82.70469256,78.66216118,N/E,79.88582119,80.26358743,77.4324152,82.84638249,78.88787708,N/E,79.0037505,81.04384928,78.4633458,81.24162573,79.98776102,79.58644101,79.13459776,81.89473355,81.11911859,80.41824236,N/E,80.41287749,77.8492607,N/E,80.99812718,80.59063228,81.47234169,79.36282767,82.91560656,74.92612161,79.86818409,77.17806343,80.00710832,78.78371794,79.53293863,77.65136036,N/E,81.05511931,80.38556275,N/E
oct-12,79.84103612,78.40750788,82.06791912,80.63094939,N/E,79.22455717,N/E,84.23770369,81.68902136,81.83440966,83.10658307,80.06481755,N/E,80.61685602,79.75925333,78.96942012,81.77176879,82.7422396,78.84092726,N/E,80.04766112,80.50956188,77.46987376,83.24241708,79.71900611,N/E,79.11444489,81.25480804,78.77513927,81.52213943,80.75911879,79.75698921,81.20609615,82.97973722,81.03535449,80.47248128,N/E,80.49920372,77.84271819,N/E,81.42121665,80.59436384,82.56911639,79.50320655,83.85829512,75.02187076,79.98176696,77.27133613,80.02636002,79.01034977,80.57000176,77.98257877,N/E,81.74887551,81.63467624,N/E
nov-12,80.3834365,78.45003299,81.99472384,80.44604744,N/E,79.22825821,N/E,84.22509007,82.02606137,84.1311902,83.01959248,80.67664675,N/E,81.36875268,79.70487676,79.58043586,81.89864033,87.67640985,78.87362837,N/E,80.12561154,80.53689237,84.91057766,90.0121597,80.39836376,N/E,79.17052034,83.72048758,78.80986509,83.372903,80.5188722,86.98611134,81.25267241,83.12815385,80.97045617,80.36099016,N/E,80.55873904,77.78165482,N/E,81.30748292,80.69213087,82.47667395,79.61772616,83.97042788,75.01980423,80.11702024,77.48848665,79.81681266,78.99189441,80.9315186,77.88149263,N/E,81.70999466,81.6712803,N/E
dic-12,80.56824328,78.73011218,82.1426393,80.68877881,N/E,79.29265639,N/E,84.34176606,82.19802056,84.24384748,83.31661442,80.81597419,N/E,81.45597269,79.86428204,79.90412872,82.04003332,87.97678614,79.03568055,N/E,80.14862547,80.63406746,85.05802091,90.00624873,80.39764104,N/E,79.4305065,83.69669524,78.98349416,83.54450217,80.67148167,87.05465703,81.29084967,83.2437626,80.96668302,80.64423787,N/E,80.84227604,77.85362237,N/E,81.35070174,80.87870918,82.39754949,80.02186955,84.04312085,75.40968926,80.34194421,77.65389997,79.85457561,79.30046803,80.75688759,78.24425565,N/E,81.95623999,81.54621644,N/E
ene-13,80.89278202,78.98599604,82.14187685,80.98553504,N/E,79.91369164,N/E,84.73436502,82.80255264,84.03916031,83.55721003,81.24531474,N/E,81.88455379,80.23002034,80.15726381,82.31594072,88.22247435,79.33362401,N/E,80.42998938,81.00226995,85.66453073,90.34148483,80.3477733,N/E,79.75239413,84.45329167,79.46670016,83.91277434,81.00314285,87.37208885,81.62604606,83.42498711,81.52435573,81.0721227,N/E,80.96581184,78.33267908,N/E,81.74118753,81.39366529,83.22796462,80.58707923,84.16066692,76.225968,80.87548478,77.98618398,80.20999163,79.42227341,81.02725929,78.64286482,N/E,82.30616757,82.22720444,N/E
feb-13,81.29094297,79.3819195,82.52920187,81.37740544,N/E,80.37262115,N/E,85.29882457,82.90802094,84.86822271,83.61990596,81.96391116,N/E,82.17704159,80.94734411,80.40094271,82.86622695,88.67303878,79.74129787,N/E,80.6861122,81.44866802,86.17619867,90.72063095,80.93462267,N/E,79.75385064,84.86093377,79.95138386,84.23246593,81.46172675,87.7964193,81.94062672,83.60699277,82.04203298,81.19792687,N/E,81.22181374,79.1272299,N/E,82.23024256,81.79070392,83.94400182,80.34843514,84.4939719,76.58072205,81.46581679,78.23393961,80.65722346,79.70427131,81.25780287,78.82066172,N/E,82.74910422,82.70992046,N/E
mar-13,81.88743314,80.15030427,83.00802098,82.07516303,N/E,80.75234831,N/E,85.8829929,83.55688028,85.32202529,84.40987461,82.3455472,N/E,82.49810146,81.51792565,81.14579999,83.60605621,89.10156473,80.34227164,N/E,81.25255195,82.09245299,86.48463402,91.18928596,81.44992267,N/E,80.43913629,85.51760237,80.51955728,84.8796847,81.82814058,88.16526039,82.49954187,84.0803637,82.47141833,81.728263,N/E,81.92507479,79.69570085,N/E,82.58357533,82.195952,84.26833376,80.70233768,84.92084973,76.87003603,81.67878466,78.67989973,81.70792208,80.31108355,81.56417307,80.00932,N/E,83.17526874,82.97377472,N/E
abr-13,81.94152293,80.72219371,83.15059929,82.17484268,N/E,79.98919295,N/E,80.88169212,83.6661699,85.44340955,83.62539185,82.43111242,N/E,82.86277134,81.99465173,81.41493788,83.67254912,89.37010766,80.6743696,N/E,81.38469648,82.30578268,86.5452053,91.71029521,81.52725381,N/E,80.64741652,85.54060163,80.75524951,85.10221512,81.11571122,88.11874725,81.42828783,83.29063101,82.67441422,81.84201407,N/E,82.0746573,80.01046801,N/E,82.92856764,82.44298167,83.52252697,81.09244318,84.84583678,77.14006241,81.79535655,78.78191675,82.14404715,80.74958291,81.09619258,80.53123992,N/E,82.23679195,82.12730587,N/E
may-13,81.66882024,80.85123543,83.14297478,82.10940413,N/E,80.10836658,N/E,80.56792829,83.59127212,83.6226457,83.60266458,82.25316705,N/E,82.3093754,82.09819068,81.47531205,83.91482792,82.82712855,80.81825449,N/E,81.63339545,82.4287699,84.11996302,84.47611971,81.5684489,N/E,80.94672833,84.23995368,80.83208961,83.0869044,81.37937808,81.23153755,81.50387881,83.65698574,82.80873863,82.31208473,N/E,82.0478664,80.17403062,N/E,83.27735107,82.63254523,83.76303399,81.42491947,84.63317119,77.48241729,81.8992251,78.76952897,81.93524024,80.88319972,81.31141765,80.39215686,N/E,82.60349165,82.2981248,N/E
jun-13,81.61923793,80.69359924,82.84561896,82.35594007,N/E,80.33264987,N/E,80.94791363,83.79150904,84.13277692,83.68103448,82.39098006,N/E,82.61614924,82.21290289,81.40475428,83.33244167,82.95772694,80.82406802,N/E,81.39063556,82.26099103,84.28494007,84.50736337,80.90065479,N/E,81.01736882,84.4485332,80.73825603,83.24204885,81.52594361,81.34251628,81.80013438,83.58199628,83.27359167,82.39118316,N/E,81.79930641,80.01119495,N/E,83.41610621,82.63702311,83.81865614,81.46481662,84.41431897,77.49826067,81.95003848,78.74766818,81.3354757,81.0566801,81.26316434,79.97060616,N/E,82.55317527,82.60010829,N/E
jul-13,81.59219304,80.66353838,82.50556589,82.16799446,N/E,80.34967468,N/E,81.05985952,83.32072299,84.12325659,83.8322884,82.52879308,N/E,82.62667579,82.10489464,81.05342023,83.16888437,82.92915854,80.75139888,N/E,81.26739965,82.07423266,84.24429355,84.86117679,80.54290794,N/E,81.04358592,84.36367385,80.82987307,83.51472697,81.54407543,81.44941491,81.94673508,83.66479714,83.1045542,82.44918868,N/E,81.64228199,80.10860557,N/E,83.07945438,82.46761001,83.75363307,81.50914679,84.44602547,77.47828423,82.15329204,78.75131165,81.2451408,81.04929796,81.35660726,79.87382156,N/E,82.60806587,82.67712933,N/E
ago-13,81.82432839,80.89669331,82.73887584,82.25930407,N/E,80.44368121,N/E,81.23960362,83.55993733,84.23908732,84.11755486,82.59467073,N/E,82.94472808,82.49670389,81.54950682,83.53727043,83.23443226,81.05152242,N/E,81.53985494,82.26326858,84.41245856,85.03343917,81.00689476,N/E,81.11786768,83.9473079,81.08181993,83.6831919,81.79112145,81.56447375,82.22542911,83.8022778,83.4562125,82.68045741,N/E,82.09623886,80.54331865,N/E,83.14996929,82.74150696,83.92441656,82.10169341,84.5651182,77.95427461,82.39017209,79.01801329,81.2999341,81.19251155,81.6070649,80.23443381,N/E,82.64847145,82.940221,N/E
sep-13,82.13233968,81.22662952,83.31300131,82.52638467,N/E,80.86263944,N/E,81.81273503,83.98639612,84.37951224,84.42711599,82.79154646,N/E,83.37556486,82.80136165,81.49640665,83.70999916,83.23361602,81.43521546,N/E,82.05729727,82.6724668,84.74002168,85.32560967,81.23961089,N/E,81.61526417,83.69986756,81.20077431,84.05538187,82.03287903,81.67871656,82.341488,84.23893515,83.67279176,82.86276046,N/E,82.45345082,80.71415071,N/E,83.54727911,83.02435966,84.29026926,82.13789639,84.71205079,78.47641747,82.66815121,79.16812405,81.81750868,81.55202197,81.89428696,80.2308492,N/E,82.92216208,83.20712559,N/E
oct-13,82.52298816,81.32854315,83.23065662,82.83151095,N/E,81.55399454,N/E,86.71076178,84.46023921,84.29144915,85.78761755,83.13607899,N/E,83.57632127,82.85424845,81.42948587,83.82082069,83.56990687,81.39234067,N/E,82.48416864,82.73244206,84.97513389,85.54684861,82.10615325,N/E,81.98521647,84.02899493,81.35076027,83.49200379,83.3927654,82.15119221,83.68074644,85.29191207,83.69241218,82.84242086,N/E,82.4899162,80.68361902,N/E,83.86649177,83.11242462,85.39174442,82.18444307,85.17218179,79.26789786,83.11650464,79.38891804,81.88933234,81.50108518,82.68625393,80.20934151,N/E,84.07638942,84.34795208,N/E
nov-13,83.29226516,81.76772491,83.49675196,83.13663722,N/E,81.96999193,N/E,86.55782163,84.66047614,86.01066277,85.82210031,83.66158576,N/E,84.28611172,83.4382379,81.92339026,84.19073532,90.69486503,81.78548071,N/E,82.67496158,83.02472651,88.00290105,93.06728366,82.87151468,N/E,81.86796781,86.95862512,81.62487255,85.40466844,83.77126711,89.8862468,84.26791277,85.60593042,84.00030185,83.15278803,N/E,83.00043163,81.07980402,N/E,84.42075413,83.5176727,85.71372614,82.81319266,85.69959246,79.27616397,83.42512124,79.64468929,82.35803722,81.93367882,83.05543003,80.91909524,N/E,84.41411908,84.50199416,N/E
dic-13,83.7700583,82.47452159,84.06554027,83.49274469,N/E,82.29494363,N/E,87.00008672,84.84237074,86.36926202,85.77429467,83.79712713,N/E,84.79589765,83.95518775,82.12633478,84.69210721,90.95198061,82.03328246,N/E,82.73657954,83.62371983,88.01884086,93.13314869,83.04063137,N/E,82.2641372,87.44002348,81.99725149,86.13964568,84.02889003,90.18001404,84.50766599,85.89573341,84.55118288,83.66655116,N/E,83.5868546,81.59448103,N/E,85.06827815,83.71320676,86.02238987,83.17817773,86.76678705,79.11773013,83.82639755,79.86548327,83.34949983,82.24668173,83.26759139,81.32845826,N/E,85.10101395,85.21958622,N/E
ene-14,84.51905163,83.00755187,84.84857727,84.12278099,N/E,83.71318386,N/E,89.13257704,85.81909893,87.55454358,87.77272727,84.61264699,N/E,85.18011684,84.5391772,82.7868137,84.92292171,91.60660501,82.52016569,N/E,83.9251379,84.35784727,88.77279393,93.64233601,83.3355015,N/E,83.48250373,88.74463681,83.1173437,87.31028106,84.77456106,91.71902796,85.47584143,86.63234858,84.81681319,84.21421361,N/E,83.8696474,82.16222503,N/E,85.70594524,84.69610126,86.67575423,84.54428584,86.87118652,79.78521881,84.14547574,81.30100851,83.63531354,83.03066543,84.16372424,82.00451661,N/E,85.66974156,86.6227418,N/E
feb-14,84.73315704,83.25903659,84.94464607,84.20267689,N/E,83.86862773,N/E,89.23663942,86.25778593,88.11306983,87.59012539,84.88070088,N/E,85.37185049,84.69858248,82.94247723,85.14762192,91.84086587,82.87624446,N/E,83.89321534,84.74502927,88.8939365,93.75971087,83.07387653,N/E,83.14313804,88.69467289,83.60276624,87.29460991,85.19310387,92.06257242,85.64153076,86.87918886,84.92774403,84.16976783,N/E,83.91504309,82.26617816,N/E,85.79769045,84.62296256,86.84340408,84.11354434,86.74204051,80.44857444,84.51835634,81.54074851,84.23285673,83.35105048,84.40039522,82.20167043,N/E,85.91751163,86.76458252,N/E
mar-14,84.96529239,83.50025662,85.27859953,84.30844386,N/E,84.37196977,N/E,89.90594969,86.50082158,88.65652222,87.76959248,85.15405526,N/E,85.55305759,84.875865,83.11487096,85.27525776,91.96003689,83.17055447,N/E,84.13449046,84.63039303,89.019861,94.06961427,83.38031019,N/E,83.62014347,89.06424725,83.96701787,87.79608691,85.30869421,92.42896545,85.94465824,87.11196863,85.16847149,84.26543926,N/E,83.99839255,82.3832163,N/E,85.88109518,84.86924593,87.06432584,84.77997458,86.89206641,80.70344628,84.64015902,81.78048852,84.47720525,83.45218585,84.65085286,82.5816396,N/E,86.26210261,86.90489808,N/E
abr-14,84.80677925,83.66889068,85.20235445,84.50475951,N/E,83.82791624,N/E,84.70125427,86.27459972,88.66445583,86.91065831,85.41075093,N/E,85.68012812,85.0777287,83.04504059,85.30200778,92.24816958,83.34786716,N/E,84.8598006,84.64102155,89.12107881,94.29676417,82.86934652,N/E,83.30553836,89.32834223,84.09114418,88.05779522,84.68314647,92.57911315,84.20224788,86.10586011,85.28770328,84.41308966,N/E,84.16657984,82.53224001,N/E,85.63846323,84.88044062,85.8829428,85.01049147,86.54252152,80.96382886,84.87853359,82.0012825,84.68675261,83.51198122,83.95922213,82.43897193,N/E,85.29846764,85.98522111,N/E
may-14,84.53557906,83.87051837,85.46539998,84.60215643,N/E,84.08106768,N/E,84.76747578,85.79387825,87.00236422,87.6677116,84.95490788,N/E,85.32673669,85.37791715,83.13887515,85.54428658,84.92568136,83.38783519,N/E,85.07138032,84.93178764,86.11722137,85.91332838,83.17794834,N/E,83.4723082,86.52084606,84.57213364,86.02916402,84.82215708,84.63107731,84.35113921,86.22537456,85.57823643,84.84398777,N/E,84.41216307,82.57658365,N/E,86.27385565,85.03418115,86.02787375,85.02379053,86.84798664,81.0705995,84.97492957,81.85262912,84.95701687,83.66405339,84.03198505,82.78954726,N/E,85.68803842,86.5289439,N/E
jun-14,84.68207224,83.9020456,85.81384001,84.64324575,N/E,84.58218909,N/E,84.49234117,85.96736597,87.43474605,88.19278997,85.20024534,N/E,85.70118123,85.45091584,83.44729262,85.59549377,85.36889963,83.48157837,N/E,85.11518103,85.21648029,86.34436368,86.31189624,82.77828368,N/E,83.59246987,86.64298007,84.34974066,85.88498938,85.02236258,84.91260425,84.65884796,86.45034292,85.57295401,84.95246561,N/E,84.62276929,82.73796543,N/E,86.63325423,85.16403964,86.29658355,85.49812336,86.7443605,81.45772916,84.87703907,82.37145855,85.04216863,83.94014558,84.32763229,83.14514105,N/E,85.6811771,86.84617907,N/E
jul-14,84.91495883,84.17845883,86.08298515,84.84869237,N/E,84.82275698,N/E,84.68469889,86.27001414,87.65530045,88.21394984,85.33351506,N/E,86.10795732,85.58871947,83.7186127,85.61918665,85.56071601,83.98154204,N/E,84.9288424,85.41234883,86.39537108,86.41407147,83.15698943,N/E,83.85682555,86.87693808,84.48273314,86.05893922,85.24523284,85.24880453,84.920744,86.81357309,85.81745463,85.30953852,N/E,84.86760832,82.85645745,N/E,86.68253884,85.37748522,86.63188324,85.73824512,86.8100935,81.71604522,85.18117215,82.41663752,85.24727329,84.38085958,84.45401,83.32723949,N/E,85.90760082,86.62502955,N/E
ago-14,85.21996514,84.65356698,86.24767452,85.29382671,N/E,85.17509641,N/E,84.92356934,86.17371699,87.4744141,88.29780564,85.27520956,N/E,86.36585788,85.96190661,83.9637464,85.89356547,85.83170766,84.06002471,N/E,85.11146911,85.64921311,86.64403213,86.74846315,83.94981426,N/E,84.29086407,87.11565457,84.5965156,85.89830987,85.56329516,85.12966559,85.21318185,86.82138449,86.06195525,85.72160366,N/E,85.43244973,83.32897166,N/E,87.2580315,85.86706669,86.71335793,86.80512457,87.22691805,81.20974575,85.28354618,82.58350822,85.68339837,84.59641818,84.65698026,83.84127326,N/E,86.40847755,87.1359612,N/E
sep-14,85.59633992,85.16240194,86.35136784,85.51905708,N/E,85.53039668,N/E,85.06783763,86.46337269,87.45219999,88.39028213,85.65078788,N/E,86.79519087,86.23676899,84.48165498,86.18323003,86.40797303,84.29038587,N/E,85.65786446,86.19278627,86.8329189,87.08876579,84.39501033,N/E,84.77151076,87.31471715,85.04277925,85.70712176,85.80051978,85.10110489,85.58808259,87.35959006,86.21891861,85.97622527,N/E,85.8953369,83.54705515,N/E,87.53250889,86.22977491,87.09722908,87.34151964,87.76824864,81.26829739,85.55554725,82.70228518,85.88554123,85.08585434,84.93271344,84.00759938,N/E,86.65396051,87.57597249,N/E
oct-14,86.06962558,85.26064961,86.88660831,85.61341034,N/E,86.53856118,N/E,91.14050786,87.01822767,87.5275693,89.98119122,86.18613843,N/E,86.70421137,86.34924655,84.6620501,86.15800858,86.52061414,84.72494731,N/E,85.84643024,86.288443,87.05288829,87.40795785,85.08159519,N/E,84.94192186,87.92300799,85.16542787,86.06990903,87.37043305,84.97706984,87.50229064,88.50083582,86.3932385,86.11106926,N/E,86.0367333,83.74114945,N/E,87.86764427,86.39769538,88.40395779,87.42426929,88.78595015,81.69882415,86.04350523,82.64253235,85.83815243,85.27188437,86.02262544,84.32878087,N/E,88.198521,88.78543158,N/E
nov-14,86.76377787,85.60451646,87.12296807,85.92310209,N/E,86.73101549,N/E,90.96155211,87.77026252,88.89849737,89.91222571,86.90019158,N/E,87.27490094,86.75148418,84.86499462,86.60588042,94.2528548,85.00981033,N/E,86.18644257,86.45925858,90.21295588,96.27018172,85.45668734,N/E,85.1807887,91.25710796,85.28585994,87.86895779,87.33945786,93.02792421,87.85810274,88.75783093,86.65886881,86.17736128,N/E,86.44008514,84.08208662,N/E,88.17169243,86.72010269,88.44391173,87.54913261,88.71248386,81.87516791,86.50306748,82.44287047,86.25428535,85.52656834,86.48294667,84.48005162,N/E,88.31821301,88.93566074,N/E
dic-14,87.18898371,86.18007185,87.80764891,86.3606273,N/E,86.98342672,N/E,90.57683666,87.98043487,89.02384844,90.07053292,87.22957982,N/E,87.67490996,87.25577099,85.18432308,87.12559519,94.62669268,85.22273091,N/E,86.47448794,86.93298715,90.54769192,96.3233804,86.01318243,N/E,85.80198813,91.50613446,85.75428901,87.60960015,87.53890786,92.82555122,88.1978804,89.07263041,87.07768932,86.69941091,N/E,87.07860152,84.77123043,N/E,88.60539704,87.10967819,88.65386574,88.0655791,89.55077294,82.19754634,86.87295906,82.52739886,87.11246696,86.09056414,86.8352724,85.06147614,N/E,89.06076084,89.25975918,N/E
ene-15,87.11010277,86.1588093,87.658971,86.61172872,N/E,87.09149722,N/E,89.73645415,88.39925102,88.15194453,90.23981191,87.24699575,N/E,87.60047219,87.37048321,85.25851785,87.18903096,94.35570103,85.37606279,N/E,86.30076985,86.93070961,90.73578169,96.36813484,86.07316826,N/E,85.52598041,91.19683403,85.70330856,86.40527178,87.5751715,91.80389405,88.40327408,89.00467122,87.06636984,86.69865759,N/E,86.89478619,84.54733139,N/E,88.64330829,87.16863693,88.7854787,88.02568195,89.8283982,82.29673971,86.85502492,81.93642882,86.9147668,86.31498132,86.91799236,85.53392838,N/E,88.88922772,89.38253529,N/E
feb-15,87.27537713,86.30104846,87.70471805,86.72053934,N/E,87.21659252,N/E,89.54567313,88.60101647,88.30744331,90.31818182,87.52110735,N/E,87.84859809,87.44944096,85.35017021,87.22265956,94.61036788,85.47198605,N/E,86.17530679,87.36116489,91.14782581,96.31746943,86.70338089,N/E,85.64104431,91.23569486,86.12814564,86.53926016,87.66054214,91.7696212,88.36204264,89.29681764,87.25729163,86.77323611,N/E,87.07860152,84.882453,N/E,88.63496781,87.25371664,88.87008704,87.48263735,89.67141233,82.4124653,86.92900324,82.60974117,86.81998919,86.45302742,87.096453,85.50310069,N/E,89.06838454,89.58767053,N/E
mar-15,87.63071699,86.53713615,88.16142609,86.89326668,N/E,87.3231826,N/E,90.41443629,88.75004777,88.95482602,90.52821317,87.74372837,N/E,87.98018,87.5678776,85.6047601,87.29144534,94.91400913,86.30768113,N/E,86.21242604,87.4613767,91.23947972,96.15027359,87.45645607,N/E,86.190875,91.40144816,86.31655165,87.50146917,87.87887945,94.7970558,88.65371694,89.52334828,87.52594046,87.0888765,N/E,87.3360918,85.29753856,N/E,88.51516829,87.24177563,88.94686127,87.94736531,89.83845149,82.89878833,87.27722439,84.49122654,87.26499967,86.544566,87.16462037,85.73610066,N/E,89.34893649,89.84008602,N/E
abr-15,87.40384038,86.6111885,88.09890512,86.95033518,N/E,86.50821262,N/E,84.61611232,88.64228668,89.12777875,89.44905956,87.65437708,N/E,87.99371414,87.78314922,85.8528034,87.39233115,94.90666297,86.72625536,N/E,86.35644873,87.4575808,91.25701352,96.68732689,86.94621511,N/E,86.33069949,91.40462047,86.75690453,87.5547511,86.84989876,94.08222219,87.29460632,88.63597307,87.49424593,87.22146053,N/E,87.55413994,84.9827714,N/E,88.79116213,87.4828348,88.01146913,88.04636936,89.41080032,83.41886465,87.1606525,84.26606039,87.37606717,86.59697923,86.71578802,85.88378679,N/E,88.41503393,88.9623512,N/E
may-15,86.96736583,86.64051617,87.77638842,86.92979052,N/E,86.67475962,N/E,85.03709193,88.16920784,87.58786475,89.60893417,87.22503654,N/E,87.66438341,87.76527199,85.99319154,87.34876682,87.39970452,86.70881477,N/E,86.25696914,87.38621784,88.06028437,87.75163818,87.00041918,N/E,85.96875797,88.40202711,86.81010152,85.80976783,86.82421202,86.8547321,87.56795553,88.58754238,87.4648153,87.15366188,N/E,87.3539524,84.95369361,N/E,88.77296473,87.28431548,88.05847376,88.50370896,89.23448121,83.71162284,87.0679928,84.47592398,86.9740028,86.70180567,86.43775706,85.75402373,N/E,88.3433712,89.03784707,N/E
jun-15,87.11310776,86.78055576,87.83890939,86.90696312,N/E,86.73693716,N/E,85.56528731,87.93075777,87.82825318,89.71708464,87.30000076,N/E,87.94408896,87.6930182,86.15467427,87.61168135,87.58988842,86.56856333,N/E,86.34160103,87.65193098,88.23562229,88.09278525,86.99969646,N/E,86.10202818,88.63757128,86.9305336,86.33710225,87.0055302,87.19093238,87.55497526,88.61878798,87.47160699,87.20112094,N/E,87.54669802,84.90716913,N/E,88.77372296,87.28655442,88.04515578,88.50297012,89.11384182,84.22618843,87.48496148,84.70109012,87.39828067,86.86642749,86.51358369,85.92680217,N/E,88.30525273,89.04928584,N/E
jul-15,87.24081976,86.85387492,87.93192839,87.0363184,N/E,86.75618259,N/E,85.76079844,88.07367496,87.88616854,89.86285266,87.49914813,N/E,88.10875433,87.61480532,86.14449067,87.48633838,87.68702097,86.81854516,N/E,86.53536351,87.86753821,88.28344172,88.25575897,86.72506252,N/E,86.51858865,89.22206978,87.04136066,86.4977316,87.24275483,87.44797872,87.55421172,88.70002656,87.75836698,87.44745604,N/E,87.48790689,85.29753856,N/E,89.03606876,87.64329214,88.03967191,88.18674823,89.16101492,84.86267919,87.84439147,84.87306168,87.75443715,86.99192393,86.62694066,85.88306986,N/E,88.48136007,89.25518367,N/E
ago-15,87.42487529,87.03057409,88.12101619,87.10632243,N/E,87.14405205,N/E,85.98232516,88.11953074,88.13766403,90.23667712,87.608187,N/E,88.15386813,87.79134295,86.33579679,87.7102743,87.88210231,87.127389,N/E,86.90581362,87.95028887,88.54086968,88.01256502,87.1637541,N/E,86.62782653,89.06345417,87.12558923,86.50948497,87.22386752,87.46103504,87.70310305,88.94842913,88.00211297,87.55292062,N/E,87.725304,86.22148558,N/E,89.14828603,87.8559914,88.08040925,88.96991459,89.30408086,84.58438669,87.9788975,85.06689402,87.77516975,87.12037324,86.61391993,86.20711905,N/E,88.69101166,89.40312507,N/E
sep-15,87.75241902,87.40156903,88.36805026,87.23796045,N/E,87.56227007,N/E,86.05248843,88.76533303,88.25111467,90.37147335,87.78688959,N/E,88.5215456,88.06695022,86.71113503,88.01751744,88.19308971,87.42533246,N/E,87.3267459,88.52422924,88.87959067,88.20678241,87.46079239,N/E,86.9460729,89.38465077,87.5408213,85.93278641,87.43389441,87.8045795,88.07494961,89.19136371,88.16737728,87.82411523,N/E,88.01107357,86.59368139,N/E,89.21955917,87.99779091,88.48621589,89.37110264,89.76653185,85.09826343,88.09995292,85.78611403,88.11651722,87.40901507,86.77553021,86.79356203,N/E,88.93801936,89.67765551,N/E
oct-15,88.2039185,87.5518733,88.6806551,87.42590606,N/E,88.76436931,N/E,91.80824142,88.95716306,87.80286562,91.74059561,87.94363296,N/E,88.66741355,88.25168158,86.98245512,88.18489617,88.37592745,87.54523654,N/E,87.43810365,88.87345222,89.03500383,88.59015065,88.26301259,N/E,86.9599097,89.62019494,87.53638822,86.09263221,88.78622586,86.95347053,89.64708937,90.35213798,88.28434517,88.14050894,N/E,88.34893655,86.47809715,N/E,89.50540993,88.20750493,89.986447,89.47084552,90.68370054,85.61282901,88.371954,85.67826746,88.15428017,87.45921365,87.98339474,87.16851274,N/E,90.45208508,90.97862476,N/E
nov-15,88.68546788,87.70144439,88.80950929,87.43655885,N/E,88.57117479,N/E,91.31552185,88.96404142,89.15475303,92.03056426,88.33738443,N/E,88.98020256,88.49004462,86.94753993,88.25597481,95.81105679,87.56049706,N/E,87.36015323,88.7618527,92.08747768,97.51148416,88.36419352,N/E,86.67370644,92.45148345,87.42186692,88.23017795,88.68725635,94.73259021,89.63716328,90.3505757,88.30773875,88.4832688,N/E,88.47023978,86.73470871,N/E,89.53270603,88.23885008,89.83368195,89.4132163,90.42927516,85.6803356,88.34878907,85.40063542,88.33717133,87.49981545,87.99335177,86.79499588,N/E,90.50926279,90.88863978,N/E
dic-15,89.04681772,88.19561551,89.35008692,87.84516934,N/E,88.94572048,N/E,90.99387451,89.31178112,89.33484601,92.16065831,88.44490887,N/E,89.4884847,88.94591394,86.95917833,88.77339672,95.89757822,87.57285081,N/E,87.57470249,89.16194077,92.34171767,97.24886847,88.88816617,N/E,87.14779886,92.91543409,87.63465488,88.06641436,89.08993382,94.8378568,89.80972451,90.58960459,88.58317926,88.93375318,N/E,89.24866418,87.3976825,N/E,90.00962946,88.53439011,89.97077879,89.84765198,91.19564461,85.62040628,88.73213125,85.83639384,88.94804262,87.82832086,88.28670124,87.12908198,N/E,90.82259663,90.98167509,N/E
ene-16,89.38638139,88.46103087,90.05077922,88.2005159,N/E,89.39872832,N/E,91.59459822,89.70384806,90.41699062,92.50548589,88.7576384,N/E,89.50277074,89.15075718,87.67130263,88.74817527,96.00613812,88.03211976,N/E,88.15673232,89.73132606,92.34889059,97.34935486,89.1902635,N/E,87.93358337,93.13115131,87.85039824,89.2119759,89.03478287,95.60328366,90.06322155,90.7786405,88.72354073,89.39629066,N/E,89.40792118,87.3831436,N/E,90.76330495,88.99262643,90.2629909,90.21928658,91.95660075,85.43235219,88.96676954,86.74143057,89.33233619,88.08005197,88.61145365,87.36136502,N/E,91.06121827,91.39423334,N/E
feb-16,89.77778112,88.87821688,90.29552594,88.53912236,N/E,89.46978837,N/E,92.01794288,90.12342848,90.78590356,92.6645768,89.22256802,N/E,89.89977218,89.52319943,88.04445867,89.16700423,96.45915127,88.57132476,N/E,89.06021485,89.99324329,92.83585182,97.59845977,89.31529422,N/E,88.41568656,93.68313361,88.44664785,89.40786535,89.29844973,95.28748388,90.54043736,91.29184958,89.30988945,89.72473747,N/E,89.87006415,87.81785668,N/E,90.87248933,89.40384501,90.80511097,90.09959512,92.30614565,86.18250201,89.42932082,87.06569896,89.55299031,88.52519526,89.25023552,88.21880489,N/E,91.41419532,91.50785843,N/E
mar-16,89.9100006,89.0769118,90.38778249,88.46227011,N/E,89.56527532,N/E,91.91861061,90.19221216,90.9136347,92.61363636,89.53454033,N/E,90.22158395,89.54629085,88.30123076,89.61793322,96.61423686,88.61419955,N/E,88.79221387,90.3105807,92.98728003,97.63476998,89.556683,N/E,88.4120453,93.6728236,88.71854358,89.3475314,89.35813363,94.96025982,90.80538758,91.39964692,89.50307512,89.77370316,N/E,89.77555182,88.0366671,N/E,91.28572187,89.28443489,90.86465017,90.22445843,92.13755984,86.59718539,89.6759152,86.8427189,89.59519596,88.72894243,89.38427249,88.35502025,N/E,91.50491728,91.68782839,N/E
abr-16,89.62527796,88.92074199,90.08585196,88.46455285,N/E,88.81026226,N/E,86.23696264,89.97134014,91.45788046,91.69670846,89.61253341,N/E,90.03586547,89.74145059,88.2066688,89.66226183,96.61831806,88.58585859,N/E,88.73950453,90.48367383,92.72985208,97.53343917,89.02259226,N/E,88.54968503,93.60699812,88.91433807,89.72912406,88.65477018,96.19081814,89.19507055,90.26074458,89.65626533,90.00120531,N/E,89.77406343,87.79677527,N/E,91.33803938,89.49713416,89.77100911,90.19564382,91.5923626,86.94711754,89.32022149,87.46793751,89.80918602,88.66397957,88.3786123,88.43890024,N/E,90.21422581,90.63241137,N/E
may-16,89.22561452,88.9456705,90.08356461,88.49422847,N/E,89.07673746,N/E,86.7525444,89.47686194,89.88385193,92.0039185,89.63903591,N/E,89.71706129,89.98949713,88.19066601,89.73410475,89.39459486,88.44342708,N/E,88.62814678,90.53985317,89.91009946,89.11538202,89.07896449,N/E,88.52419619,90.48544305,88.87739571,87.77649797,88.96527757,88.0722341,89.18285383,90.24980862,89.66305701,90.08331701,N/E,89.92587852,88.03739405,N/E,91.34031406,89.38145561,89.62294453,90.43945976,91.5188963,86.82243699,89.44501319,87.42858808,89.84250628,88.71860743,88.10517689,88.58156791,N/E,90.41930319,90.79255412,N/E
jun-16,89.32402789,88.96106753,90.170484,88.61293096,N/E,89.2469855,N/E,87.59608032,89.13370782,90.08219222,91.98824451,89.41111439,N/E,89.91330632,90.12655588,88.32450755,89.80365482,89.40928718,88.4579609,N/E,88.95776572,90.55200006,89.91328743,89.2732892,88.98284261,N/E,88.57954339,90.59647398,88.82198218,88.34144316,89.07029102,88.75197885,89.36534115,90.31386211,89.66607554,90.20610791,N/E,89.93332043,88.06211018,N/E,91.46390471,89.34563258,89.62999522,90.58870467,92.0996667,87.12759435,89.80369593,87.94596013,89.85805573,88.81531352,88.36099601,88.48048177,N/E,90.45589693,90.57216719,N/E
jul-16,89.55691448,89.3811863,90.28561408,88.700436,N/E,89.64299725,N/E,87.14672006,88.68584967,90.17501547,92.03840125,89.67765385,N/E,90.15466514,90.24201298,88.6889348,89.89078347,89.57824884,88.94048398,N/E,88.9882035,90.69548515,90.23527161,89.50972776,88.76313545,N/E,88.91162655,90.88832668,89.01629897,88.24741622,88.96603306,89.30768854,89.26226254,90.50524145,89.89321964,90.25808687,N/E,89.90504115,88.35434204,N/E,91.60796743,89.41056182,89.78041004,90.62342997,92.01614712,88.2352536,89.97182846,88.18424274,89.60704316,88.95409783,88.53103147,88.66903251,N/E,90.53670809,91.00150229,N/E
ago-16,89.80933349,89.63633697,90.50215011,89.21633529,N/E,89.9213158,N/E,87.52039859,88.79819634,90.13693414,92.59717868,90.06989089,N/E,90.38324173,90.58019054,89.06063604,90.03217646,90.02146711,89.04149408,N/E,89.24358394,90.86326402,90.78360112,89.48439506,88.81733952,N/E,89.04780978,91.27693491,89.42414257,88.59061454,89.02042852,88.0763142,89.77994625,90.99189177,90.09395163,90.23548732,N/E,90.3872773,88.89373519,N/E,91.74520612,89.78595737,90.1956176,91.21671543,92.10044002,88.70848861,90.29240116,87.81698146,89.99651988,89.24421609,88.91705793,88.65899559,N/E,90.68460776,91.24019126,N/E
sep-16,90.35774385,90.21555833,91.24553966,89.90496192,N/E,90.42761867,N/E,88.41123558,89.26363254,90.62009108,92.73275862,90.45758464,N/E,90.83212403,90.89825623,89.6149146,90.70321994,90.43203578,89.22316692,N/E,89.8389767,91.34382521,91.13746493,90.10335743,89.64340951,N/E,89.83286604,91.55609837,89.95463479,89.40394756,89.73663534,88.42557081,90.32282695,91.63477011,90.85084707,90.93833336,N/E,91.17537619,89.27320045,N/E,92.28582044,90.51435907,90.76123998,91.76862606,92.7492634,89.07081993,90.65855645,88.17185496,90.62442152,89.62587294,89.35286954,89.23110012,N/E,91.08408935,91.70765559,N/E
oct-16,90.90615422,90.38272601,91.67708683,90.01377253,N/E,91.74296987,N/E,94.46656208,89.54106003,91.04691938,93.81504702,90.74002559,N/E,90.96069836,91.13736415,89.43961128,90.94549874,90.56181793,89.72676404,N/E,89.85605155,91.53513866,91.45068222,90.73836385,90.84384892,N/E,89.77023632,91.79164254,90.09797113,89.72363916,91.2272219,89.37949831,91.9201637,92.83460138,90.99950949,91.28109322,N/E,91.33612157,89.53199285,N/E,92.58531925,90.79571915,92.25442039,91.89866123,93.54501937,89.57023097,90.91038162,88.9603008,90.64219232,90.01269729,90.41137859,89.62540775,N/E,92.6820157,92.96515751,N/E
nov-16,91.61683394,90.61954689,92.0666992,90.34857443,N/E,91.91913958,N/E,95.22653275,90.31067293,92.79548736,94.07601881,91.55175939,N/E,91.70282036,91.19397537,89.66946958,91.18319181,97.99449854,89.73257757,N/E,89.77587397,91.72037868,94.58126116,99.32783895,91.24784991,N/E,90.15329716,94.6681365,90.52871899,92.26079939,91.7069596,98.11254549,91.76287337,93.10800044,91.28023243,91.49126904,N/E,91.83845089,89.86784141,N/E,92.62702162,90.83975163,92.47925921,92.22448799,93.85125782,89.47517066,91.34005365,89.21607205,90.91763974,89.98464514,90.72847175,89.89210309,N/E,92.95875581,93.20079614,N/E
dic-16,92.0390348,91.05212992,92.75595474,91.18557917,N/E,92.34846074,N/E,95.65381917,90.87775612,93.62058296,94.77272727,91.85237349,N/E,92.21486199,91.70347638,89.88623469,91.49654925,98.34793042,89.87718916,N/E,89.99784708,92.11894838,94.91998215,99.30926164,91.60487403,N/E,90.22102465,95.05595165,90.94395106,92.62593733,92.1360793,98.63398234,92.2775029,93.45951351,91.32626495,91.97791271,N/E,92.14580202,90.25675695,N/E,92.99703534,91.23231238,92.79105659,92.69512664,93.93400407,90.0469102,91.80260493,90.09487583,91.29008611,90.55823773,90.87935907,90.1889092,N/E,93.42151407,93.57064965,N/E
ene-17,93.60388244,92.20837305,93.54356644,93.29711386,N/E,93.79630932,N/E,99.09576103,93.16290267,96.12681085,96.02037618,93.5879088,N/E,93.55850132,92.97722888,91.47705781,93.25517231,99.94204697,91.73606569,N/E,91.60362581,93.66539884,96.51077531,100.7422482,92.91588974,N/E,92.73203947,96.95775273,93.35998109,95.91217884,93.73016832,101.2534069,94.52003543,95.11709291,93.3962193,93.50790231,N/E,93.08125084,91.73318213,N/E,94.10480184,92.81748164,94.2544674,93.60241747,94.67408032,91.81792507,93.00195034,92.42377871,92.29709818,92.8828749,93.67958272,91.31734595,N/E,94.50865289,94.99592017,N/E
feb-17,94.14478034,92.81105653,93.875995,93.74529185,N/E,94.38107434,N/E,99.97556111,93.90805915,95.9459245,96.32523511,94.44583267,N/E,94.04948984,93.5582388,92.27283308,93.93233008,100.6227911,92.51144539,N/E,92.3014677,94.24465347,96.70205305,100.8537121,93.08356099,N/E,93.08232895,97.73972766,93.79220664,96.87125361,94.23937022,101.907039,95.20340847,95.72169539,93.7312757,93.892848,N/E,93.55678926,92.47466597,N/E,94.11693344,93.06749657,94.79815428,93.56399799,94.7893064,92.66382404,93.35091875,92.80415646,92.84280986,93.28889283,94.43938083,92.005592,N/E,94.70381947,95.42449269,N/E
mar-17,94.72248933,93.57944131,94.5766873,94.02378615,N/E,94.79337069,N/E,100.0922371,94.08689671,96.04668137,96.84247649,94.87517321,N/E,94.61942751,94.15340152,92.90203381,94.59420212,101.1435521,93.2599375,N/E,93.22054031,94.85958959,97.1539467,101.3949875,94.27894136,N/E,93.77271238,98.27981379,94.28575651,95.77975757,94.7410172,102.192646,95.5867082,96.08101986,94.31837905,94.59192744,N/E,94.25632935,93.12528169,N/E,94.69621722,93.70484805,95.13815444,93.77087212,95.16746448,93.51385607,93.97039373,93.24501574,93.80169267,93.89791971,94.88744725,92.78058573,N/E,95.21308226,95.95525154,N/E
abr-17,94.83893263,94.06188137,94.83058343,94.61197221,N/E,94.15901167,N/E,93.8508597,94.4636784,96.44336195,96.20768025,95.28104011,N/E,95.0487605,94.57798568,93.61997731,95.226267,101.2227274,93.93939394,N/E,93.82706884,95.12758026,97.62098317,102.0857259,93.93492621,N/E,94.30943451,98.71442054,94.54509184,96.1488133,93.8918437,102.5215021,94.28715411,95.26629068,94.7787043,94.86010878,N/E,94.83754298,93.41387883,N/E,95.55149484,94.43026449,94.62423715,94.22303987,95.54175592,94.0628638,94.21848262,93.83234231,94.29557285,94.2714562,94.17973208,93.38710256,N/E,94.4636731,95.48092395,N/E
may-17,94.72549432,94.54872058,95.27661716,94.83644166,N/E,94.57352865,N/E,94.50361459,93.99671367,95.17239738,95.93181818,94.4844506,N/E,94.72845252,95.01523289,93.97494835,95.40893145,94.12470513,94.40738318,N/E,94.29105946,95.17085355,94.81079444,94.25538742,94.19221485,N/E,94.53009504,95.84665044,94.84654146,94.49237206,94.18497477,94.49757642,94.63533077,95.53500289,95.30241859,95.43865729,N/E,95.47010582,93.64213954,N/E,95.73498525,95.06612335,94.85847689,94.44099654,95.68482186,94.37077653,94.52635197,93.9591349,95.0760072,94.30172299,94.67911551,93.77997634,N/E,95.01639094,95.61513883,N/E
jun-17,94.96363964,94.74228316,95.29491598,95.01601723,N/E,95.1272049,N/E,94.59190994,94.14421644,95.66666138,95.88087774,94.72448756,N/E,95.12996534,95.28562596,94.53068172,95.69018886,94.31162407,94.46261173,N/E,94.51674449,95.56334981,95.07539531,94.57880159,94.10621106,N/E,94.87528675,95.90851052,95.14429684,94.73919278,94.61182799,94.99698073,94.71321239,95.8076208,95.39297438,95.73094481,N/E,95.68964234,93.70901848,N/E,96.05798904,95.19150397,95.13972126,94.72692615,95.8356211,94.63391449,94.77294635,94.29870584,95.24334891,94.60291447,94.98931534,93.76850557,N/E,95.32743768,96.05362495,N/E
jul-17,95.32273574,95.10008065,95.59303425,95.63159617,N/E,95.56244772,N/E,94.82920369,94.9230005,95.87214192,96.28291536,95.03873151,N/E,95.73073077,95.63721145,95.20789083,95.84992472,94.89768433,94.91679384,N/E,95.20938969,95.92775639,95.72414563,94.73586435,94.48058049,N/E,95.63339766,96.39863273,95.57726124,94.7258723,94.89589314,95.13733618,94.58417323,96.23177991,95.85329963,95.77463728,N/E,95.72685192,94.13718905,N/E,96.53794536,95.32658666,95.4859887,95.25445518,96.26868557,94.85847724,95.39092682,94.51075551,95.48917832,95.27247494,95.1233523,94.00365631,N/E,95.72691927,96.38001113,N/E
ago-17,95.79376765,95.50260283,95.91021379,95.84617375,N/E,95.95327802,N/E,95.40627685,95.62000841,96.67978357,97.65438871,95.6710055,N/E,96.00066167,96.08265238,95.77817219,96.28938941,95.91716797,95.39786353,N/E,95.45808866,96.29671806,96.19357307,95.732284,95.30665048,N/E,96.20798893,96.79834405,95.99249331,95.29943662,95.27137288,95.39111844,95.47217641,96.52392632,96.32494435,96.1610896,N/E,96.36164734,94.77980838,N/E,96.79953293,95.73705893,95.97405344,96.48387859,97.44646627,94.85503303,95.47760848,94.55739186,96.40289368,95.88371647,95.73685863,94.91629924,N/E,96.07074788,96.72546194,N/E
sep-17,96.09351524,95.70716328,96.09167709,96.21065127,N/E,96.16127671,N/E,96.11185129,96.74958921,97.02013551,98.04388715,96.29267849,N/E,96.24728377,96.10350915,96.28371498,96.38874665,96.16693739,95.78373665,N/E,96.14776431,96.57989235,96.85507524,96.10636357,95.47576717,N/E,96.75563485,97.23215773,96.32275797,95.77975757,95.56223747,95.5845152,96.0822491,96.97073849,96.58604686,96.30874,N/E,96.81113906,95.04877801,N/E,96.83668595,96.21395307,96.51225646,96.72178385,97.55627905,95.16087924,95.56802642,94.77891454,95.9341888,96.18638437,95.92680816,95.51851454,N/E,96.29031028,96.78341836,N/E
oct-17,96.69826913,96.13168121,96.77407057,96.23271775,N/E,97.48254958,N/E,101.7044156,96.6525278,97.31526586,99.51959248,96.50469852,N/E,96.28337481,96.22418044,96.76743577,96.47969673,96.51547183,96.07150643,N/E,96.39794805,96.7674099,97.03041316,96.82496791,96.41313618,N/E,96.98794742,97.40822105,96.45648929,96.13235859,96.79973407,95.91010723,97.99416651,98.28149167,96.80715391,96.71176533,N/E,96.73299894,95.25232259,N/E,97.21883127,96.46322168,97.93649674,96.69814109,98.36363496,95.21460898,95.84600554,95.56007345,96.37475658,96.31852475,97.14922527,96.06552676,N/E,97.65495159,98.09353862,N/E
nov-17,97.69517399,96.82234768,97.66766294,96.76383531,N/E,97.83044775,N/E,102.1269719,97.59715694,99.26217413,99.91144201,97.75637385,N/E,96.98564629,96.91170884,97.26279496,97.13010448,104.0640585,96.58963738,N/E,97.06906408,97.20469781,100.1251275,105.6855029,97.17994305,N/E,97.30255253,100.6638063,97.01949079,98.66481747,97.22885377,104.3754998,98.27286055,98.39085129,97.20031695,97.05301855,N/E,97.51588849,95.83751327,N/E,97.94141955,96.82592991,98.06967653,97.39116943,98.78045951,95.63962499,96.46697503,96.43814854,97.38547089,96.64703016,97.59805761,96.55948668,N/E,98.3708165,98.67920356,N/E
dic-17,98.27288299,97.50934819,98.2372137,97.54301063,N/E,98.48257178,N/E,102.4951319,98.04042952,99.97937261,100.1778997,97.97142273,N/E,97.67363174,97.82195771,97.54138904,97.74764791,104.3693322,96.95080299,N/E,97.61768658,97.78698917,100.5116679,105.8028778,97.36351416,N/E,97.85820923,100.8961782,97.38891434,99.20155458,98.10069203,104.7712696,98.44313115,98.68065428,97.9956986,97.81688337,N/E,98.30101061,96.4866751,N/E,98.41834298,97.2378948,98.54285647,97.95711795,99.3875231,96.39666325,96.87273488,97.08741401,98.11037148,97.37933886,98.39998162,96.9315697,N/E,99.32530304,99.16725767,N/E
ene-18,98.7949997,97.98005719,98.52846991,98.02542973,N/E,99.17910834,N/E,103.2755997,98.76647942,100.3038573,100.9420063,98.39621999,N/E,98.15634939,98.61376993,98.43390846,98.29181984,105.3292304,97.68258121,N/E,98.00001485,98.14000805,101.3413351,106.638857,97.69957938,N/E,98.5340276,101.2538563,98.2275058,99.95768788,98.502614,105.0258678,99.38763667,99.11887391,98.42583858,98.45268407,N/E,98.45952342,97.0333377,N/E,98.6450522,98.17302526,98.94474606,98.76688241,99.18104415,97.51327745,97.38684681,96.97082313,98.57389321,97.99722431,99.19348044,98.53389253,N/E,99.74003202,99.61336963,N/E
feb-18,99.17137448,98.35911724,98.66723596,98.63187771,N/E,99.52626631,N/E,103.5625596,99.71187283,100.6188217,101.1653605,99.0035059,N/E,98.48568013,98.76200195,98.71613954,98.35907705,105.5953246,98.13094979,N/E,98.44544584,98.50365545,101.5150791,106.6743228,97.91639565,N/E,98.50999527,101.5258821,98.51196193,100.5939368,98.87733825,105.6109543,99.94502474,99.42586199,98.51865827,98.44665753,N/E,98.58454761,97.75592097,N/E,98.49416546,98.80067467,99.49705046,98.54892573,99.40917633,98.90542877,97.76570545,97.90646496,98.58574041,98.48592225,99.60018689,98.98483708,N/E,99.74079439,99.66217504,N/E
mar-18,99.49215698,98.72644622,99.20857605,98.89134918,N/E,99.88822846,N/E,103.7241716,99.80205587,100.9948749,101.0117555,99.46086338,N/E,98.68192516,99.0867716,98.14513079,98.66708448,106.0042608,98.50374246,N/E,98.73571837,98.87185794,101.7788829,106.8752955,98.28353786,N/E,98.66365656,101.7479439,98.62869978,101.0131403,99.39485056,106.0752697,100.0939161,99.8172132,98.68467721,98.76455788,N/E,98.66045515,98.13902095,N/E,99.07420747,99.08875157,99.74539159,99.14073352,99.37514983,99.14996797,98.48456543,98.31088959,98.62646517,98.90301339,99.79090234,98.86582787,N/E,100.3514523,100.2211495,N/E
abr-18,99.15484705,98.60400323,98.83040044,98.96896234,N/E,98.87266187,N/E,98.31686993,99.52692117,101.0099487,99.75470219,99.34122351,N/E,98.66087205,99.06591483,98.16768018,98.74657026,106.0475215,98.5342635,N/E,98.46771739,98.76633187,101.8482211,107.1750659,98.07250336,N/E,98.63161344,101.4346781,98.96930829,101.2928704,98.20872745,106.2213373,98.7829088,98.90874721,98.64241784,98.83160321,N/E,98.6381294,98.28295605,N/E,98.53283493,98.99844767,98.87502252,99.20870645,98.48891432,99.33664437,98.06012419,98.23874898,99.06184979,98.73986801,98.73852069,98.63641252,N/E,98.9296333,99.11463934,N/E
may-18,98.99408017,99.02778796,99.06371039,99.09223031,N/E,99.15468145,N/E,98.84033521,98.86277657,99.37641813,99.54545455,99.0035059,N/E,98.62102153,99.23127919,98.48555384,99.17762781,98.99031123,98.75590437,N/E,98.33631525,99.20058305,99.01890462,98.92673782,98.73957475,N/E,98.96952263,98.64304352,99.18579049,99.23368045,98.64615757,98.72619261,99.26623297,98.89859239,98.81070068,98.93857442,N/E,99.19031956,98.30767218,N/E,99.01885705,99.14248612,99.11866319,99.47247096,98.73947305,99.24296175,98.21256436,98.75903579,99.40615906,99.12152486,98.74388217,98.97551708,N/E,99.21094763,99.27783243,N/E
jun-18,99.37646493,99.47283525,99.35115435,99.33420077,N/E,99.40931331,N/E,99.54039118,99.11880469,99.57158498,99.47805643,99.38665637,N/E,99.04133176,99.38547028,99.08711339,99.55442101,99.15437545,99.1577647,N/E,99.11878902,99.55587947,99.2819115,99.14882118,98.81690589,N/E,99.25135637,99.10223569,99.32838798,99.71321784,99.31023541,99.2615018,99.26699652,99.2626037,99.28159076,99.37851235,N/E,99.48129847,98.943749,N/E,99.6216458,99.21935638,99.28004575,99.82785117,99.44629614,99.38624105,98.86043505,99.3944561,99.37357926,99.37620883,99.46768177,99.29526472,N/E,99.31615461,99.56532681,N/E
jul-18,99.9090991,99.94721021,99.92909207,99.91629953,100,99.883047,100,99.941662,99.85326149,99.9896863,99.89420063,99.90761985,100,99.91578757,99.87187987,99.79705549,99.90752134,99.80328618,99.89099629,100,99.88196079,99.97191033,99.94181969,99.81591569,99.68995273,100,99.87546881,99.80410973,99.84927519,99.9498523,99.96146989,100.0081602,99.79307923,99.86330047,99.91925442,99.89302879,100,99.9114412,99.82262543,100,99.92948509,99.85521524,99.89972346,99.91651151,99.94354695,99.96900207,99.91630736,99.89652559,99.9392831,99.8309489,99.81311418,99.79567695,100,99.82846688,99.92526671,100
ago-18,100.492,100.519,100.694,100.592,100.374,100.462,100.287,100.668,100.593,100.472,100.683,100.319,100.688,100.206,100.547,100.805,100.458,100.605,100.339,100.238,100.847,100.447,100.465,100.405,100.466,100.477,100.3,100.461,100.15,100.737,100.352,100.314,100.454,100.479,100.555,100.445,100.517,100.796,100.379,100.539,100.329,100.754,100.512,100.88,100.226,100.401,100.311,100.445,100.687,100.18,100.494,100.116,100.661,100.249,100.25,100.348
sep-18,100.917,100.831,100.921,101.035,100.926,100.815,100.587,101.047,100.874,101.098,101.059,100.543,100.824,100.703,100.997,101.114,100.79,101.163,100.844,100.721,101.538,101.093,100.638,101.147,101.179,100.851,100.969,101.037,100.732,101.644,100.98,100.946,101.18,100.836,100.809,100.983,100.877,101.016,101.027,100.875,100.44,101.236,100.946,101.137,101.511,100.754,100.749,101.257,100.964,100.549,100.576,100.38,101.051,100.552,100.644,101.059
oct-18,101.44,101.157,101.488,101.079,100.955,102.353,102.096,105.024,101.082,101.583,102.714,100.945,101.716,100.967,101.304,101.341,101.092,101.356,101.127,101.02,102.038,101.292,100.997,101.315,101.86,100.991,101.435,101.44,101.164,101.825,102.05,101.269,103.282,102.243,101.015,101.514,101.128,101.363,101.226,101.021,101.122,101.26,102.854,101.464,102.923,101.024,100.959,101.779,101.236,100.624,101.781,100.764,101.402,102.053,102.133,101.459
nov-18,102.303,101.688,102.145,101.578,101.703,102.711,102.391,104.978,102.422,103.947,103.074,102.58,102,101.89,101.844,101.47,101.765,105.153,101.641,105.213,102.648,101.621,105.562,105.024,101.929,101.7,101.687,104.408,101.561,104.393,102.59,107.235,103.022,102.704,101.117,101.97,101.731,102.468,101.983,101.678,101.847,101.82,102.714,102.118,103.463,101.451,101.407,102.566,102.272,100.964,102.35,101.744,101.79,102.511,102.204,101.817
dic-18,103.02,102.585,103.068,102.116,102.979,103.161,103.242,105.002,102.81,104.189,103.936,103.051,102.614,102.444,102.574,102.673,102.792,105.335,102.054,105.356,103.37,102.073,106.389,105.4,102.393,102.937,102.677,104.899,102.169,104.546,103.207,107.676,103.293,103.31,101.506,102.785,102.34,103.483,102.859,102.292,102.834,102.315,103.201,103.273,104.581,102.484,101.906,103.168,102.915,102.276,102.929,102.543,102.295,103.351,102.498,101.982
ene-19,103.108,102.653,104.669,102.634,103.53,103.675,103.42,104.811,103.718,102.826,104.037,103.174,102.823,102.455,102.653,102.836,102.687,105.562,102.636,105.216,103.694,102.078,106.252,106.207,102.932,103.207,103.148,104.974,102.434,103.565,103.322,106.065,103.525,103.548,101.889,103.102,102.528,103.41,103.735,102.395,103.574,102.938,103.436,102.816,104.438,102.502,102.258,101.579,102.863,102.327,104.156,102.795,102.075,103.307,102.936,102.082
feb-19,103.079,102.513,104.136,102.657,102.47,103.918,104.057,104.324,104.221,102.716,104.306,103.564,102.658,102.561,102.327,102.877,102.549,105.678,102.951,105.416,103.216,102.468,106.111,106.403,102.463,102.543,103.245,105.31,102.357,103.939,103.576,106.258,103.621,103.791,101.599,102.847,102.366,103.073,103.271,102.67,103.225,103.167,103.507,102.133,104.806,102.6,102.606,101.428,102.318,102.42,104.194,102.813,102.103,103.273,103.063,102.204
mar-19,103.476,102.859,103.991,102.931,103.017,104.504,104.421,104.934,104.412,103.123,104.75,104.2,102.953,103.201,103.054,102.956,102.912,106.238,103.197,105.804,103.313,103.275,106.577,106.785,102.551,102.681,103.576,106.251,102.754,104.159,104.221,106.794,103.984,104.09,102.131,102.978,102.813,103.587,103.556,103.113,103.295,103.424,103.529,102.446,105.477,103.157,102.86,102.218,102.824,102.461,104.429,103.056,102.496,103.412,103.551,102.455
abr-19,103.531,103.291,104.21,102.781,103.295,103.794,103.973,102.026,104.733,103.37,103.88,104.539,102.245,103.339,103.3,103.055,103.523,106.521,103.361,105.969,103.427,103.646,106.768,106.726,102.375,102.98,103.568,106.562,102.919,104.242,103.484,106.913,102.521,102.993,102.067,103.374,103.171,103.751,103.993,103.546,103.818,103.565,101.744,102.902,104.514,103.795,102.909,102.656,102.912,102.758,103.569,103.469,102.887,102.399,102.766,102.443
may-19,103.233,103.523,104.575,102.989,104.115,104.01,103.888,101.822,103.604,101.501,104.073,103.399,102.249,102.983,103.424,102.799,103.493,102.91,103.47,101.842,103.471,103.827,102.338,103.074,102.653,102.866,103.415,103.864,103.132,102.458,103.596,101.684,102.737,102.945,102.363,103.278,103.213,104.078,104.194,103.394,104.301,103.468,101.941,102.994,104.989,103.796,102.957,102.418,102.904,102.727,103.552,103.597,102.772,102.529,102.62,102.472
jun-19,103.299,103.741,104.452,103.079,103.911,103.929,104.137,101.594,103.244,101.84,103.978,103.302,102.409,103.132,103.662,102.377,103.624,102.812,103.486,102.025,103.088,103.893,102.404,103.341,102.79,102.549,103.585,104.139,103.171,102.471,103.689,101.582,102.932,102.998,102.176,103.473,103.297,104.303,104.471,103.27,104.212,103.537,101.736,102.867,105.35,104.041,102.758,102.677,102.941,102.423,103.481,103.863,102.758,102.403,102.375,102.261
jul-19,103.687,104.079,105.02,103.796,104.272,104.288,104.715,101.907,103.733,102.018,104.368,103.571,102.671,103.659,103.815,102.445,103.761,103.213,103.908,102.426,103.743,103.993,102.909,104.062,103.433,103.323,104.198,104.524,103.747,102.911,104.084,101.735,103.117,103.762,102.718,104.338,103.399,104.629,104.585,103.788,104.644,104.16,102.381,103.125,106.702,104.145,103.095,102.851,103.254,102.503,104.118,103.65,102.837,102.769,103.551,102.781
ago-19,103.67,103.817,104.465,103.945,103.256,104.315,104.555,101.906,103.596,102.26,104.628,103.735,102.994,103.688,103.873,102.779,103.475,103.514,104.086,102.943,103.655,104.003,103.157,104.283,103.354,102.958,104.419,104.472,104.115,103.166,104.136,101.978,103.354,103.814,102.853,104.069,103.023,104.355,104.913,103.7,104.441,103.969,102.57,103.7,106.785,104.134,103.188,102.964,103.014,102.386,104.195,103.016,103.16,102.793,103.973,103.029
sep-19,103.942,104.134,104.682,104.22,103.465,104.455,105.008,102.463,104.016,102.713,104.826,104.211,103.15,103.947,104.002,103.521,103.668,103.915,104.578,102.897,104.183,104.124,103.385,104.175,103.271,103.045,104.562,104.511,104.624,103.437,104.4,101.921,103.536,104.038,102.998,104.038,103.521,104.743,105.326,104.116,104.339,104.299,102.765,103.73,106.68,104.356,103.563,103.281,103.421,102.674,104.623,103.236,103.375,103.205,103.951,103.59
oct-19,104.503,104.372,105.188,104.73,103.337,106.137,106.201,105.961,104.087,102.915,106.383,104.561,104.503,104.201,104.425,103.852,104.099,104.178,105.12,103.038,104.624,104.543,103.559,104.496,103.966,103.661,104.609,104.974,104.64,103.929,105.715,101.952,105.172,105.636,103.314,104.363,104.057,105.642,105.907,104.384,105.067,104.532,104.882,104.258,107.525,104.863,103.936,103.36,103.745,102.91,105.872,103.485,103.647,104.72,105.79,104.207
nov-19,105.346,104.952,105.69,105.094,104.2,106.687,106.645,106.22,105.411,105.09,106.262,105.732,105,104.907,105.104,104.304,104.53,108.222,105.38,107.463,105.031,105.06,108.334,108.261,104.273,105,104.87,107.845,104.49,106.423,106.314,107.198,105.426,105.892,104.013,104.898,104.513,106.54,106.387,104.695,105.843,104.906,105.132,104.809,107.686,104.716,104.246,103.534,104.65,103.402,106.675,103.771,104.137,104.968,106.087,104.593
dic-19,105.934,105.659,106.096,105.857,104.932,107.064,107.433,106.61,105.967,105.812,106.686,106.133,105.838,105.363,105.757,104.559,105.258,108.512,105.749,107.694,105.53,105.764,108.778,108.537,104.701,105.457,105.503,108.636,105.041,106.839,107.071,107.845,106.098,106.301,104.513,105.743,104.883,107.147,107.145,105.025,106.458,105.374,105.434,105.233,108.023,105.371,104.781,103.97,105.252,104.166,106.981,104.22,104.759,105.633,107.01,105.23
ene-20,106.447,106.06,107.123,107.019,105.899,107.495,107.81,107.081,106.838,106.128,107.121,106.613,105.996,105.85,106.325,105.5,105.812,109.17,106.323,107.666,106.09,105.805,109.456,109.081,105.63,105.858,106.191,108.922,105.585,107.456,107.215,108.534,106.626,106.793,104.64,106.219,105.479,107.868,107.59,105.537,106.602,106.411,105.96,106.017,108.527,106.336,105.035,104.15,105.719,105.386,108.105,105.038,105.053,106.303,106.912,105.545
feb-20,106.889,106.725,107.528,107.335,106.621,107.678,107.864,107.554,107.127,106.141,107.199,106.948,106.272,106.048,106.519,106.127,106.288,109.432,106.615,108.166,106.949,106.062,109.32,109.378,106.289,106.51,106.662,109.003,105.975,107.693,107.432,109.004,107.142,107.171,104.788,106.537,106.192,108.635,108.32,105.794,107.38,106.831,106.173,105.345,109.518,106.928,105.323,104.515,106.749,105.88,108.236,106.073,105.077,106.588,107.286,105.825
mar-20,106.838,106.702,107.509,107.466,106.523,107.995,107.883,107.655,106.92,105.358,107.163,106.32,105.972,105.443,106.54,105.55,106.137,109.164,106.615,107.882,107.144,106.184,109.037,109.152,106.453,106.32,106.633,108.843,105.51,107.329,107.935,108.624,106.206,107.193,104.502,106.848,105.518,108.474,108.487,105.685,107.655,106.591,106.057,106.111,110.949,106.525,105.507,105.125,106.299,105.78,108.122,106.511,105.753,106.538,107.495,105.845
abr-20,105.755,105.869,107.965,106.098,105.019,105.766,106.642,104.15,106.423,105.04,105.822,105.36,104.932,104.36,106.059,104.024,105.58,108.115,105.936,107.003,106.119,105.511,108.291,107.613,105.688,106.273,106.491,106.857,104.613,106.561,105.885,107.052,103.146,104.643,103.671,106.19,104.364,107.132,107.205,104.365,107.057,105.194,103.551,106.433,109.348,105.398,104.247,104.141,105.866,104.703,106.725,106.189,105.436,104.684,106.585,104.611
may-20,106.162,106.604,108.764,106.622,106.538,106.423,106.915,104.512,105.926,104.616,105.968,104.834,105.585,104.873,107.379,104.726,106.526,105.491,106.66,103.662,105.698,106.585,104.284,105.095,107.195,107.557,107.624,104.972,105.148,105.428,106.537,103.041,103.841,105.761,104.834,107.456,104.839,107.396,107.73,105.121,107.326,106.145,104.65,106.82,109.838,105.343,104.8,105.052,106.344,105.907,107.824,106.755,105.436,105.492,107.575,104.752
jun-20,106.743,106.896,108.896,107.533,106.398,107.259,107.622,104.865,106.768,105.03,106.957,105.723,106.239,106.054,107.62,105.862,107.116,106.214,107.607,104.754,106.409,107.052,105.245,105.658,107.453,107.343,108.033,106.176,106.093,106.33,107.99,104.289,104.364,105.644,105.575,107.668,105.995,107.663,107.993,105.9,108.642,107.559,105.524,108.007,110.328,106.157,105.538,106.201,106.46,106.518,107.828,107.705,107.112,106.365,108.042,105.414
jul-20,107.444,107.501,109.214,108.613,106.716,108.287,108.232,105.482,107.846,106.174,107.759,106.767,106.51,106.675,108.432,106.716,107.569,107.008,108.467,105.765,107.213,107.417,106.437,106.134,107.876,107.341,108.641,107.067,106.378,107.211,108.505,105.342,105.112,106.695,106.213,108.135,106.859,108.37,108.634,107.065,109.333,108.13,106.255,108.628,110.343,106.851,106.445,107.413,107.013,106.859,108.597,108.528,108.579,106.73,109.024,106.437
ago-20,107.867,107.828,109.642,108.895,106.898,108.471,108.685,106.061,108.201,107.132,108.045,107.52,107.128,107.317,109.009,107.593,107.448,107.394,108.942,105.749,107.683,107.944,106.622,106.972,107.922,107.673,109.371,107.59,106.732,107.491,108.87,105.639,105.834,107.113,106.825,108.436,107.173,109.516,109.495,107.283,109.399,108.292,106.383,109.358,110.301,107.614,106.769,108.103,107.622,107.002,109.007,108.576,108.423,106.997,109.099,107.312
sep-20,108.114,108.142,109.755,108.975,107.271,108.418,108.869,106.737,108.466,107.365,108.587,107.842,107.142,107.667,108.977,107.651,107.685,107.705,109.287,106.256,108.079,108.401,107.464,107.553,108.137,108.238,109.289,107.973,106.95,107.552,109.036,105.768,106.962,107.219,107.09,108.251,107.258,109.718,109.891,108.064,109.788,108.908,106.449,109.615,110.499,107.6,106.875,108.199,107.259,107.129,109.692,109.341,108.708,107.318,109.022,107.349
oct-20,108.774,108.553,110.443,109.161,107.499,110.311,109.872,110.513,108.936,107.601,109.95,108.497,109.132,107.814,109.807,107.705,108.294,107.748,109.666,106.871,109.056,108.885,107.856,107.92,109.398,108.901,109.443,108.449,107.069,107.836,110.352,105.932,108.943,108.939,107.047,109.246,107.751,110.226,110.043,108.294,110.709,109.523,108.247,110.021,111.37,108.534,107.446,108.292,108.362,107.422,111.03,109.251,109.747,108.883,110.843,107.85
nov-20,108.856,108.217,110.515,108.77,107.312,109.889,109.928,109.983,109.364,109.152,109.584,109.566,108.524,108.342,109.575,107.599,107.903,110.922,109.172,110.988,109.011,108.789,111.968,111.219,109.041,108.285,108.833,110.974,106.839,110.048,110.22,110.829,109.081,108.511,106.633,108.993,107.119,109.628,109.512,107.813,110.7,109.264,108.106,110.461,111.141,108.35,107.061,107.444,107.995,107.16,110.767,108.794,109.619,108.625,110.335,107.624
dic-20,109.271,108.655,110.618,109.253,107.545,110.111,109.554,110.231,109.936,109.272,110.268,109.787,109.051,108.785,109.902,108.242,108.561,111.646,109.484,110.902,109.052,109.301,112.569,111.186,109.352,108.384,109.777,111.553,106.948,110.079,110.547,111.139,109.441,108.916,106.882,108.954,107.773,109.955,110.16,108.376,110.958,109.752,108.796,111.099,111.966,109.097,107.727,107.794,108.071,107.544,111.413,108.87,109.647,109.161,110.667,107.958
ene-21,110.21,109.47,111.126,110.386,109.569,110.602,109.963,111.023,110.923,110.229,110.882,110.884,109.964,109.88,110.82,108.758,109.296,113.048,110.309,112.128,109.743,110.257,113.622,112.019,110.378,109.805,111.011,112.274,108.171,111.323,111.117,112.297,110.267,109.409,108.063,109.812,109.234,111.131,111.198,108.872,112.031,110.96,109.859,110.559,113.45,110.817,108.689,109.287,109.105,108.86,112.104,109.788,110.565,109.699,111.452,108.786
feb-21,110.907,110.016,111.801,111.106,110.114,111.411,110.508,112.343,112.137,111.207,111.425,111.827,110.079,110.431,111.487,108.833,109.648,113.956,110.879,112.817,111.063,110.926,114.383,112.719,111.619,110.326,111.8,113.062,109.209,112.052,111.93,113.448,111.29,110.121,108.914,110.363,109.918,111.796,112.275,109.86,112.435,111.744,110.11,110.808,114.475,111.424,109.297,110.611,109.838,109.344,113.54,110.451,111.357,110.382,112.254,109.967
mar-21,111.824,111.007,113.22,111.932,111.03,112.498,111.451,113.314,112.839,111.833,111.865,112.544,110.469,110.992,112.406,109.246,110.66,115.057,112.101,113.947,112.388,111.779,115.115,113.167,111.859,111.272,112.343,113.645,110.219,113.13,112.973,114.117,112.448,110.858,109.751,111.542,110.822,112.979,113.18,110.975,113.06,112.395,111.243,112.251,115.358,112.164,109.865,111.671,111.238,110.286,114.834,111.528,112.626,110.916,113.386,111.249
abr-21,112.19,111.581,114.304,112.39,111.847,111.695,110.704,110.622,113.714,112.682,111.062,113.508,109.753,111.627,113.473,109.814,111.705,115.51,113.008,114.242,113.556,112.428,115.655,113.874,112.845,112.502,113.056,114.19,110.748,113.735,112.314,114.776,111.669,109.941,110.224,112.541,111.422,113.804,113.776,111.703,113.648,112.848,110.084,112.508,114.889,112.512,110.283,112.204,112.421,110.912,114.352,111.645,113.133,109.815,111.937,111.808
may-21,112.419,112.349,114.9,112.817,112.45,112.563,111.531,111.101,113.145,111.423,111.307,112.893,110.484,112.29,113.952,110.559,111.864,112.188,113.666,110.244,114.226,113.355,111.092,111.1,113.503,113.242,114.115,111.746,111.195,112.141,112.911,110.188,111.503,110.548,110.694,112.844,112.267,114.446,114.052,112.512,114.833,113.435,110.513,112.774,115.224,113.346,111.02,113.024,113.166,111.595,114.562,111.947,113.581,110.643,112.182,112.468
jun-21,113.018,112.811,115.3,113.52,112.532,113.407,111.996,112.048,113.725,111.52,112.391,113.322,110.729,113.231,114.557,111.484,112.552,113.038,114.363,110.622,114.865,114.016,111.7,111.774,113.753,113.807,114.682,112.189,111.431,113.043,113.803,111.063,111.938,111.242,111.5,113.837,113.15,115.024,114.578,113.511,115.106,113.749,111.66,113.508,115.467,113.902,111.494,113.793,113.729,112.412,115.027,112.495,114.113,111.527,112.203,113.302
jul-21,113.682,113.166,116.217,114.491,113.237,113.953,112.635,112.981,114.623,112.054,112.564,114.257,111.145,113.762,115.651,112.449,113.238,114.117,115.375,111.346,115.697,114.381,112.441,112.492,114.986,114.636,115.018,112.654,112.01,113.704,114.377,111.778,112.606,111.922,112.356,115.094,113.796,116.027,115.087,114.441,115.751,114.738,112.244,114.252,115.965,114.825,112.282,114.455,114.341,113.04,116.073,113.177,115.199,111.797,112.959,114.104
ago-21,113.899,113.038,116.948,114.84,112.956,114.036,112.764,113.116,115.326,112.472,112.534,114.162,111.675,113.999,115.921,112.907,113.818,114.379,115.672,111.729,116.611,114.886,112.7,112.855,115.592,114.765,115.239,112.835,112.401,114.13,114.54,111.907,113.213,112.637,112.841,115.632,113.777,115.654,115.763,114.234,116.014,115.273,112.624,115.642,116.77,114.941,112.522,114.282,114.369,112.791,116.564,113.866,115.617,112.127,113.257,114.353
sep-21,114.601,113.659,117.296,115.389,113.55,114.891,113.086,113.818,116.756,113.583,112.962,114.977,112.605,114.523,116.643,114.05,114.922,115.091,116.396,112.666,117.704,115.61,113.517,113.763,116.094,115.255,115.636,113.56,113.198,114.877,115.197,112.759,113.919,113.369,113.326,116.369,114.194,115.903,116.401,115.138,116.338,116.105,113.366,116.291,117.873,115.378,113.303,115.54,115.135,113.61,117.276,114.651,116.492,113.063,113.684,115.222
oct-21,115.561,114.073,118.217,116.008,114.028,116.903,114.82,118.364,117.942,114.431,114.998,116.096,114.373,115.069,117.188,114.783,115.93,115.611,117.556,113.649,118.768,116.289,114.427,114.787,117.232,116.058,116.5,114.298,114.346,115.628,116.93,113.509,116.561,115.927,113.848,117.158,114.868,116.29,117.023,116.179,117.079,116.56,115.674,117.143,119.807,116.323,113.967,116.574,115.995,114.108,119.709,114.821,117.481,114.959,116.467,116.096
nov-21,116.884,115.219,119.789,116.933,116.088,117.714,115.384,118.924,119.478,117.025,115.385,117.872,115.263,116.203,118.405,115.317,117.031,120.298,118.52,118.5,119.946,116.854,119.705,119.019,118.182,116.797,116.872,118.103,115.306,118.81,117.349,119.489,117.276,116.693,114.515,117.658,116.237,117.884,117.643,117.103,118.567,117.001,116.163,117.845,120.441,117.282,114.931,117.513,117.626,115.222,120.206,116.74,118.134,115.992,117.29,117.392
dic-21,117.308,115.706,119.76,117.335,115.325,118.879,115.884,119.537,119.481,118.224,115.871,118.5,115.698,116.874,118.349,116.066,117.068,121.07,118.871,119.119,119.765,117.234,120.227,119.401,118.558,116.7,117.864,118.809,115.459,119.283,118.324,120.147,117.857,117.247,115.188,118.259,115.91,117.688,117.901,117.627,118.686,117.482,116.679,119.185,120.968,118.192,115.645,118.261,117.682,114.518,120.495,116.148,117.81,116.95,117.868,117.631
ene-22,118.002,116.337,120.662,117.973,116.538,120.044,116.21,120.238,120.265,118.736,116.485,119.183,116.85,117.448,118.649,116.825,117.696,121.91,119.384,119.677,120.643,117.821,121.266,119.973,119.198,117.481,119.611,119.39,116.147,120.048,119.01,121.357,118.404,117.833,116.011,119.34,116.897,118.493,118.34,118.273,119.166,118.148,117.296,119.861,121.998,118.729,116.144,118.735,117.952,114.814,121.444,117.235,118.642,117.614,118.745,118.032
feb-22,118.981,117.142,121.508,118.622,117.706,121.763,117.877,121.187,121.956,119.636,118.28,120.293,117.538,118.42,119.748,117.557,118.364,122.862,120.201,120.623,122.05,119.065,122.15,120.355,119.453,118.337,121.05,120.241,116.896,120.977,120.268,122.243,119.277,119.136,117.213,120.129,118.527,119.301,119.317,119.051,119.777,118.912,118.345,119.874,122.941,119.912,117.398,120.193,118.945,115.581,122.574,119.089,119.953,118.526,120.001,118.881
mar-22,120.159,118.041,123.144,119.85,119.656,123.402,118.951,122.142,123.264,120.574,119.493,121.198,118.57,119.634,121.287,118.255,120.146,123.992,121.492,121.484,123.556,120.323,122.896,121.027,120.564,120.064,121.757,121.125,117.857,122.037,122.219,123.347,120.283,119.969,119.024,121.677,119.991,120.897,120.593,120.192,121.007,120.468,119.07,121.786,124.563,121.344,118.656,121.742,120.626,116.937,123.919,120.595,121.486,119.53,121.169,120.192
abr-22,120.809,118.728,124.017,120.885,120.99,122.71,118.581,120.042,124.212,121.774,118.388,122.317,118.266,120.784,122.639,119.399,121.38,124.994,122.809,122.015,124.071,121.176,123.952,122.067,120.517,121.172,122.519,121.884,118.497,123.847,121.722,124.346,119.284,119.252,120.54,122.915,121.018,122.058,121.262,121.104,121.809,121.566,118.197,123.078,125.078,123.338,119.354,122.418,121.851,118.103,124.081,121.638,122.302,118.834,119.408,121.06
may-22,121.022,119.127,124.822,121.447,121.153,123.392,119.117,120.512,124.093,120.768,119.065,121.715,118.62,120.892,123.861,120.626,122.175,121.352,123.965,117.927,125.061,121.646,119.519,118.886,121.216,121.944,123.301,119.238,119.262,121.989,122.783,119.292,120.545,120.019,121.219,124.05,121.585,122.774,121.365,121.633,122.826,122.18,118.78,123.773,126.42,123.672,119.859,123.332,122.622,118.984,124.846,122.518,123.176,119.621,119.805,122.02
jun-22,122.044,120.37,125.941,122.149,122.316,124.234,120.36,121.517,125.375,121.876,120.044,122.612,119.808,121.744,124.753,121.571,123.281,122.095,124.881,118.621,126.604,122.735,120.235,119.629,122.293,122.513,124.148,119.809,119.825,122.705,123.354,120.274,121.62,121.047,122.435,125.109,122.577,123.684,122.238,122.816,123.963,123.379,119.211,124.878,128.137,125.381,120.578,124.578,123.286,119.618,126.07,123.238,124.346,120.453,120.558,122.914
jul-22,122.948,121.11,126.744,122.903,123.181,124.984,121.495,122.599,126.394,122.759,121.061,123.521,120.55,122.654,125.31,122.941,123.837,123.479,125.844,119.866,127.515,123.373,121.464,121.168,123.211,123.735,125.747,120.929,121.024,123.999,124.158,121.376,122.774,121.961,123.748,126.097,123.293,124.276,123.112,123.893,124.531,124.234,120.092,125.978,129.01,126.582,121.432,125.458,124.135,120.486,127.711,123.739,125.353,121.147,121.31,124.173
ago-22,123.803,121.672,127.716,123.605,124.258,125.859,122.074,123.291,127.143,123.92,121.613,124.537,121.597,123.581,126.083,123.853,124.731,124.932,126.771,121.085,128.515,124.163,122.596,122.477,124.129,124.995,126.867,122.06,121.588,125.135,125.326,122.597,123.611,123.041,124.145,126.92,124.308,125.229,124.097,124.963,125.59,125.541,121.176,127.464,130.214,126.296,122.488,126.196,124.704,121.43,128.628,124.658,126.36,121.842,122.243,125.073
sep-22,124.571,122.416,128.866,124.577,124.618,126.794,122.676,124.073,127.643,124.227,122.165,125.177,122.383,124.373,127.332,124.315,125.317,125.731,128.229,121.63,129.47,124.766,122.98,123.742,124.831,125.666,127.835,122.9,122.161,126.015,126.065,123.48,123.981,123.747,125.089,127.996,125.275,125.807,124.733,126.112,126.68,126.401,122.136,128.755,130.585,127.105,123.805,127.065,125.239,122.017,129.243,125.31,127.009,123.111,122.844,125.885
oct-22,125.276,122.748,129.345,125.387,124.641,129.264,124.571,128.099,127.792,124.355,124.592,125.398,124.049,124.935,127.737,124.875,125.588,126.227,128.689,121.942,129.599,125.509,123.169,124.049,124.673,125.622,128.524,123.161,122.692,126.509,128.238,124.051,125.872,126.037,124.759,128.943,125.235,126.279,125.038,126.628,127.736,126.746,123.932,129.38,132.093,127.642,124.605,127.807,125.713,121.909,130.83,125.351,126.916,124.77,125.294,126.364
nov-22,125.997,122.944,129.951,125.517,124.895,129.448,124.678,127.779,128.446,126.283,125.019,126.681,124.058,125.737,128.103,125.046,126.06,130.738,128.963,126.941,130.106,125.881,128.374,128.098,125.462,125.9,128.783,126.932,123.309,129.306,129.049,130.893,125.8,126.222,125.379,129.351,125.245,126.507,125.554,126.701,128.201,126.68,124.184,129.42,132.559,127.888,124.789,128.4,125.581,122.505,130.761,125.815,127.008,124.834,125.482,126.425
dic-22,126.478,123.444,130.828,126.618,125.721,130.865,125.113,128.063,128.455,126.729,125.486,126.577,124.768,126.153,128.979,125.718,126.858,130.806,129.199,126.847,130.551,126.522,127.936,127.958,126.291,126.938,129.676,127.043,123.596,129.543,129.887,130.777,125.576,126.296,125.929,130.184,125.741,127.507,125.829,127.143,128.589,126.854,124.745,129.494,133.381,128.352,125.231,128.438,126.499,122.783,131.861,126.12,127.129,125.813,125.875,127.231
ene-23,127.336,124.251,132.079,127.787,127.879,132.204,125.882,129.088,128.979,127.021,126.415,127.377,125.435,126.99,129.755,126.182,127.55,131.468,129.704,127.601,131.355,127.507,128.299,128.997,127.736,128.095,131.396,127.588,124.393,130.217,131.168,131.476,125.982,126.813,126.844,130.74,126.8,128.728,126.452,127.443,129.91,128.166,125.183,130.964,134.721,129.261,126.391,128.783,127.915,123.466,132.769,126.956,128.508,126.583,127.128,127.686
feb-23,128.046,124.892,132.809,128.096,128.52,132.822,127.181,129.909,129.845,127.728,127.208,128.399,126.399,127.758,130.082,126.391,128.502,132.571,130.563,128.31,132.084,128.443,129.612,130.084,127.76,128.879,132.218,128.522,125.35,131.169,132.058,132.077,126.253,127.614,127.918,131.089,127.947,129.441,127.243,128.263,130.2,128.834,125.684,130.955,134.623,129.884,127.367,129.396,128.958,124.071,132.845,127.623,129.381,127.586,127.948,128.423
mar-23,128.389,125.125,133.303,128.447,128.18,132.972,127.973,130.651,129.995,127.952,127.415,128.927,126.729,128.343,130.572,126.888,128.921,132.976,130.718,128.643,132.167,128.721,130.04,130.737,128.922,128.752,132.655,129.089,125.746,131.692,132.977,132.787,126.622,128.007,127.963,131.233,128.166,129.228,127.492,128.833,130.665,129.144,126.023,131.537,135.269,130.576,128.157,129.78,128.611,124.235,132.619,127.652,130.003,127.567,128.864,129.27
abr-23,128.363,125.605,133.306,128.752,128.539,131.422,126.91,127.387,130.641,128.722,126.062,129.303,125.588,128.756,130.873,126.722,129.369,133.212,130.981,129.19,132.08,128.915,129.901,130.753,128.641,128.749,132.898,129.427,125.915,132.691,131.937,133.206,124.847,126.323,128.43,131.699,128.319,129.141,127.84,129.033,130.745,129.515,124.683,132.158,134.263,131.148,128.344,129.678,128.776,124.395,131.514,127.822,129.827,126.06,126.949,129.598
may-23,128.084,125.731,133.188,128.97,128.553,131.787,127.24,127.332,129.616,126.71,126.857,128.637,125.624,128.403,131.369,127.038,129.144,129.113,131.464,124.319,132.552,129.135,124.949,127.673,128.659,128.882,133.385,126.304,126.43,130.748,132.057,127.243,124.755,126.387,128.368,132.202,128.572,129.315,128.148,128.889,130.646,129.865,125.107,131.667,134.693,131.107,128.512,129.93,128.783,124.564,131.328,128.222,129.778,126.476,126.71,129.76
jun-23,128.214,125.893,133.077,129.093,128.178,132.509,127.214,127.539,129.36,126.439,127.253,128.575,125.563,128.538,131.709,127.339,129.259,129.273,131.473,124.731,132.452,129.527,125.062,127.607,128.896,128.658,133.501,126.447,126.785,130.508,132.598,127.353,125.363,126.661,128.608,132.03,128.523,129.377,128.009,129.345,130.627,130.048,124.86,132.493,134.833,131.47,128.594,130.09,128.424,124.266,131.465,128.043,129.884,126.347,126.345,129.832
jul-23,128.832,126.513,133.36,129.852,129.056,132.855,127.761,128.795,130.286,126.716,127.425,129.116,126.162,129.084,132.485,128.231,129.841,129.879,131.868,125.615,133.007,130.342,125.908,127.693,129.683,129.312,134.232,126.883,127.207,130.866,133.278,127.767,125.858,127.284,129.327,133.089,129.324,130.074,128.723,129.568,131.217,130.564,125.185,132.52,135.265,132.178,129.184,130.408,128.973,124.816,132.4,128.65,130.262,126.916,126.872,130.039
ago-23,129.545,127.119,134.107,130.721,129.367,133.561,128.476,129.139,131.142,127.174,127.653,130.099,127.298,130.086,133.347,128.928,130.672,130.677,132.5,125.918,133.82,130.779,126.715,128.525,129.676,130.4,135.537,127.258,127.97,131.53,133.781,128.122,126.376,127.566,130.415,133.908,130.557,131.004,130.003,130.018,132.45,131.035,125.76,134.728,136.721,133.224,129.708,130.993,130.155,125.466,133.161,129.399,130.992,127.828,127.76,131.166
sep-23,130.12,127.603,134.537,131.299,129.788,134.053,128.918,129.679,132.219,128.284,128.191,130.74,127.521,131.049,133.633,129.472,131.134,131.483,133.822,126.579,134.547,131.644,127.285,129.367,130.134,130.623,136.438,127.692,128.737,131.963,134.426,128.67,127.18,128.307,130.916,134.044,130.923,131.514,130.41,130.647,132.772,132.03,126.276,135.774,137.23,133.671,130.857,131.501,130.669,125.682,133.992,129.527,131.456,128.3,128.226,131.669
oct-23,130.609,127.454,134.607,131.53,130.02,136.184,130.549,134.116,132.576,128.819,130.199,131.046,129.095,131.182,133.801,129.987,131.236,131.883,134.021,126.814,134.834,131.737,127.449,129.646,130.851,130.572,136.587,127.943,128.686,132.37,136.235,128.908,129.568,130.529,131.317,134.361,130.721,131.555,130.454,131.112,133.413,132.077,128.317,136.506,138.371,134.929,131.296,132.281,130.797,125.607,135.164,129.267,131.999,130.055,130.551,132.175
nov-23,131.445,127.882,131.328,131.855,130.33,136.407,130.85,133.972,134.041,131.342,130.359,133.018,129.556,132.076,134.601,130.458,131.482,136.298,134.858,132.164,135.56,132.022,133.131,134.508,131.502,131.469,136.994,131.626,128.773,135.53,136.668,135.823,129.34,130.827,131.46,134.891,131.212,132.159,130.911,130.964,133.667,132.379,128.345,137.098,138.63,135.269,131.762,132.8,131.894,126.089,135.195,129.084,131.967,130.333,131.023,132.276
dic-23,132.373,129.095,132.884,132.882,131.198,137.115,131.282,134.56,134.673,131.392,131.307,133.439,130.77,132.903,135.795,131.396,132.572,137.049,134.965,132.996,136.304,132.411,133.883,135.228,131.925,132.401,138.227,132.277,129.372,136.123,137.974,136.307,129.86,131.555,132.404,136.159,132.376,133.354,131.534,131.562,134.814,133.448,129.531,138.783,140.316,136.021,132.444,133.174,133.1,127.072,136.375,130.919,132.691,131.465,131.438,132.901
ene-24,133.555,130.258,135.279,133.462,132.772,137.716,132.225,135.786,135.507,132.209,132.123,134.044,131.999,133.693,137.337,132.428,133.899,138.156,135.508,133.927,137.69,133.493,134.616,136.647,134.114,133.601,138.836,132.676,130.213,136.939,138.92,137.64,130.854,132.821,133.598,138.098,133.525,135.219,132.389,132.578,136.565,134.65,130.176,141.033,141.485,137.906,133.451,134.266,134.96,127.966,137.309,131.74,134.21,132.65,132.818,133.31
feb-24,133.681,129.899,134.416,133.562,132.157,138.079,133.905,136.403,136.135,132.956,132.344,134.662,131.799,134.132,136.893,133.259,133.988,138.516,135.436,134.543,137.883,134.117,134.972,137.522,133.674,133.185,139.134,133.519,129.994,137.554,139.833,138.829,131.375,133.422,133.327,138.422,134.048,134.885,132.782,133.291,135.448,135.243,130.866,139.799,141.863,138.003,133.647,135.312,134.021,127.611,137.733,131.453,134.538,132.514,132.491,133.448
mar-24,134.065,130.311,134.832,134.148,132.791,138.982,134.422,137.591,136.274,133.682,133.377,134.912,132.126,134.665,137.227,134.106,134.455,139.139,135.298,134.335,138.152,134.376,135.523,137.622,133.616,133.398,139.025,134.373,130.595,138.243,140.308,139.2,131.618,133.786,133.33,138.341,134.366,135.272,133.179,133.832,136.174,135.453,130.684,140.163,141.317,138.205,134.387,135.758,134.084,128.248,138.275,131.616,134.625,132.665,133.14,133.734
abr-24,134.336,131.117,135.299,134.815,134.286,137.723,133.395,133.4,136.928,134.314,132.193,135.357,131.097,135.23,137.805,133.382,135.3,139.342,136.722,134.995,139.212,134.656,136.152,137.808,133.916,134.839,139.845,134.261,131.356,138.957,139.037,139.385,129.925,132.403,134.428,138.989,135.42,136.38,133.909,133.94,136.601,136.072,129.49,140.602,140.622,139.141,134.292,135.791,135.358,129.243,137.607,132.738,134.734,131.387,131.312,134.353
may-24,134.087,131.301,135.963,135.048,134.334,138.018,133.982,133.746,135.399,132.033,132.007,133.849,131.377,135.02,138.265,133.641,135.591,134.775,137.407,129.626,140.611,135.117,129.862,133.465,135.154,135.297,140.779,130.785,131.715,136.634,139.538,132.899,130.477,132.526,134.933,139.32,135.486,136.55,134.426,134.068,136.962,136.248,130.065,140.402,141.108,138.609,134.445,136.472,135.167,129.616,137.799,133.214,134.422,131.796,131.166,135.77
jun-24,134.594,132.072,136.302,135.531,134.76,138.831,134.37,134.386,135.551,131.915,132.353,133.9,132.066,135.719,138.988,133.85,136.104,135.341,137.463,130.168,139.91,135.825,130.562,134.038,135.628,135.647,140.555,130.795,131.846,137.083,140.312,132.335,130.753,133.068,135.21,140.427,136.456,137.101,134.501,134.574,137.318,136.514,130.503,140.859,142.236,139.11,134.771,137.152,135.83,129.73,138.139,133.704,135.164,132.354,131.378,135.071
jul-24,136.003,133.35,140.114,137.25,136.54,139.727,135.041,135.17,136.647,133.152,133.147,134.873,133.849,137.476,140.343,135.267,137.365,136.509,138.778,131.505,142.404,137.647,131.955,135.268,136.604,137.498,141.842,131.68,133.238,138.067,141.124,133.348,132.119,134.141,137.478,142.424,137.656,138.56,135.447,135.329,139.282,137.896,132.003,142.299,144.271,141.065,136.583,138.838,137.541,131.115,139.657,135.128,137.462,134.257,132.766,136.641
ago-24,136.013,133.139,140.305,137.062,136.3,139.882,135.767,135.592,136.804,133.664,133.565,135.074,133.864,137.53,139.646,135.104,137.03,136.836,138.676,131.72,142.144,137.48,132.043,136.056,136.33,136.693,141.866,131.697,133.433,139.228,141.294,133.825,132.536,134.459,137.897,142.018,137.265,138.385,135.699,135.359,139.449,137.959,132.246,143.607,144.165,141.514,136.46,139.339,137.031,130.706,139.532,135.17,137.401,134.13,132.641,136.744
sep-24,136.08,133.143,140.078,137.216,135.889,140.514,135.716,135.658,136.534,134.019,133.857,135.541,133.624,137.781,139.81,135.359,136.747,137.497,139.212,132.023,142.458,137.496,132.485,136.187,135.7,136.627,141.46,132.009,133.759,139.446,141.432,134.239,132.821,134.586,137.4,141.063,136.793,138.153,135.501,135.595,139.027,137.753,132.014,143.788,143.844,141.427,136.821,140.695,136.594,130.893,139.99,134.869,136.964,134.684,132.552,136.704
oct-24,136.828,133.518,140.814,137.193,137.096,142.455,137.942,139.556,136.856,134.323,135.74,135.469,135.526,138.548,140.691,135.809,137.265,137.867,139.612,132.281,142.656,137.883,132.893,136.196,137.071,137.881,141.758,132.541,134.023,139.969,143.415,134.554,134.537,136.451,137.809,141.936,137.525,138.833,136.32,136.17,139.816,138.403,133.756,144.23,145.591,141.794,137.49,140.717,138.016,131.536,141.19,135.298,137.357,136.213,135.515,136.983
nov-24,137.424,133.511,141.078,137.179,137.568,142.441,137.426,140.074,137.117,135.825,135.811,136.12,136.18,139.241,140.705,136.315,137.362,142.12,140.029,137.314,143.206,138.064,137.103,141.361,137.988,137.9,141.978,134.798,134.382,142.591,143.707,139.304,134.686,136.654,137.855,142.445,137.568,139.351,136.928,136.379,140.728,138.705,133.791,144.611,146.114,142.284,137.587,141.584,138.386,131.907,141.354,135.702,137.719,136.288,135.991,137.505
dic-24,137.949,134.107,141.309,137.851,137.742,142.687,138.159,140.673,137.455,136.38,136.079,136.623,137.08,139.924,141.274,136.603,137.693,142.72,140.606,138.167,142.93,138.608,137.406,141.692,138.203,137.917,142.875,135.698,134.865,143.083,144.542,139.934,134.481,137.091,138.262,143.387,138.236,139.603,137.095,136.87,141.199,139.243,133.803,145.857,146.309,142.896,138.472,142.48,138.278,132.256,141.729,135.36,138.229,137.165,135.991,137.652
,,,,,,,,,,,,,,,,,,,,,,,,,,,,,,,,,,,,,,,,,,,,,,,,,,,,,,,,
Fuente: INEGI. Índices de precios. ,,,,,,,,,,,,,,,,,,,,,,,,,,,,,,,,,,,,,,,,,,,,,,,,,,,,,,,,
Atención a usuarios: atencion.usuarios@inegi.org.mx,,,,,,,,,,,,,,,,,,,,,,,,,,,,,,,,,,,,,,,,,,,,,,,,,,,,,,,,
Fecha de consulta: 16/05/2026 21:07:17,,,,,,,,,,,,,,,,,,,,,,,,,,,,,,,,,,,,,,,,,,,,,,,,,,,,,,,,
