cve_ent,entidad,fecha,itaee
01,Aguascalientes,2004-01-01,53.774532826846
01,Aguascalientes,2004-02-01,54.26803523900485
01,Aguascalientes,2004-03-01,54.72969878586314
01,Aguascalientes,2004-04-01,55.223201198022
01,Aguascalientes,2004-05-01,55.1068581387421
01,Aguascalientes,2004-06-01,54.9866369774862
01,Aguascalientes,2004-07-01,54.8702939182063
01,Aguascalientes,2004-08-01,55.407901094376946
01,Aguascalientes,2004-09-01,55.9455082705476
01,Aguascalientes,2004-10-01,56.465773279745
01,Aguascalientes,2004-11-01,56.243186588555126
01,Aguascalientes,2004-12-01,56.02778011321008
01,Aguascalientes,2005-01-01,55.8051934220202
01,Aguascalientes,2005-02-01,55.68630065289244
01,Aguascalientes,2005-03-01,55.57891363561576
01,Aguascalientes,2005-04-01,55.460020866488
01,Aguascalientes,2005-05-01,55.40219491189004
01,Aguascalientes,2005-06-01,55.34244142547216
01,Aguascalientes,2005-07-01,55.2846154708742
01,Aguascalientes,2005-08-01,56.022356586798395
01,Aguascalientes,2005-09-01,56.76009770272259
01,Aguascalientes,2005-10-01,57.4740407181331
01,Aguascalientes,2005-11-01,57.717247767734435
01,Aguascalientes,2005-12-01,57.952609428638965
01,Aguascalientes,2006-01-01,58.1958164782403
01,Aguascalientes,2006-02-01,58.54838573969918
01,Aguascalientes,2006-03-01,58.86683539521042
01,Aguascalientes,2006-04-01,59.2194046566693
01,Aguascalientes,2006-05-01,59.71836091374162
01,Aguascalientes,2006-06-01,60.23394904604968
01,Aguascalientes,2006-07-01,60.732905303122
01,Aguascalientes,2006-08-01,61.51384123150535
01,Aguascalientes,2006-09-01,62.2947771598887
01,Aguascalientes,2006-10-01,63.0505216067113
01,Aguascalientes,2006-11-01,64.1457320709141
01,Aguascalientes,2006-12-01,65.2056131653039
01,Aguascalientes,2007-01-01,66.3008236295067
01,Aguascalientes,2007-02-01,65.90458114055197
01,Aguascalientes,2007-03-01,65.54668469891543
01,Aguascalientes,2007-04-01,65.1504422099607
01,Aguascalientes,2007-05-01,65.94168087912198
01,Aguascalientes,2007-06-01,66.75929417058863
01,Aguascalientes,2007-07-01,67.5505328397499
01,Aguascalientes,2007-08-01,66.7500601994339
01,Aguascalientes,2007-09-01,65.94958755911789
01,Aguascalientes,2007-10-01,65.1749366168766
01,Aguascalientes,2007-11-01,65.1301329467662
01,Aguascalientes,2007-12-01,65.08677455633679
01,Aguascalientes,2008-01-01,65.0419708862264
01,Aguascalientes,2008-02-01,65.6973021483166
01,Aguascalientes,2008-03-01,66.3103539741429
01,Aguascalientes,2008-04-01,66.9656852362331
01,Aguascalientes,2008-05-01,66.9114880610642
01,Aguascalientes,2008-06-01,66.8554843133897
01,Aguascalientes,2008-07-01,66.8012871382208
01,Aguascalientes,2008-08-01,65.98690458403219
01,Aguascalientes,2008-09-01,65.17252202984358
01,Aguascalientes,2008-10-01,64.3844098806288
01,Aguascalientes,2008-11-01,62.311853415426995
01,Aguascalientes,2008-12-01,60.306153610393
01,Aguascalientes,2009-01-01,58.2335971451912
01,Aguascalientes,2009-02-01,58.5902986820935
01,Aguascalientes,2009-03-01,58.9124807154246
01,Aguascalientes,2009-04-01,59.2691822523269
01,Aguascalientes,2009-05-01,60.325348066448996
01,Aguascalientes,2009-06-01,61.4167194077085
01,Aguascalientes,2009-07-01,62.4728852218306
01,Aguascalientes,2009-08-01,63.23254883951619
01,Aguascalientes,2009-09-01,63.992212457201774
01,Aguascalientes,2009-10-01,64.7273707968975
01,Aguascalientes,2009-11-01,64.71074477336866
01,Aguascalientes,2009-12-01,64.69465507317945
01,Aguascalientes,2010-01-01,64.6780290496506
01,Aguascalientes,2010-02-01,64.99027022448145
01,Aguascalientes,2010-03-01,65.27229451142546
01,Aguascalientes,2010-04-01,65.5845356862563
01,Aguascalientes,2010-05-01,66.59886314873422
01,Aguascalientes,2010-06-01,67.64700152662807
01,Aguascalientes,2010-07-01,68.661328989106
01,Aguascalientes,2010-08-01,68.44271827490438
01,Aguascalientes,2010-09-01,68.22410756070278
01,Aguascalientes,2010-10-01,68.0125488050238
01,Aguascalientes,2010-11-01,68.0124416655496
01,Aguascalientes,2010-12-01,68.01233798218749
01,Aguascalientes,2011-01-01,68.0122308427133
01,Aguascalientes,2011-02-01,68.50535364559062
01,Aguascalientes,2011-03-01,68.95075488689918
01,Aguascalientes,2011-04-01,69.4438776897765
01,Aguascalientes,2011-05-01,69.77141502250383
01,Aguascalientes,2011-06-01,70.10987026632206
01,Aguascalientes,2011-07-01,70.4374075990494
01,Aguascalientes,2011-08-01,70.98908423751966
01,Aguascalientes,2011-09-01,71.54076087598995
01,Aguascalientes,2011-10-01,72.0746414938644
01,Aguascalientes,2011-11-01,72.51150586481427
01,Aguascalientes,2011-12-01,72.93427783670124
01,Aguascalientes,2012-01-01,73.3711422076511
01,Aguascalientes,2012-02-01,73.51767108418613
01,Aguascalientes,2012-03-01,73.654746484815675
01,Aguascalientes,2012-04-01,73.8012753613507
01,Aguascalientes,2012-05-01,73.63707340197126
01,Aguascalientes,2012-06-01,73.46739804394583
01,Aguascalientes,2012-07-01,73.3031960845664
01,Aguascalientes,2012-08-01,73.7702908927808
01,Aguascalientes,2012-09-01,74.23738570099522
01,Aguascalientes,2012-10-01,74.6894129347511
01,Aguascalientes,2012-11-01,75.3863543603292
01,Aguascalientes,2012-12-01,76.06081380443702
01,Aguascalientes,2013-01-01,76.7577552300151
01,Aguascalientes,2013-02-01,76.35437906560571
01,Aguascalientes,2013-03-01,75.99003930420369
01,Aguascalientes,2013-04-01,75.5866631397943
01,Aguascalientes,2013-05-01,75.96527246209102
01,Aguascalientes,2013-06-01,76.35650209513098
01,Aguascalientes,2013-07-01,76.7351114174277
01,Aguascalientes,2013-08-01,76.91520415499865
01,Aguascalientes,2013-09-01,77.09529689256959
01,Aguascalientes,2013-10-01,77.2695801869931
01,Aguascalientes,2013-11-01,79.23098481345531
01,Aguascalientes,2013-12-01,81.12911832293489
01,Aguascalientes,2014-01-01,83.0905229493971
01,Aguascalientes,2014-02-01,83.13872888687472
01,Aguascalientes,2014-03-01,83.18226973362869
01,Aguascalientes,2014-04-01,83.2304756711063
01,Aguascalientes,2014-05-01,83.63354316778546
01,Aguascalientes,2014-06-01,84.05004624768725
01,Aguascalientes,2014-07-01,84.4531137443664
01,Aguascalientes,2014-08-01,85.15149050009556
01,Aguascalientes,2014-09-01,85.84986725582472
01,Aguascalientes,2014-10-01,86.525715729111
01,Aguascalientes,2014-11-01,86.58418240936496
01,Aguascalientes,2014-12-01,86.64076306767524
01,Aguascalientes,2015-01-01,86.6992297479292
01,Aguascalientes,2015-02-01,87.73221113637453
01,Aguascalientes,2015-03-01,88.66522658400257
01,Aguascalientes,2015-04-01,89.6982079724479
01,Aguascalientes,2015-05-01,90.00708822827453
01,Aguascalientes,2015-06-01,90.32626449262868
01,Aguascalientes,2015-07-01,90.6351447484553
01,Aguascalientes,2015-08-01,90.56307136735506
01,Aguascalientes,2015-09-01,90.49099798625481
01,Aguascalientes,2015-10-01,90.421249552932
01,Aguascalientes,2015-11-01,90.70349806880554
01,Aguascalientes,2015-12-01,90.97664179384445
01,Aguascalientes,2016-01-01,91.258890309718
01,Aguascalientes,2016-02-01,91.9376323212325
01,Aguascalientes,2016-03-01,92.5725845255525
01,Aguascalientes,2016-04-01,93.251326537067
01,Aguascalientes,2016-05-01,93.22714725062583
01,Aguascalientes,2016-06-01,93.20216198796997
01,Aguascalientes,2016-07-01,93.1779827015288
01,Aguascalientes,2016-08-01,94.06939242764734
01,Aguascalientes,2016-09-01,94.9608021537659
01,Aguascalientes,2016-10-01,95.823456727429
01,Aguascalientes,2016-11-01,96.42831697996384
01,Aguascalientes,2016-12-01,97.01366561144917
01,Aguascalientes,2017-01-01,97.618525863984
01,Aguascalientes,2017-02-01,96.9892738796568
01,Aguascalientes,2017-03-01,96.42091724865159
01,Aguascalientes,2017-04-01,95.7916652643244
01,Aguascalientes,2017-05-01,95.98198337003585
01,Aguascalientes,2017-06-01,96.17864541260434
01,Aguascalientes,2017-07-01,96.3689635183158
01,Aguascalientes,2017-08-01,95.25841147890775
01,Aguascalientes,2017-09-01,94.14785943949971
01,Aguascalientes,2017-10-01,93.0731316594274
01,Aguascalientes,2017-11-01,95.40105971180137
01,Aguascalientes,2017-12-01,97.65389331087293
01,Aguascalientes,2018-01-01,99.9818213632469
01,Aguascalientes,2018-02-01,99.37640187193067
01,Aguascalientes,2018-03-01,98.82957136364503
01,Aguascalientes,2018-04-01,98.2241518723288
01,Aguascalientes,2018-05-01,99.05176271766689
01,Aguascalientes,2018-06-01,99.90696059118291
01,Aguascalientes,2018-07-01,100.734571436521
01,Aguascalientes,2018-08-01,100.85963049663111
01,Aguascalientes,2018-09-01,100.98468955674123
01,Aguascalientes,2018-10-01,101.105714453622
01,Aguascalientes,2018-11-01,100.00120687958946
01,Aguascalientes,2018-12-01,98.93232858213864
01,Aguascalientes,2019-01-01,97.8278210081061
01,Aguascalientes,2019-02-01,98.87734235535949
01,Aguascalientes,2019-03-01,99.8252971206206
01,Aguascalientes,2019-04-01,100.874818467874
01,Aguascalientes,2019-05-01,101.13880028228049
01,Aguascalientes,2019-06-01,101.41158149050051
01,Aguascalientes,2019-07-01,101.675563304907
01,Aguascalientes,2019-08-01,101.56123127671242
01,Aguascalientes,2019-09-01,101.44689924851784
01,Aguascalientes,2019-10-01,101.336255350265
01,Aguascalientes,2019-11-01,100.95214390550788
01,Aguascalientes,2019-12-01,100.58042315251713
01,Aguascalientes,2020-01-01,100.19631170776
01,Aguascalientes,2020-02-01,92.43954374980694
01,Aguascalientes,2020-03-01,85.18321243430246
01,Aguascalientes,2020-04-01,77.4264444763494
01,Aguascalientes,2020-05-01,83.75056465646264
01,Aguascalientes,2020-06-01,90.28548884257965
01,Aguascalientes,2020-07-01,96.6096090226929
01,Aguascalientes,2020-08-01,98.3216785272904
01,Aguascalientes,2020-09-01,100.03374803188791
01,Aguascalientes,2020-10-01,101.69058948795
01,Aguascalientes,2020-11-01,101.6586557175376
01,Aguascalientes,2020-12-01,101.6277520687514
01,Aguascalientes,2021-01-01,101.595818298339
01,Aguascalientes,2021-02-01,99.91429029127058
01,Aguascalientes,2021-03-01,98.39549080101523
01,Aguascalientes,2021-04-01,96.7139627939468
01,Aguascalientes,2021-05-01,95.2855151203342
01,Aguascalientes,2021-06-01,93.80945252426781
01,Aguascalientes,2021-07-01,92.3810048506552
01,Aguascalientes,2021-08-01,93.15303281935442
01,Aguascalientes,2021-09-01,93.92506078805364
01,Aguascalientes,2021-10-01,94.6721846287303
01,Aguascalientes,2021-11-01,95.31946446274758
01,Aguascalientes,2021-12-01,95.94586430211913
01,Aguascalientes,2022-01-01,96.5931441361364
01,Aguascalientes,2022-02-01,96.66425849765106
01,Aguascalientes,2022-03-01,96.72849082418044
01,Aguascalientes,2022-04-01,96.7996051856951
01,Aguascalientes,2022-05-01,96.55742822820436
01,Aguascalientes,2022-06-01,96.30717870546394
01,Aguascalientes,2022-07-01,96.0650017479732
01,Aguascalientes,2022-08-01,95.70954334309198
01,Aguascalientes,2022-09-01,95.35408493821076
01,Aguascalientes,2022-10-01,95.010092933487
01,Aguascalientes,2022-11-01,96.497902827886
01,Aguascalientes,2022-12-01,97.93771885472371
01,Aguascalientes,2023-01-01,99.4255287491227
01,Aguascalientes,2023-02-01,100.14708816673641
01,Aguascalientes,2023-03-01,100.79881925361329
01,Aguascalientes,2023-04-01,101.520378671227
01,Aguascalientes,2023-05-01,102.22897350992248
01,Aguascalientes,2023-06-01,102.96118817657451
01,Aguascalientes,2023-07-01,103.66978301527
01,Aguascalientes,2023-08-01,103.21138878094308
01,Aguascalientes,2023-09-01,102.75299454661618
01,Aguascalientes,2023-10-01,102.309387223074
01,Aguascalientes,2023-11-01,101.48202388009213
01,Aguascalientes,2023-12-01,100.68134967720647
01,Aguascalientes,2024-01-01,99.8539863342246
01,Aguascalientes,2024-02-01,99.89842624654628
01,Aguascalientes,2024-03-01,99.93999906775042
01,Aguascalientes,2024-04-01,99.9844389800721
01,Aguascalientes,2024-05-01,99.92820702268624
01,Aguascalientes,2024-06-01,99.87010066672086
01,Aguascalientes,2024-07-01,99.813868709335
01,Aguascalientes,2024-08-01,99.72027478053582
01,Aguascalientes,2024-09-01,99.62668085173665
01,Aguascalientes,2024-10-01,99.536106081931
01,Aguascalientes,2024-11-01,99.78319247756615
01,Aguascalientes,2024-12-01,100.02230834430985
02,Baja California,2004-01-01,79.7274634451576
02,Baja California,2004-02-01,79.6747446888483
02,Baja California,2004-03-01,79.6254271426235
02,Baja California,2004-04-01,79.5727083863142
02,Baja California,2004-05-01,79.17704136173124
02,Baja California,2004-06-01,78.76818543632886
02,Baja California,2004-07-01,78.3725184117459
02,Baja California,2004-08-01,78.17657732468575
02,Baja California,2004-09-01,77.9806362376256
02,Baja California,2004-10-01,77.7910158307932
02,Baja California,2004-11-01,78.22849026756387
02,Baja California,2004-12-01,78.65185262572903
02,Baja California,2005-01-01,79.0893270624997
02,Baja California,2005-02-01,79.43122435200274
02,Baja California,2005-03-01,79.74003480703776
02,Baja California,2005-04-01,80.0819320965408
02,Baja California,2005-05-01,80.33670035735204
02,Baja California,2005-06-01,80.59996089352366
02,Baja California,2005-07-01,80.8547291543349
02,Baja California,2005-08-01,81.69062888632843
02,Baja California,2005-09-01,82.52652861832195
02,Baja California,2005-10-01,83.3354638428318
02,Baja California,2005-11-01,83.51726218786996
02,Baja California,2005-12-01,83.69319607016494
02,Baja California,2006-01-01,83.8749944152031
02,Baja California,2006-02-01,84.70120199813476
02,Baja California,2006-03-01,85.44745400852464
02,Baja California,2006-04-01,86.2736615914563
02,Baja California,2006-05-01,87.0847963236518
02,Baja California,2006-06-01,87.9229688802538
02,Baja California,2006-07-01,88.7341036124493
02,Baja California,2006-08-01,88.7790392258321
02,Baja California,2006-09-01,88.82397483921488
02,Baja California,2006-10-01,88.8674609166821
02,Baja California,2006-11-01,88.51069362286935
02,Baja California,2006-12-01,88.16543495143765
02,Baja California,2007-01-01,87.8086676576249
02,Baja California,2007-02-01,87.65197394673301
02,Baja California,2007-03-01,87.51044414334679
02,Baja California,2007-04-01,87.3537504324549
02,Baja California,2007-05-01,87.85518467819546
02,Baja California,2007-06-01,88.37333339879405
02,Baja California,2007-07-01,88.8747676445346
02,Baja California,2007-08-01,88.305084063742
02,Baja California,2007-09-01,87.7354004829494
02,Baja California,2007-10-01,87.1840937918598
02,Baja California,2007-11-01,87.2110308178234
02,Baja California,2007-12-01,87.2370989074656
02,Baja California,2008-01-01,87.2640359334292
02,Baja California,2008-02-01,87.4049626220661
02,Baja California,2008-03-01,87.5367972662748
02,Baja California,2008-04-01,87.6777239549117
02,Baja California,2008-05-01,86.991069265345
02,Baja California,2008-06-01,86.28152608612609
02,Baja California,2008-07-01,85.5948713965594
02,Baja California,2008-08-01,83.87721602741556
02,Baja California,2008-09-01,82.15956065827173
02,Baja California,2008-10-01,80.4973135268422
02,Baja California,2008-11-01,78.5132798404995
02,Baja California,2008-12-01,76.59324724081301
02,Baja California,2009-01-01,74.6092135544703
02,Baja California,2009-02-01,74.41890166391946
02,Baja California,2009-03-01,74.24700705309934
02,Baja California,2009-04-01,74.0566951625485
02,Baja California,2009-05-01,74.32629208676887
02,Baja California,2009-06-01,74.60487557512992
02,Baja California,2009-07-01,74.8744724993503
02,Baja California,2009-08-01,74.86823955975342
02,Baja California,2009-09-01,74.86200662015655
02,Baja California,2009-10-01,74.8559747431273
02,Baja California,2009-11-01,75.01992370258168
02,Baja California,2009-12-01,75.17858398592463
02,Baja California,2010-01-01,75.342532945379
02,Baja California,2010-02-01,76.41384455383086
02,Baja California,2010-03-01,77.38148084533574
02,Baja California,2010-04-01,78.4527924537876
02,Baja California,2010-05-01,78.37347035260072
02,Baja California,2010-06-01,78.29150418137428
02,Baja California,2010-07-01,78.2121820801874
02,Baja California,2010-08-01,78.54616483694947
02,Baja California,2010-09-01,78.88014759371154
02,Baja California,2010-10-01,79.2033567131587
02,Baja California,2010-11-01,79.14380584130785
02,Baja California,2010-12-01,79.08617596532315
02,Baja California,2011-01-01,79.0266250934723
02,Baja California,2011-02-01,78.627177143769
02,Baja California,2011-03-01,78.2663854472628
02,Baja California,2011-04-01,77.8669374975595
02,Baja California,2011-05-01,78.49458242348621
02,Baja California,2011-06-01,79.1431488469438
02,Baja California,2011-07-01,79.7707937728705
02,Baja California,2011-08-01,80.14955885742272
02,Baja California,2011-09-01,80.52832394197493
02,Baja California,2011-10-01,80.8948707979932
02,Baja California,2011-11-01,81.4831601020962
02,Baja California,2011-12-01,82.0524723318733
02,Baja California,2012-01-01,82.6407616359763
02,Baja California,2012-02-01,82.80262212237899
02,Baja California,2012-03-01,82.95403999675571
02,Baja California,2012-04-01,83.1159004831584
02,Baja California,2012-05-01,82.84353113046366
02,Baja California,2012-06-01,82.56208279934575
02,Baja California,2012-07-01,82.289713446651
02,Baja California,2012-08-01,82.21987127929017
02,Baja California,2012-09-01,82.15002911192936
02,Baja California,2012-10-01,82.0824399177092
02,Baja California,2012-11-01,82.16840469986803
02,Baja California,2012-12-01,82.25159642453787
02,Baja California,2013-01-01,82.3375612066967
02,Baja California,2013-02-01,82.90827872751223
02,Baja California,2013-03-01,83.42376552050688
02,Baja California,2013-04-01,83.9944830413224
02,Baja California,2013-05-01,84.04658589406547
02,Baja California,2013-06-01,84.10042550856663
02,Baja California,2013-07-01,84.1525283613097
02,Baja California,2013-08-01,83.80837795791307
02,Baja California,2013-09-01,83.46422755451643
02,Baja California,2013-10-01,83.1311787770358
02,Baja California,2013-11-01,83.38289016494309
02,Baja California,2013-12-01,83.62648183065981
02,Baja California,2014-01-01,83.8781932185671
02,Baja California,2014-02-01,84.36641503585469
02,Baja California,2014-03-01,84.80738958050152
02,Baja California,2014-04-01,85.2956113977891
02,Baja California,2014-05-01,85.88965804205745
02,Baja California,2014-06-01,86.50350624113476
02,Baja California,2014-07-01,87.0975528854031
02,Baja California,2014-08-01,87.98158307627929
02,Baja California,2014-09-01,88.8656132671555
02,Baja California,2014-10-01,89.7211263551002
02,Baja California,2014-11-01,89.63643731980083
02,Baja California,2014-12-01,89.55448018886597
02,Baja California,2015-01-01,89.4697911535666
02,Baja California,2015-02-01,89.45846834635779
02,Baja California,2015-03-01,89.44824129468532
02,Baja California,2015-04-01,89.4369184874765
02,Baja California,2015-05-01,89.93221629404131
02,Baja California,2015-06-01,90.4440240274916
02,Baja California,2015-07-01,90.9393218340564
02,Baja California,2015-08-01,91.27954479224881
02,Baja California,2015-09-01,91.61976775044123
02,Baja California,2015-10-01,91.9490157744984
02,Baja California,2015-11-01,91.90555887248284
02,Baja California,2015-12-01,91.86350380601617
02,Baja California,2016-01-01,91.8200469040006
02,Baja California,2016-02-01,92.16890722438707
02,Baja California,2016-03-01,92.49526042732924
02,Baja California,2016-04-01,92.8441207477157
02,Baja California,2016-05-01,93.63502741597779
02,Baja California,2016-06-01,94.45229763984862
02,Baja California,2016-07-01,95.2432043081107
02,Baja California,2016-08-01,95.88696103982353
02,Baja California,2016-09-01,96.53071777153636
02,Baja California,2016-10-01,97.1537081570649
02,Baja California,2016-11-01,97.18206914849002
02,Baja California,2016-12-01,97.209515269223985
02,Baja California,2017-01-01,97.2378762606491
02,Baja California,2017-02-01,97.46155815280017
02,Baja California,2017-03-01,97.66359341022694
02,Baja California,2017-04-01,97.887275302378
02,Baja California,2017-05-01,98.12226030674893
02,Baja California,2017-06-01,98.36507814459887
02,Baja California,2017-07-01,98.6000631489698
02,Baja California,2017-08-01,98.96938601749508
02,Baja California,2017-09-01,99.33870888602038
02,Baja California,2017-10-01,99.6961181136255
02,Baja California,2017-11-01,99.65476969337436
02,Baja California,2017-12-01,99.61475509313134
02,Baja California,2018-01-01,99.5734066728802
02,Baja California,2018-02-01,99.90782960446762
02,Baja California,2018-03-01,100.20988902654658
02,Baja California,2018-04-01,100.544311958134
02,Baja California,2018-05-01,100.30046097498565
02,Baja California,2018-06-01,100.04848162573235
02,Baja California,2018-07-01,99.804630642584
02,Baja California,2018-08-01,99.95266324972286
02,Baja California,2018-09-01,100.10069585686172
02,Baja California,2018-10-01,100.243953218609
02,Baja California,2018-11-01,101.15371517343368
02,Baja California,2018-12-01,102.03412996842532
02,Baja California,2019-01-01,102.94389192325
02,Baja California,2019-02-01,102.8241804680767
02,Baja California,2019-03-01,102.7160539924363
02,Baja California,2019-04-01,102.596342537263
02,Baja California,2019-05-01,102.3304144010886
02,Baja California,2019-06-01,102.0556219937084
02,Baja California,2019-07-01,101.789693857534
02,Baja California,2019-08-01,100.95349159763491
02,Baja California,2019-09-01,100.11728933773583
02,Baja California,2019-10-01,99.3080613442851
02,Baja California,2019-11-01,99.67718072733997
02,Baja California,2019-12-01,100.03439303352212
02,Baja California,2020-01-01,100.403512416577
02,Baja California,2020-02-01,93.79458615103951
02,Baja California,2020-03-01,87.61204222521411
02,Baja California,2020-04-01,81.0031159596766
02,Baja California,2020-05-01,87.2104526666718
02,Baja California,2020-06-01,93.62470059723351
02,Baja California,2020-07-01,99.8320373042287
02,Baja California,2020-08-01,100.7048650864196
02,Baja California,2020-09-01,101.5776928686105
02,Baja California,2020-10-01,102.422364915892
02,Baja California,2020-11-01,102.03713521607628
02,Baja California,2020-12-01,101.66433228077072
02,Baja California,2021-01-01,101.279102580955
02,Baja California,2021-02-01,101.43401227456945
02,Baja California,2021-03-01,101.57393070751155
02,Baja California,2021-04-01,101.728840401126
02,Baja California,2021-05-01,101.76503550702502
02,Baja California,2021-06-01,101.80243711645399
02,Baja California,2021-07-01,101.838632222353
02,Baja California,2021-08-01,102.31854178954244
02,Baja California,2021-09-01,102.79845135673187
02,Baja California,2021-10-01,103.262879970141
02,Baja California,2021-11-01,103.36461950862609
02,Baja California,2021-12-01,103.4630771265149
02,Baja California,2022-01-01,103.564816665
02,Baja California,2022-02-01,103.46064711296104
02,Baja California,2022-03-01,103.36655848531295
02,Baja California,2022-04-01,103.262388933274
02,Baja California,2022-05-01,103.82233433751334
02,Baja California,2022-06-01,104.40094458856066
02,Baja California,2022-07-01,104.9608899928
02,Baja California,2022-08-01,105.19608023641841
02,Baja California,2022-09-01,105.43127048003682
02,Baja California,2022-10-01,105.658873941603
02,Baja California,2022-11-01,106.00411742971747
02,Baja California,2022-12-01,106.33822403111854
02,Baja California,2023-01-01,106.683467519233
02,Baja California,2023-02-01,106.72545872501489
02,Baja California,2023-03-01,106.76338626572111
02,Baja California,2023-04-01,106.805377471503
02,Baja California,2023-05-01,107.12270911128103
02,Baja California,2023-06-01,107.45061847238497
02,Baja California,2023-07-01,107.767950112163
02,Baja California,2023-08-01,107.99255568489092
02,Baja California,2023-09-01,108.21716125761883
02,Baja California,2023-10-01,108.434521489291
02,Baja California,2023-11-01,107.56518267294902
02,Baja California,2023-12-01,106.72388704423098
02,Baja California,2024-01-01,105.854548227889
02,Baja California,2024-02-01,106.75862652822525
02,Baja California,2024-03-01,107.60437719628175
02,Baja California,2024-04-01,108.508455496618
02,Baja California,2024-05-01,108.42440487049284
02,Baja California,2024-06-01,108.33755255683016
02,Baja California,2024-07-01,108.253501930705
02,Baja California,2024-08-01,107.67530692978379
02,Baja California,2024-09-01,107.09711192886259
02,Baja California,2024-10-01,106.537568379584
02,Baja California,2024-11-01,106.94779112621393
02,Baja California,2024-12-01,107.34478088101707
03,Baja California Sur,2004-01-01,55.8365993018681
03,Baja California Sur,2004-02-01,57.24511951998605
03,Baja California Sur,2004-03-01,58.56276746596735
03,Baja California Sur,2004-04-01,59.9712876840853
03,Baja California Sur,2004-05-01,60.34152126913033
03,Baja California Sur,2004-06-01,60.72409597367687
03,Baja California Sur,2004-07-01,61.0943295587219
03,Baja California Sur,2004-08-01,61.37404301207763
03,Baja California Sur,2004-09-01,61.653756465433354
03,Baja California Sur,2004-10-01,61.9244469041647
03,Baja California Sur,2004-11-01,62.603001738231555
03,Baja California Sur,2004-12-01,63.259667706683345
03,Baja California Sur,2005-01-01,63.9382225407502
03,Baja California Sur,2005-02-01,63.33947583604407
03,Baja California Sur,2005-03-01,62.79867236082563
03,Baja California Sur,2005-04-01,62.1999256561195
03,Baja California Sur,2005-05-01,61.99522435327364
03,Baja California Sur,2005-06-01,61.783699673666256
03,Baja California Sur,2005-07-01,61.5789983708204
03,Baja California Sur,2005-08-01,62.83082442810859
03,Baja California Sur,2005-09-01,64.08265048539678
03,Baja California Sur,2005-10-01,65.294095056966
03,Baja California Sur,2005-11-01,65.47699593255315
03,Baja California Sur,2005-12-01,65.65399677989555
03,Baja California Sur,2006-01-01,65.8368976554827
03,Baja California Sur,2006-02-01,66.22520102184374
03,Baja California Sur,2006-03-01,66.57592664307306
03,Baja California Sur,2006-04-01,66.9642300094341
03,Baja California Sur,2006-05-01,67.58629513562676
03,Baja California Sur,2006-06-01,68.22909576602585
03,Baja California Sur,2006-07-01,68.8511608922185
03,Baja California Sur,2006-08-01,69.35427370209183
03,Baja California Sur,2006-09-01,69.85738651196516
03,Baja California Sur,2006-10-01,70.3442698763587
03,Baja California Sur,2006-11-01,70.6755245042974
03,Baja California Sur,2006-12-01,70.99609349907679
03,Baja California Sur,2007-01-01,71.3273481270155
03,Baja California Sur,2007-02-01,71.83475560191721
03,Baja California Sur,2007-03-01,72.29305912763489
03,Baja California Sur,2007-04-01,72.8004666025366
03,Baja California Sur,2007-05-01,74.25665720263179
03,Baja California Sur,2007-06-01,75.76138748939681
03,Baja California Sur,2007-07-01,77.217578089492
03,Baja California Sur,2007-08-01,76.11934113528169
03,Baja California Sur,2007-09-01,75.02110418107138
03,Baja California Sur,2007-10-01,73.958294225384
03,Baja California Sur,2007-11-01,74.88432942228356
03,Baja California Sur,2007-12-01,75.78049251605734
03,Baja California Sur,2008-01-01,76.7065277129569
03,Baja California Sur,2008-02-01,77.37381861862035
03,Baja California Sur,2008-03-01,77.99805849811194
03,Baja California Sur,2008-04-01,78.6653494037754
03,Baja California Sur,2008-05-01,78.15944311404753
03,Baja California Sur,2008-06-01,77.63667328132875
03,Baja California Sur,2008-07-01,77.1307669916009
03,Baja California Sur,2008-08-01,75.73809027095886
03,Baja California Sur,2008-09-01,74.34541355031683
03,Baja California Sur,2008-10-01,72.9976618851794
03,Baja California Sur,2008-11-01,72.8731568761766
03,Baja California Sur,2008-12-01,72.7526681577868
03,Baja California Sur,2009-01-01,72.628163148784
03,Baja California Sur,2009-02-01,72.38640474519694
03,Baja California Sur,2009-03-01,72.16804231615056
03,Baja California Sur,2009-04-01,71.9262839125635
03,Baja California Sur,2009-05-01,71.83864166893713
03,Baja California Sur,2009-06-01,71.74807801718988
03,Baja California Sur,2009-07-01,71.6604357735635
03,Baja California Sur,2009-08-01,72.09953007713675
03,Baja California Sur,2009-09-01,72.53862438070999
03,Baja California Sur,2009-10-01,72.9635543519099
03,Baja California Sur,2009-11-01,73.45496254019098
03,Baja California Sur,2009-12-01,73.93051885143073
03,Baja California Sur,2010-01-01,74.4219270397118
03,Baja California Sur,2010-02-01,74.33706252323547
03,Baja California Sur,2010-03-01,74.26041070190203
03,Baja California Sur,2010-04-01,74.1755461854257
03,Baja California Sur,2010-05-01,74.49711472701111
03,Baja California Sur,2010-06-01,74.8294022199827
03,Baja California Sur,2010-07-01,75.1509707615681
03,Baja California Sur,2010-08-01,75.35888470644272
03,Baja California Sur,2010-09-01,75.56679865131736
03,Baja California Sur,2010-10-01,75.7680056947444
03,Baja California Sur,2010-11-01,76.67667734796441
03,Baja California Sur,2010-12-01,77.5560370123709
03,Baja California Sur,2011-01-01,78.4647086655909
03,Baja California Sur,2011-02-01,78.12478026948746
03,Baja California Sur,2011-03-01,77.81774816978114
03,Baja California Sur,2011-04-01,77.4778197736777
03,Baja California Sur,2011-05-01,77.8571495790096
03,Baja California Sur,2011-06-01,78.24912371118589
03,Baja California Sur,2011-07-01,78.6284535165178
03,Baja California Sur,2011-08-01,78.86178529095666
03,Baja California Sur,2011-09-01,79.09511706539554
03,Baja California Sur,2011-10-01,79.3209220084009
03,Baja California Sur,2011-11-01,79.16764156218952
03,Baja California Sur,2011-12-01,79.01930564650108
03,Baja California Sur,2012-01-01,78.8660252002897
03,Baja California Sur,2012-02-01,79.42117819381382
03,Baja California Sur,2012-03-01,79.94051486517509
03,Baja California Sur,2012-04-01,80.4956678586992
03,Baja California Sur,2012-05-01,80.13722348041395
03,Baja California Sur,2012-06-01,79.76683095618586
03,Baja California Sur,2012-07-01,79.4083865779006
03,Baja California Sur,2012-08-01,79.65956486440928
03,Baja California Sur,2012-09-01,79.91074315091797
03,Baja California Sur,2012-10-01,80.1538189120554
03,Baja California Sur,2012-11-01,79.10584343808016
03,Baja California Sur,2012-12-01,78.09167362455574
03,Baja California Sur,2013-01-01,77.0436981505805
03,Baja California Sur,2013-02-01,77.02709592877082
03,Baja California Sur,2013-03-01,77.01210037358787
03,Baja California Sur,2013-04-01,76.9954981517782
03,Baja California Sur,2013-05-01,77.75451388890325
03,Baja California Sur,2013-06-01,78.53883015059914
03,Baja California Sur,2013-07-01,79.2978458877242
03,Baja California Sur,2013-08-01,80.13196743935173
03,Baja California Sur,2013-09-01,80.96608899097926
03,Baja California Sur,2013-10-01,81.7733033957801
03,Baja California Sur,2013-11-01,81.48518477421587
03,Baja California Sur,2013-12-01,81.20636030173434
03,Baja California Sur,2014-01-01,80.9182416801701
03,Baja California Sur,2014-02-01,80.69956504333904
03,Baja California Sur,2014-03-01,80.50205066168516
03,Baja California Sur,2014-04-01,80.2833740248541
03,Baja California Sur,2014-05-01,80.20691941979048
03,Baja California Sur,2014-06-01,80.12791632789141
03,Baja California Sur,2014-07-01,80.0514617228278
03,Baja California Sur,2014-08-01,79.79044612703944
03,Baja California Sur,2014-09-01,79.5294305312511
03,Baja California Sur,2014-10-01,79.2768347933914
03,Baja California Sur,2014-11-01,80.39492437975127
03,Baja California Sur,2014-12-01,81.47694656009953
03,Baja California Sur,2015-01-01,82.5950361464594
03,Baja California Sur,2015-02-01,83.49643811427916
03,Baja California Sur,2015-03-01,84.31060763360024
03,Baja California Sur,2015-04-01,85.21200960142
03,Baja California Sur,2015-05-01,85.20250105011742
03,Baja California Sur,2015-06-01,85.19267554710477
03,Baja California Sur,2015-07-01,85.1831669958022
03,Baja California Sur,2015-08-01,85.17711933398171
03,Baja California Sur,2015-09-01,85.17107167216122
03,Baja California Sur,2015-10-01,85.1652190962059
03,Baja California Sur,2015-11-01,85.79067094748733
03,Baja California Sur,2015-12-01,86.39594693259838
03,Baja California Sur,2016-01-01,87.0213987838798
03,Baja California Sur,2016-02-01,87.18911200632054
03,Baja California Sur,2016-03-01,87.34600502086187
03,Baja California Sur,2016-04-01,87.5137182433026
03,Baja California Sur,2016-05-01,87.87311597013944
03,Baja California Sur,2016-06-01,88.24449362120417
03,Baja California Sur,2016-07-01,88.603891348041
03,Baja California Sur,2016-08-01,89.02731123265964
03,Baja California Sur,2016-09-01,89.4507311172783
03,Baja California Sur,2016-10-01,89.8604922959415
03,Baja California Sur,2016-11-01,90.10266843107014
03,Baja California Sur,2016-12-01,90.33703243280756
03,Baja California Sur,2017-01-01,90.5792085679362
03,Baja California Sur,2017-02-01,90.81656941331283
03,Baja California Sur,2017-03-01,91.03095985429817
03,Baja California Sur,2017-04-01,91.2683206996748
03,Baja California Sur,2017-05-01,91.73952842577684
03,Baja California Sur,2017-06-01,92.22644307608226
03,Baja California Sur,2017-07-01,92.6976508021843
03,Baja California Sur,2017-08-01,93.40063877864625
03,Baja California Sur,2017-09-01,94.10362675510822
03,Baja California Sur,2017-10-01,94.7839377000714
03,Baja California Sur,2017-11-01,96.47751818326282
03,Baja California Sur,2017-12-01,98.11646703796418
03,Baja California Sur,2018-01-01,99.8100475211556
03,Baja California Sur,2018-02-01,99.93082089681766
03,Baja California Sur,2018-03-01,100.03990652644794
03,Baja California Sur,2018-04-01,100.16067990211
03,Baja California Sur,2018-05-01,99.70806610023621
03,Baja California Sur,2018-06-01,99.2403651716333
03,Baja California Sur,2018-07-01,98.7877513697595
03,Baja California Sur,2018-08-01,99.45923070590825
03,Baja California Sur,2018-09-01,100.13071004205699
03,Baja California Sur,2018-10-01,100.780528754459
03,Baja California Sur,2018-11-01,99.68797613072338
03,Baja California Sur,2018-12-01,98.63066714001151
03,Baja California Sur,2019-01-01,97.5381145162759
03,Baja California Sur,2019-02-01,97.10260555166496
03,Baja California Sur,2019-03-01,96.70924261588733
03,Baja California Sur,2019-04-01,96.2737336512764
03,Baja California Sur,2019-05-01,96.12664373077072
03,Baja California Sur,2019-06-01,95.97465081291487
03,Baja California Sur,2019-07-01,95.8275608924092
03,Baja California Sur,2019-08-01,95.56824544370085
03,Baja California Sur,2019-09-01,95.30892999499248
03,Baja California Sur,2019-10-01,95.0579795607586
03,Baja California Sur,2019-11-01,95.1465726484919
03,Baja California Sur,2019-12-01,95.2323078946854
03,Baja California Sur,2020-01-01,95.3209009824187
03,Baja California Sur,2020-02-01,86.41116139324578
03,Baja California Sur,2020-03-01,78.07624371305172
03,Baja California Sur,2020-04-01,69.1665041238788
03,Baja California Sur,2020-05-01,73.06722856059883
03,Baja California Sur,2020-06-01,77.09797714520955
03,Baja California Sur,2020-07-01,80.9987015819296
03,Baja California Sur,2020-08-01,82.59941747169377
03,Baja California Sur,2020-09-01,84.20013336145793
03,Baja California Sur,2020-10-01,85.7492132547781
03,Baja California Sur,2020-11-01,85.34241454225617
03,Baja California Sur,2020-12-01,84.94873836884783
03,Baja California Sur,2021-01-01,84.5419396563259
03,Baja California Sur,2021-02-01,87.73589187313378
03,Baja California Sur,2021-03-01,90.62075193992801
03,Baja California Sur,2021-04-01,93.8147041567359
03,Baja California Sur,2021-05-01,94.44549734508878
03,Baja California Sur,2021-06-01,95.09731697305342
03,Baja California Sur,2021-07-01,95.7281101614063
03,Baja California Sur,2021-08-01,95.38293786925396
03,Baja California Sur,2021-09-01,95.03776557710161
03,Baja California Sur,2021-10-01,94.7037278750187
03,Baja California Sur,2021-11-01,93.68614389147112
03,Baja California Sur,2021-12-01,92.70138519771538
03,Baja California Sur,2022-01-01,91.6838012141678
03,Baja California Sur,2022-02-01,93.2762402412657
03,Baja California Sur,2022-03-01,94.71457226574121
03,Baja California Sur,2022-04-01,96.3070112928391
03,Baja California Sur,2022-05-01,97.03120383654264
03,Baja California Sur,2022-06-01,97.77953613170297
03,Baja California Sur,2022-07-01,98.5037286754065
03,Baja California Sur,2022-08-01,97.92690242333974
03,Baja California Sur,2022-09-01,97.35007617127299
03,Baja California Sur,2022-10-01,96.79185721766
03,Baja California Sur,2022-11-01,96.49201899788984
03,Baja California Sur,2022-12-01,96.20185297875746
03,Baja California Sur,2023-01-01,95.9020147589873
03,Baja California Sur,2023-02-01,96.22115498960454
03,Baja California Sur,2023-03-01,96.50941068177497
03,Baja California Sur,2023-04-01,96.8285509123922
03,Baja California Sur,2023-05-01,97.18762708224052
03,Baja California Sur,2023-06-01,97.55867245775048
03,Baja California Sur,2023-07-01,97.9177486275988
03,Baja California Sur,2023-08-01,98.04266705511951
03,Baja California Sur,2023-09-01,98.1675854826402
03,Baja California Sur,2023-10-01,98.2884742834667
03,Baja California Sur,2023-11-01,99.14269007994362
03,Baja California Sur,2023-12-01,99.96935052814707
03,Baja California Sur,2024-01-01,100.823566324624
03,Baja California Sur,2024-02-01,100.44584722459079
03,Baja California Sur,2024-03-01,100.0924970987533
03,Baja California Sur,2024-04-01,99.7147779987201
03,Baja California Sur,2024-05-01,99.62510724727393
03,Baja California Sur,2024-06-01,99.53244747077956
03,Baja California Sur,2024-07-01,99.4427767193334
03,Baja California Sur,2024-08-01,100.39838701514917
03,Baja California Sur,2024-09-01,101.35399731096494
03,Baja California Sur,2024-10-01,102.278781468206
03,Baja California Sur,2024-11-01,102.26147442026767
03,Baja California Sur,2024-12-01,102.24472566419833
04,Campeche,2004-01-01,176.452786415083
04,Campeche,2004-02-01,176.9497170150543
04,Campeche,2004-03-01,177.41458757631773
04,Campeche,2004-04-01,177.911518176289
04,Campeche,2004-05-01,178.57474861082528
04,Campeche,2004-06-01,179.26008672651272
04,Campeche,2004-07-01,179.923317161049
04,Campeche,2004-08-01,179.81194772120008
04,Campeche,2004-09-01,179.70057828135114
04,Campeche,2004-10-01,179.592801404078
04,Campeche,2004-11-01,177.50178567173762
04,Campeche,2004-12-01,175.47822205979537
04,Campeche,2005-01-01,173.387206327455
04,Campeche,2005-02-01,175.3839909461314
04,Campeche,2005-03-01,177.1875383436456
04,Campeche,2005-04-01,179.184322962322
04,Campeche,2005-05-01,178.10570040984254
04,Campeche,2005-06-01,176.99112377228045
04,Campeche,2005-07-01,175.912501219801
04,Campeche,2005-08-01,176.00598183974708
04,Campeche,2005-09-01,176.09946245969314
04,Campeche,2005-10-01,176.18992757577
04,Campeche,2005-11-01,175.97301143182568
04,Campeche,2005-12-01,175.76309258284732
04,Campeche,2006-01-01,175.546176438903
04,Campeche,2006-02-01,175.25523214171298
04,Campeche,2006-03-01,174.992443744251
04,Campeche,2006-04-01,174.701499447061
04,Campeche,2006-05-01,173.87225164003254
04,Campeche,2006-06-01,173.01536223943646
04,Campeche,2006-07-01,172.186114432408
04,Campeche,2006-08-01,169.1470112719115
04,Campeche,2006-09-01,166.10790811141501
04,Campeche,2006-10-01,163.166840536741
04,Campeche,2006-11-01,163.14440020831833
04,Campeche,2006-12-01,163.12268376145767
04,Campeche,2007-01-01,163.100243433035
04,Campeche,2007-02-01,163.78372266389277
04,Campeche,2007-03-01,164.4010587433772
04,Campeche,2007-04-01,165.084537974235
04,Campeche,2007-05-01,163.03183845900347
04,Campeche,2007-06-01,160.91071562659752
04,Campeche,2007-07-01,158.858016111366
04,Campeche,2007-08-01,157.28552804139736
04,Campeche,2007-09-01,155.71303997142874
04,Campeche,2007-10-01,154.191277323072
04,Campeche,2007-11-01,152.8850217670083
04,Campeche,2007-12-01,151.6209034869467
04,Campeche,2008-01-01,150.314647930883
04,Campeche,2008-02-01,149.17390359527027
04,Campeche,2008-03-01,148.10675566840675
04,Campeche,2008-04-01,146.966011332794
04,Campeche,2008-05-01,147.13184256592567
04,Campeche,2008-06-01,147.30320150682834
04,Campeche,2008-07-01,147.46903273996
04,Campeche,2008-08-01,147.0812105382542
04,Campeche,2008-09-01,146.6933883365484
04,Campeche,2008-10-01,146.318076528446
04,Campeche,2008-11-01,143.63562344053926
04,Campeche,2008-12-01,141.03970109740374
04,Campeche,2009-01-01,138.357248009497
04,Campeche,2009-02-01,137.10707146368017
04,Campeche,2009-03-01,135.97787974487784
04,Campeche,2009-04-01,134.727703199061
04,Campeche,2009-05-01,134.33366909543332
04,Campeche,2009-06-01,133.9265005216847
04,Campeche,2009-07-01,133.532466418057
04,Campeche,2009-08-01,132.7067536574539
04,Campeche,2009-09-01,131.88104089685078
04,Campeche,2009-10-01,131.081964031751
04,Campeche,2009-11-01,130.43195463061738
04,Campeche,2009-12-01,129.80291327468163
04,Campeche,2010-01-01,129.152903873548
04,Campeche,2010-02-01,129.69674129686567
04,Campeche,2010-03-01,130.18794929212035
04,Campeche,2010-04-01,130.731786715438
04,Campeche,2010-05-01,130.8241090595558
04,Campeche,2010-06-01,130.91950881514418
04,Campeche,2010-07-01,131.011831159262
04,Campeche,2010-08-01,130.66057667742038
04,Campeche,2010-09-01,130.30932219557877
04,Campeche,2010-10-01,129.969398503474
04,Campeche,2010-11-01,129.58680791773196
04,Campeche,2010-12-01,129.21655896378803
04,Campeche,2011-01-01,128.833968378046
04,Campeche,2011-02-01,128.62544891458444
04,Campeche,2011-03-01,128.43710875403855
04,Campeche,2011-04-01,128.228589290577
04,Campeche,2011-05-01,126.8449024944049
04,Campeche,2011-06-01,125.41509280502709
04,Campeche,2011-07-01,124.031406008855
04,Campeche,2011-08-01,124.89974625974101
04,Campeche,2011-09-01,125.76808651062703
04,Campeche,2011-10-01,126.608415785678
04,Campeche,2011-11-01,125.69609014604264
04,Campeche,2011-12-01,124.81319436575036
04,Campeche,2012-01-01,123.900868726115
04,Campeche,2012-02-01,123.5929184122245
04,Campeche,2012-03-01,123.30483586052048
04,Campeche,2012-04-01,122.99688554663
04,Campeche,2012-05-01,123.1704544312723
04,Campeche,2012-06-01,123.3498089454027
04,Campeche,2012-07-01,123.523377830045
04,Campeche,2012-08-01,123.2877465867607
04,Campeche,2012-09-01,123.05211534347642
04,Campeche,2012-10-01,122.82408510804
04,Campeche,2012-11-01,122.68498342218109
04,Campeche,2012-12-01,122.55036888747891
04,Campeche,2013-01-01,122.41126720162
04,Campeche,2013-02-01,123.07975223637968
04,Campeche,2013-03-01,123.68354517100133
04,Campeche,2013-04-01,124.352030205761
04,Campeche,2013-05-01,124.30356152816847
04,Campeche,2013-06-01,124.25347722798952
04,Campeche,2013-07-01,124.205008550397
04,Campeche,2013-08-01,123.91654481895722
04,Campeche,2013-09-01,123.62808108751744
04,Campeche,2013-10-01,123.348922637737
04,Campeche,2013-11-01,122.66600438234747
04,Campeche,2013-12-01,122.00511574809954
04,Campeche,2014-01-01,121.32219749271
04,Campeche,2014-02-01,121.55511763488195
04,Campeche,2014-03-01,121.76549711813405
04,Campeche,2014-04-01,121.998417260306
04,Campeche,2014-05-01,121.69362512583754
04,Campeche,2014-06-01,121.37867325355346
04,Campeche,2014-07-01,121.073881119085
04,Campeche,2014-08-01,122.42025689336658
04,Campeche,2014-09-01,123.76663266764815
04,Campeche,2014-10-01,125.06957696534
04,Campeche,2014-11-01,125.65210419476338
04,Campeche,2014-12-01,126.21584022323762
04,Campeche,2015-01-01,126.798367452661
04,Campeche,2015-02-01,125.1617226267935
04,Campeche,2015-03-01,123.68346278407449
04,Campeche,2015-04-01,122.046817958207
04,Campeche,2015-05-01,122.69066287542348
04,Campeche,2015-06-01,123.35596928988052
04,Campeche,2015-07-01,123.999814207097
04,Campeche,2015-08-01,123.50138688086999
04,Campeche,2015-09-01,123.00295955464298
04,Campeche,2015-10-01,122.520610529262
04,Campeche,2015-11-01,122.21091239263203
04,Campeche,2015-12-01,121.91120451847398
04,Campeche,2016-01-01,121.601506381844
04,Campeche,2016-02-01,120.30198460568162
04,Campeche,2016-03-01,119.08630294411039
04,Campeche,2016-04-01,117.786781167948
04,Campeche,2016-05-01,117.43103474791538
04,Campeche,2016-06-01,117.06343011388164
04,Campeche,2016-07-01,116.707683693849
04,Campeche,2016-08-01,115.59646619873304
04,Campeche,2016-09-01,114.48524870361707
04,Campeche,2016-10-01,113.40987693415
04,Campeche,2016-11-01,112.07655321233763
04,Campeche,2016-12-01,110.78623993316438
04,Campeche,2017-01-01,109.452916211352
04,Campeche,2017-02-01,109.00962509824703
04,Campeche,2017-03-01,108.60923312511997
04,Campeche,2017-04-01,108.165942012015
04,Campeche,2017-05-01,105.84435032383928
04,Campeche,2017-06-01,103.44537224605772
04,Campeche,2017-07-01,101.123780557882
04,Campeche,2017-08-01,101.80324731515961
04,Campeche,2017-09-01,102.48271407243722
04,Campeche,2017-10-01,103.140262547222
04,Campeche,2017-11-01,102.69653843359609
04,Campeche,2017-12-01,102.2671280010549
04,Campeche,2018-01-01,101.823403887429
04,Campeche,2018-02-01,101.64592242083623
04,Campeche,2018-03-01,101.48561658004277
04,Campeche,2018-04-01,101.30813511345
04,Campeche,2018-05-01,100.91388988568507
04,Campeche,2018-06-01,100.50650315032794
04,Campeche,2018-07-01,100.112257922563
04,Campeche,2018-08-01,99.02201385256684
04,Campeche,2018-09-01,97.9317697825707
04,Campeche,2018-10-01,96.8766948761228
04,Campeche,2018-11-01,96.47987591380515
04,Campeche,2018-12-01,96.09585756317516
04,Campeche,2019-01-01,95.6990386008575
04,Campeche,2019-02-01,95.52442592763451
04,Campeche,2019-03-01,95.366711255046
04,Campeche,2019-04-01,95.192098581823
04,Campeche,2019-05-01,95.68047586654019
04,Campeche,2019-06-01,96.18513239408131
04,Campeche,2019-07-01,96.6735096787985
04,Campeche,2019-08-01,96.47219545353741
04,Campeche,2019-09-01,96.27088122827631
04,Campeche,2019-10-01,96.0760610102817
04,Campeche,2019-11-01,96.09109446390529
04,Campeche,2019-12-01,96.10564296741201
04,Campeche,2020-01-01,96.1206764210356
04,Campeche,2020-02-01,92.86293072283895
04,Campeche,2020-03-01,89.81536216646144
04,Campeche,2020-04-01,86.5576164682648
04,Campeche,2020-05-01,86.679302200649
04,Campeche,2020-06-01,86.8050441241127
04,Campeche,2020-07-01,86.9267298564969
04,Campeche,2020-08-01,87.067853499138
04,Campeche,2020-09-01,87.20897714177909
04,Campeche,2020-10-01,87.3455484088511
04,Campeche,2020-11-01,87.51763935131063
04,Campeche,2020-12-01,87.68417897304566
04,Campeche,2021-01-01,87.8562699155052
04,Campeche,2021-02-01,87.77386227303975
04,Campeche,2021-03-01,87.69942956371614
04,Campeche,2021-04-01,87.6170219212507
04,Campeche,2021-05-01,87.0403547392584
04,Campeche,2021-06-01,86.44446531786639
04,Campeche,2021-07-01,85.8677981358741
04,Campeche,2021-08-01,85.52761356917121
04,Campeche,2021-09-01,85.1874290024683
04,Campeche,2021-10-01,84.8582181314655
04,Campeche,2021-11-01,84.40097931915376
04,Campeche,2021-12-01,83.95849014594884
04,Campeche,2022-01-01,83.5012513336371
04,Campeche,2022-02-01,83.62514215055045
04,Campeche,2022-03-01,83.73704353356895
04,Campeche,2022-04-01,83.8609343504823
04,Campeche,2022-05-01,83.52517794117904
04,Campeche,2022-06-01,83.17822965156566
04,Campeche,2022-07-01,82.8424732422624
04,Campeche,2022-08-01,83.22115155196164
04,Campeche,2022-09-01,83.5998298616609
04,Campeche,2022-10-01,83.966292742015
04,Campeche,2022-11-01,84.23038736102758
04,Campeche,2022-12-01,84.48596279878171
04,Campeche,2023-01-01,84.7500574177943
04,Campeche,2023-02-01,87.41197962670739
04,Campeche,2023-03-01,89.8162964605644
04,Campeche,2023-04-01,92.4782186694775
04,Campeche,2023-05-01,91.42007475512432
04,Campeche,2023-06-01,90.32665937695938
04,Campeche,2023-07-01,89.2685154626062
04,Campeche,2023-08-01,90.35750191233444
04,Campeche,2023-09-01,91.44648836206268
04,Campeche,2023-10-01,92.5003462166384
04,Campeche,2023-11-01,91.87634623447818
04,Campeche,2023-12-01,91.27247528400054
04,Campeche,2024-01-01,90.6484753018403
04,Campeche,2024-02-01,88.45825784676734
04,Campeche,2024-03-01,86.40934474363456
04,Campeche,2024-04-01,84.2191272885616
04,Campeche,2024-05-01,82.59524529883376
04,Campeche,2024-06-01,80.91723390944833
04,Campeche,2024-07-01,79.2933519197205
04,Campeche,2024-08-01,79.38959851021848
04,Campeche,2024-09-01,79.48584510071646
04,Campeche,2024-10-01,79.5789869624887
04,Campeche,2024-11-01,77.85888833012949
04,Campeche,2024-12-01,76.19427675042701
07,Chiapas,2004-01-01,85.1846769552244
07,Chiapas,2004-02-01,85.054457894488
07,Chiapas,2004-03-01,84.93264006347651
07,Chiapas,2004-04-01,84.8024210027401
07,Chiapas,2004-05-01,84.78641911647357
07,Chiapas,2004-06-01,84.76988383399814
07,Chiapas,2004-07-01,84.7538819477316
07,Chiapas,2004-08-01,85.03563654959723
07,Chiapas,2004-09-01,85.31739115146287
07,Chiapas,2004-10-01,85.5900568952038
07,Chiapas,2004-11-01,85.97351488322658
07,Chiapas,2004-12-01,86.34460325873252
07,Chiapas,2005-01-01,86.7280612467553
07,Chiapas,2005-02-01,87.26428484846502
07,Chiapas,2005-03-01,87.74861584355767
07,Chiapas,2005-04-01,88.2848394452674
07,Chiapas,2005-05-01,87.71069087482988
07,Chiapas,2005-06-01,87.11740401871111
07,Chiapas,2005-07-01,86.5432554482736
07,Chiapas,2005-08-01,86.65899353708569
07,Chiapas,2005-09-01,86.77473162589779
07,Chiapas,2005-10-01,86.886736227974
07,Chiapas,2005-11-01,86.87614453105037
07,Chiapas,2005-12-01,86.86589450176943
07,Chiapas,2006-01-01,86.8553028048458
07,Chiapas,2006-02-01,87.81326970648028
07,Chiapas,2006-03-01,88.67853013376302
07,Chiapas,2006-04-01,89.6364970353975
07,Chiapas,2006-05-01,90.62560405859227
07,Chiapas,2006-06-01,91.64768131589352
07,Chiapas,2006-07-01,92.6367883390883
07,Chiapas,2006-08-01,92.65486268974058
07,Chiapas,2006-09-01,92.67293704039285
07,Chiapas,2006-10-01,92.6904283474757
07,Chiapas,2006-11-01,92.54181889681881
07,Chiapas,2006-12-01,92.3980032994089
07,Chiapas,2007-01-01,92.249393848752
07,Chiapas,2007-02-01,92.01637188298227
07,Chiapas,2007-03-01,91.80590043002894
07,Chiapas,2007-04-01,91.5728784642592
07,Chiapas,2007-05-01,91.42845782850887
07,Chiapas,2007-06-01,91.27922317156684
07,Chiapas,2007-07-01,91.1348025358165
07,Chiapas,2007-08-01,90.8704591726693
07,Chiapas,2007-09-01,90.6061158095221
07,Chiapas,2007-10-01,90.3502996516377
07,Chiapas,2007-11-01,92.37391643086808
07,Chiapas,2007-12-01,94.33225524947812
07,Chiapas,2008-01-01,96.3558720287085
07,Chiapas,2008-02-01,96.22060512497937
07,Chiapas,2008-03-01,96.09406511826504
07,Chiapas,2008-04-01,95.9587982145359
07,Chiapas,2008-05-01,95.28001609510682
07,Chiapas,2008-06-01,94.57860790503008
07,Chiapas,2008-07-01,93.899825785601
07,Chiapas,2008-08-01,93.51245407861764
07,Chiapas,2008-09-01,93.12508237163426
07,Chiapas,2008-10-01,92.7502065261665
07,Chiapas,2008-11-01,92.69357850869301
07,Chiapas,2008-12-01,92.63877720146058
07,Chiapas,2009-01-01,92.5821491839871
07,Chiapas,2009-02-01,92.3170779432057
07,Chiapas,2009-03-01,92.0776587579838
07,Chiapas,2009-04-01,91.8125875172024
07,Chiapas,2009-05-01,92.6877445880288
07,Chiapas,2009-06-01,93.5920735612161
07,Chiapas,2009-07-01,94.4672306320425
07,Chiapas,2009-08-01,94.88463887245288
07,Chiapas,2009-09-01,95.30204711286325
07,Chiapas,2009-10-01,95.7059905713249
07,Chiapas,2009-11-01,96.21877477844717
07,Chiapas,2009-12-01,96.71501755953324
07,Chiapas,2010-01-01,97.2278017666555
07,Chiapas,2010-02-01,98.02843834887491
07,Chiapas,2010-03-01,98.7515939715247
07,Chiapas,2010-04-01,99.5522305537441
07,Chiapas,2010-05-01,101.1902496449545
07,Chiapas,2010-06-01,102.8828693725386
07,Chiapas,2010-07-01,104.520888463749
07,Chiapas,2010-08-01,103.73987070145085
07,Chiapas,2010-09-01,102.95885293915269
07,Chiapas,2010-10-01,102.203029298219
07,Chiapas,2010-11-01,101.72867111358005
07,Chiapas,2010-12-01,101.26961480586495
07,Chiapas,2011-01-01,100.795256621226
07,Chiapas,2011-02-01,101.82405514979122
07,Chiapas,2011-03-01,102.75329253043078
07,Chiapas,2011-04-01,103.782091058996
07,Chiapas,2011-05-01,103.42761101037885
07,Chiapas,2011-06-01,103.06131496014115
07,Chiapas,2011-07-01,102.706834911524
07,Chiapas,2011-08-01,102.96874966765095
07,Chiapas,2011-09-01,103.23066442377791
07,Chiapas,2011-10-01,103.484130316804
07,Chiapas,2011-11-01,103.95778854994879
07,Chiapas,2011-12-01,104.41616748525021
07,Chiapas,2012-01-01,104.889825718395
07,Chiapas,2012-02-01,104.71851965159749
07,Chiapas,2012-03-01,104.55826558910951
07,Chiapas,2012-04-01,104.386959522312
07,Chiapas,2012-05-01,104.79728579043474
07,Chiapas,2012-06-01,105.22128960082826
07,Chiapas,2012-07-01,105.631615868951
07,Chiapas,2012-08-01,105.54520158907522
07,Chiapas,2012-09-01,105.45878730919944
07,Chiapas,2012-10-01,105.375160586739
07,Chiapas,2012-11-01,103.86936451208692
07,Chiapas,2012-12-01,102.41214250435908
07,Chiapas,2013-01-01,100.906346429707
07,Chiapas,2013-02-01,101.1093988601194
07,Chiapas,2013-03-01,101.2928010553306
07,Chiapas,2013-04-01,101.495853485743
07,Chiapas,2013-05-01,101.70280992109926
07,Chiapas,2013-06-01,101.91666490430075
07,Chiapas,2013-07-01,102.123621339657
07,Chiapas,2013-08-01,103.31022347255973
07,Chiapas,2013-09-01,104.49682560546243
07,Chiapas,2013-10-01,105.645150250207
07,Chiapas,2013-11-01,106.34771350364569
07,Chiapas,2013-12-01,107.0276134263283
07,Chiapas,2014-01-01,107.730176679767
07,Chiapas,2014-02-01,107.49847073080012
07,Chiapas,2014-03-01,107.28918793818488
07,Chiapas,2014-04-01,107.057481989218
07,Chiapas,2014-05-01,106.99823580510262
07,Chiapas,2014-06-01,106.93701474818339
07,Chiapas,2014-07-01,106.877768564068
07,Chiapas,2014-08-01,106.41117665867571
07,Chiapas,2014-09-01,105.94458475328344
07,Chiapas,2014-10-01,105.493044199678
07,Chiapas,2014-11-01,104.55380277678941
07,Chiapas,2014-12-01,103.64485946431658
07,Chiapas,2015-01-01,102.705618041428
07,Chiapas,2015-02-01,103.0728735590111
07,Chiapas,2015-03-01,103.4045882200539
07,Chiapas,2015-04-01,103.771843737637
07,Chiapas,2015-05-01,103.56119016671052
07,Chiapas,2015-06-01,103.34351481008648
07,Chiapas,2015-07-01,103.13286123916
07,Chiapas,2015-08-01,103.23264707806439
07,Chiapas,2015-09-01,103.33243291696878
07,Chiapas,2015-10-01,103.428999857844
07,Chiapas,2015-11-01,103.58170976484915
07,Chiapas,2015-12-01,103.72949354582185
07,Chiapas,2016-01-01,103.882203452827
07,Chiapas,2016-02-01,104.0968366139267
07,Chiapas,2016-03-01,104.2976224743103
07,Chiapas,2016-04-01,104.51225563541
07,Chiapas,2016-05-01,104.76150083141923
07,Chiapas,2016-06-01,105.01905420062877
07,Chiapas,2016-07-01,105.268299396638
07,Chiapas,2016-08-01,105.02812569514573
07,Chiapas,2016-09-01,104.78795199365345
07,Chiapas,2016-10-01,104.555525830919
07,Chiapas,2016-11-01,104.49570514159682
07,Chiapas,2016-12-01,104.43781415193018
07,Chiapas,2017-01-01,104.377993462608
07,Chiapas,2017-02-01,103.50553357571694
07,Chiapas,2017-03-01,102.71750529078307
07,Chiapas,2017-04-01,101.845045403892
07,Chiapas,2017-05-01,101.26270394797629
07,Chiapas,2017-06-01,100.6609511101967
07,Chiapas,2017-07-01,100.078609654281
07,Chiapas,2017-08-01,100.47628988074872
07,Chiapas,2017-09-01,100.87397010721645
07,Chiapas,2017-10-01,101.258821939282
07,Chiapas,2017-11-01,101.58013214711802
07,Chiapas,2017-12-01,101.89107750953998
07,Chiapas,2018-01-01,102.212387717376
07,Chiapas,2018-02-01,101.51213769840564
07,Chiapas,2018-03-01,100.87965381030337
07,Chiapas,2018-04-01,100.179403791333
07,Chiapas,2018-05-01,100.50309606033234
07,Chiapas,2018-06-01,100.83757807163167
07,Chiapas,2018-07-01,101.161270340631
07,Chiapas,2018-08-01,99.74365259121788
07,Chiapas,2018-09-01,98.32603484180476
07,Chiapas,2018-10-01,96.9541466972114
07,Chiapas,2018-11-01,96.89021128120399
07,Chiapas,2018-12-01,96.82833829797102
07,Chiapas,2019-01-01,96.7644028819636
07,Chiapas,2019-02-01,97.0407639028728
07,Chiapas,2019-03-01,97.2903803088553
07,Chiapas,2019-04-01,97.5667413297645
07,Chiapas,2019-05-01,98.36228043290559
07,Chiapas,2019-06-01,99.18433750615141
07,Chiapas,2019-07-01,99.9798766092925
07,Chiapas,2019-08-01,100.08779115011806
07,Chiapas,2019-09-01,100.19570569094361
07,Chiapas,2019-10-01,100.300139117549
07,Chiapas,2019-11-01,99.8392944647536
07,Chiapas,2019-12-01,99.39331576849999
07,Chiapas,2020-01-01,98.9324711157046
07,Chiapas,2020-02-01,94.80384359015851
07,Chiapas,2020-03-01,90.94157913077669
07,Chiapas,2020-04-01,86.8129516052306
07,Chiapas,2020-05-01,90.43255180351832
07,Chiapas,2020-06-01,94.17280534174897
07,Chiapas,2020-07-01,97.7924055400367
07,Chiapas,2020-08-01,97.88870623074618
07,Chiapas,2020-09-01,97.98500692145566
07,Chiapas,2020-10-01,98.0782011382713
07,Chiapas,2020-11-01,98.68221275240597
07,Chiapas,2020-12-01,99.26674012092342
07,Chiapas,2021-01-01,99.870751735058093
07,Chiapas,2021-02-01,99.97332706159354
07,Chiapas,2021-03-01,100.06597574362556
07,Chiapas,2021-04-01,100.168551070161
07,Chiapas,2021-05-01,99.8747148770436
07,Chiapas,2021-06-01,99.5710841441556
07,Chiapas,2021-07-01,99.2772479510382
07,Chiapas,2021-08-01,99.96432959273672
07,Chiapas,2021-09-01,100.65141123443524
07,Chiapas,2021-10-01,101.316328952208
07,Chiapas,2021-11-01,101.94522610232954
07,Chiapas,2021-12-01,102.55383624760846
07,Chiapas,2022-01-01,103.18273339773
07,Chiapas,2022-02-01,104.72988529191763
07,Chiapas,2022-03-01,106.12731280924838
07,Chiapas,2022-04-01,107.674464703436
07,Chiapas,2022-05-01,107.57100185207304
07,Chiapas,2022-06-01,107.46409023899797
07,Chiapas,2022-07-01,107.360627387635
07,Chiapas,2022-08-01,106.95555676955412
07,Chiapas,2022-09-01,106.55048615147324
07,Chiapas,2022-10-01,106.158482327524
07,Chiapas,2022-11-01,106.13794380606996
07,Chiapas,2022-12-01,106.11806781756604
07,Chiapas,2023-01-01,106.097529296112
07,Chiapas,2023-02-01,105.89877335944055
07,Chiapas,2023-03-01,105.71925186825345
07,Chiapas,2023-04-01,105.520495931582
07,Chiapas,2023-05-01,106.30381761134146
07,Chiapas,2023-06-01,107.11325001375954
07,Chiapas,2023-07-01,107.896571693519
07,Chiapas,2023-08-01,108.39451682534633
07,Chiapas,2023-09-01,108.89246195717365
07,Chiapas,2023-10-01,109.374344342813
07,Chiapas,2023-11-01,109.2851022319895
07,Chiapas,2023-12-01,109.19873889893451
07,Chiapas,2024-01-01,109.109496788111
07,Chiapas,2024-02-01,109.16061694162066
07,Chiapas,2024-03-01,109.20843902071034
07,Chiapas,2024-04-01,109.25955917422
07,Chiapas,2024-05-01,109.57909772825879
07,Chiapas,2024-06-01,109.90928756743222
07,Chiapas,2024-07-01,110.228826121471
07,Chiapas,2024-08-01,110.56230647980736
07,Chiapas,2024-09-01,110.89578683814372
07,Chiapas,2024-10-01,111.218509765566
07,Chiapas,2024-11-01,111.39805158432125
07,Chiapas,2024-12-01,111.57180173150374
08,Chihuahua,2004-01-01,67.5970441985814
08,Chihuahua,2004-02-01,67.81572526763485
08,Chihuahua,2004-03-01,68.02029788062035
08,Chihuahua,2004-04-01,68.2389789496738
08,Chihuahua,2004-05-01,67.71559996834876
08,Chihuahua,2004-06-01,67.17477502097954
08,Chihuahua,2004-07-01,66.6513960396545
08,Chihuahua,2004-08-01,66.2459264161676
08,Chihuahua,2004-09-01,65.84045679268071
08,Chihuahua,2004-10-01,65.4480668344676
08,Chihuahua,2004-11-01,66.19116840206125
08,Chihuahua,2004-12-01,66.91029895134544
08,Chihuahua,2005-01-01,67.6534005189391
08,Chihuahua,2005-02-01,67.67762080056023
08,Chihuahua,2005-03-01,67.69949718395996
08,Chihuahua,2005-04-01,67.7237174655811
08,Chihuahua,2005-05-01,68.21563574020979
08,Chihuahua,2005-06-01,68.72395129065941
08,Chihuahua,2005-07-01,69.2158695652881
08,Chihuahua,2005-08-01,69.48045453473571
08,Chihuahua,2005-09-01,69.74503950418332
08,Chihuahua,2005-10-01,70.0010894746165
08,Chihuahua,2005-11-01,70.59538170920645
08,Chihuahua,2005-12-01,71.17050322655156
08,Chihuahua,2006-01-01,71.7647954611415
08,Chihuahua,2006-02-01,72.2251211583761
08,Chihuahua,2006-03-01,72.6408992074912
08,Chihuahua,2006-04-01,73.1012249047258
08,Chihuahua,2006-05-01,73.47064041702846
08,Chihuahua,2006-06-01,73.85236977974124
08,Chihuahua,2006-07-01,74.2217852920439
08,Chihuahua,2006-08-01,74.7024629124711
08,Chihuahua,2006-09-01,75.18314053289829
08,Chihuahua,2006-10-01,75.6483124236343
08,Chihuahua,2006-11-01,75.18029050055777
08,Chihuahua,2006-12-01,74.72736605887081
08,Chihuahua,2007-01-01,74.2593441357943
08,Chihuahua,2007-02-01,75.21418177742818
08,Chihuahua,2007-03-01,76.07661577632331
08,Chihuahua,2007-04-01,77.0314534179572
08,Chihuahua,2007-05-01,77.544651659994
08,Chihuahua,2007-06-01,78.07495651009869
08,Chihuahua,2007-07-01,78.5881547521355
08,Chihuahua,2007-08-01,78.63541634439316
08,Chihuahua,2007-09-01,78.68267793665082
08,Chihuahua,2007-10-01,78.7284149614163
08,Chihuahua,2007-11-01,79.23355779860857
08,Chihuahua,2007-12-01,79.72240570556883
08,Chihuahua,2008-01-01,80.2275485427611
08,Chihuahua,2008-02-01,80.65970915210629
08,Chihuahua,2008-03-01,81.06398843181631
08,Chihuahua,2008-04-01,81.4961490411615
08,Chihuahua,2008-05-01,81.17619001899575
08,Chihuahua,2008-06-01,80.84556569609114
08,Chihuahua,2008-07-01,80.5256066739254
08,Chihuahua,2008-08-01,80.58334402628358
08,Chihuahua,2008-09-01,80.64108137864177
08,Chihuahua,2008-10-01,80.6969562357626
08,Chihuahua,2008-11-01,78.32710924922279
08,Chihuahua,2008-12-01,76.03370893966812
08,Chihuahua,2009-01-01,73.6638619531283
08,Chihuahua,2009-02-01,72.55758599182126
08,Chihuahua,2009-03-01,71.55836899451165
08,Chihuahua,2009-04-01,70.4520930332046
08,Chihuahua,2009-05-01,71.42348998059123
08,Chihuahua,2009-06-01,72.42726682622408
08,Chihuahua,2009-07-01,73.3986637736107
08,Chihuahua,2009-08-01,73.65142545300313
08,Chihuahua,2009-09-01,73.90418713239553
08,Chihuahua,2009-10-01,74.1487952092269
08,Chihuahua,2009-11-01,74.50175653692921
08,Chihuahua,2009-12-01,74.8433320153508
08,Chihuahua,2010-01-01,75.1962933430531
08,Chihuahua,2010-02-01,75.35376046881844
08,Chihuahua,2010-03-01,75.49598884047747
08,Chihuahua,2010-04-01,75.6534559662428
08,Chihuahua,2010-05-01,75.78924332210357
08,Chihuahua,2010-06-01,75.92955692315972
08,Chihuahua,2010-07-01,76.0653442790205
08,Chihuahua,2010-08-01,75.84649090697465
08,Chihuahua,2010-09-01,75.62763753492881
08,Chihuahua,2010-10-01,75.415843949078
08,Chihuahua,2010-11-01,75.07372778209283
08,Chihuahua,2010-12-01,74.74264762049427
08,Chihuahua,2011-01-01,74.4005314535091
08,Chihuahua,2011-02-01,75.1641983132345
08,Chihuahua,2011-03-01,75.85396192847031
08,Chihuahua,2011-04-01,76.6176287881957
08,Chihuahua,2011-05-01,76.9986277215823
08,Chihuahua,2011-06-01,77.3923266194151
08,Chihuahua,2011-07-01,77.7733255528017
08,Chihuahua,2011-08-01,78.7053051571021
08,Chihuahua,2011-09-01,79.63728476140253
08,Chihuahua,2011-10-01,80.5392005074997
08,Chihuahua,2011-11-01,81.29751433247296
08,Chihuahua,2011-12-01,82.03136642115675
08,Chihuahua,2012-01-01,82.78968024613
08,Chihuahua,2012-02-01,82.73333350459826
08,Chihuahua,2012-03-01,82.68062203671374
08,Chihuahua,2012-04-01,82.624275295182
08,Chihuahua,2012-05-01,82.92357819606488
08,Chihuahua,2012-06-01,83.23285786031052
08,Chihuahua,2012-07-01,83.5321607611934
08,Chihuahua,2012-08-01,83.48827486133048
08,Chihuahua,2012-09-01,83.44438896146758
08,Chihuahua,2012-10-01,83.4019187357938
08,Chihuahua,2012-11-01,83.81668876941008
08,Chihuahua,2012-12-01,84.21807912452262
08,Chihuahua,2013-01-01,84.6328491581389
08,Chihuahua,2013-02-01,85.01592921818835
08,Chihuahua,2013-03-01,85.36193701436206
08,Chihuahua,2013-04-01,85.7450170744115
08,Chihuahua,2013-05-01,85.70310653940808
08,Chihuahua,2013-06-01,85.65979898657122
08,Chihuahua,2013-07-01,85.6178884515678
08,Chihuahua,2013-08-01,85.97880362435936
08,Chihuahua,2013-09-01,86.33971879715091
08,Chihuahua,2013-10-01,86.6889915450137
08,Chihuahua,2013-11-01,86.34854111804096
08,Chihuahua,2013-12-01,86.01907296290605
08,Chihuahua,2014-01-01,85.6786225359333
08,Chihuahua,2014-02-01,86.46080591599491
08,Chihuahua,2014-03-01,87.16729413024409
08,Chihuahua,2014-04-01,87.9494775103057
08,Chihuahua,2014-05-01,88.25025133197633
08,Chihuahua,2014-06-01,88.56105094770267
08,Chihuahua,2014-07-01,88.8618247693733
08,Chihuahua,2014-08-01,89.15348700546026
08,Chihuahua,2014-09-01,89.44514924154724
08,Chihuahua,2014-10-01,89.7274030184056
08,Chihuahua,2014-11-01,90.38262089534605
08,Chihuahua,2014-12-01,91.01670271174005
08,Chihuahua,2015-01-01,91.671920588680507
08,Chihuahua,2015-02-01,91.89195164490577
08,Chihuahua,2015-03-01,92.09068937310923
08,Chihuahua,2015-04-01,92.3107204293345
08,Chihuahua,2015-05-01,93.35584566141067
08,Chihuahua,2015-06-01,94.43580840122273
08,Chihuahua,2015-07-01,95.4809336332989
08,Chihuahua,2015-08-01,95.70415193524785
08,Chihuahua,2015-09-01,95.92737023719681
08,Chihuahua,2015-10-01,96.1433879487603
08,Chihuahua,2015-11-01,96.1172601218455
08,Chihuahua,2015-12-01,96.091975128057
08,Chihuahua,2016-01-01,96.0658473011422
08,Chihuahua,2016-02-01,96.16631139922818
08,Chihuahua,2016-03-01,96.26029394259892
08,Chihuahua,2016-04-01,96.3607580406849
08,Chihuahua,2016-05-01,96.78962755285033
08,Chihuahua,2016-06-01,97.23279271542127
08,Chihuahua,2016-07-01,97.6616622275867
08,Chihuahua,2016-08-01,97.93369702343965
08,Chihuahua,2016-09-01,98.20573181929261
08,Chihuahua,2016-10-01,98.4689912991503
08,Chihuahua,2016-11-01,98.77945483539055
08,Chihuahua,2016-12-01,99.07990341884886
08,Chihuahua,2017-01-01,99.3903669550891
08,Chihuahua,2017-02-01,99.4729493483353
08,Chihuahua,2017-03-01,99.5475398970738
08,Chihuahua,2017-04-01,99.63012229032
08,Chihuahua,2017-05-01,99.66857289999764
08,Chihuahua,2017-06-01,99.70830519666455
08,Chihuahua,2017-07-01,99.7467558063422
08,Chihuahua,2017-08-01,99.81060345276885
08,Chihuahua,2017-09-01,99.87445109919548
08,Chihuahua,2017-10-01,99.9362391441245
08,Chihuahua,2017-11-01,99.37106988311346
08,Chihuahua,2017-12-01,98.82413188858663
08,Chihuahua,2018-01-01,98.2589626275756
08,Chihuahua,2018-02-01,98.52206903649324
08,Chihuahua,2018-03-01,98.75971353487046
08,Chihuahua,2018-04-01,99.0228199437881
08,Chihuahua,2018-05-01,99.51445301965356
08,Chihuahua,2018-06-01,100.02247386471454
08,Chihuahua,2018-07-01,100.51410694058
08,Chihuahua,2018-08-01,101.02894771959164
08,Chihuahua,2018-09-01,101.54378849860326
08,Chihuahua,2018-10-01,102.04202151055
08,Chihuahua,2018-11-01,102.10120906329635
08,Chihuahua,2018-12-01,102.15848734014764
08,Chihuahua,2019-01-01,102.217674892894
08,Chihuahua,2019-02-01,102.15152957336795
08,Chihuahua,2019-03-01,102.09178541379605
08,Chihuahua,2019-04-01,102.02564009427
08,Chihuahua,2019-05-01,101.69941424730132
08,Chihuahua,2019-06-01,101.36231420543368
08,Chihuahua,2019-07-01,101.036088358465
08,Chihuahua,2019-08-01,101.24834290022329
08,Chihuahua,2019-09-01,101.46059744198159
08,Chihuahua,2019-10-01,101.666005063038
08,Chihuahua,2019-11-01,101.67951915019783
08,Chihuahua,2019-12-01,101.69259729906217
08,Chihuahua,2020-01-01,101.706111386222
08,Chihuahua,2020-02-01,95.64579740739303
08,Chihuahua,2020-03-01,89.97647142719818
08,Chihuahua,2020-04-01,83.9161574483692
08,Chihuahua,2020-05-01,88.16407135732447
08,Chihuahua,2020-06-01,92.55358239657824
08,Chihuahua,2020-07-01,96.8014963055335
08,Chihuahua,2020-08-01,97.20311564863688
08,Chihuahua,2020-09-01,97.60473499174027
08,Chihuahua,2020-10-01,97.9933988721629
08,Chihuahua,2020-11-01,98.15065840921557
08,Chihuahua,2020-12-01,98.30284505797623
08,Chihuahua,2021-01-01,98.4601045950289
08,Chihuahua,2021-02-01,98.62073092151346
08,Chihuahua,2021-03-01,98.76581276478984
08,Chihuahua,2021-04-01,98.9264390912744
08,Chihuahua,2021-05-01,98.95643089091557
08,Chihuahua,2021-06-01,98.98742241721143
08,Chihuahua,2021-07-01,99.0174142168526
08,Chihuahua,2021-08-01,99.48687111896604
08,Chihuahua,2021-09-01,99.95632802107947
08,Chihuahua,2021-10-01,100.410641152157
08,Chihuahua,2021-11-01,101.62792043070384
08,Chihuahua,2021-12-01,102.80593263574916
08,Chihuahua,2022-01-01,104.023211914296
08,Chihuahua,2022-02-01,104.97613189724743
08,Chihuahua,2022-03-01,105.83683381733258
08,Chihuahua,2022-04-01,106.789753800284
08,Chihuahua,2022-05-01,106.99681270348499
08,Chihuahua,2022-06-01,107.21077357012601
08,Chihuahua,2022-07-01,107.417832473327
08,Chihuahua,2022-08-01,107.6702956840569
08,Chihuahua,2022-09-01,107.92275889478678
08,Chihuahua,2022-10-01,108.167078130977
08,Chihuahua,2022-11-01,108.71036101811865
08,Chihuahua,2022-12-01,109.23611865083636
08,Chihuahua,2023-01-01,109.779401537978
08,Chihuahua,2023-02-01,109.82146165008594
08,Chihuahua,2023-03-01,109.85945142876406
08,Chihuahua,2023-04-01,109.901511540872
08,Chihuahua,2023-05-01,110.05125664665529
08,Chihuahua,2023-06-01,110.2059932559647
08,Chihuahua,2023-07-01,110.355738361748
08,Chihuahua,2023-08-01,110.06036129962312
08,Chihuahua,2023-09-01,109.76498423749827
08,Chihuahua,2023-10-01,109.4791354677
08,Chihuahua,2023-11-01,109.45546845198034
08,Chihuahua,2023-12-01,109.43256488838067
08,Chihuahua,2024-01-01,109.408897872661
08,Chihuahua,2024-02-01,108.9883512317084
08,Chihuahua,2024-03-01,108.59493663210759
08,Chihuahua,2024-04-01,108.174389991155
08,Chihuahua,2024-05-01,108.42410205900565
08,Chihuahua,2024-06-01,108.68213786245134
08,Chihuahua,2024-07-01,108.931849930302
08,Chihuahua,2024-08-01,108.62566643056658
08,Chihuahua,2024-09-01,108.31948293083117
08,Chihuahua,2024-10-01,108.023176318184
08,Chihuahua,2024-11-01,107.72690462464315
08,Chihuahua,2024-12-01,107.44019008250685
09,Ciudad de México,2004-01-01,78.8868460534507
09,Ciudad de México,2004-02-01,79.0776639792064
09,Ciudad de México,2004-03-01,79.25617107104239
09,Ciudad de México,2004-04-01,79.4469889967981
09,Ciudad de México,2004-05-01,79.17601403574766
09,Ciudad de México,2004-06-01,78.89600657599554
09,Ciudad de México,2004-07-01,78.6250316149451
09,Ciudad de México,2004-08-01,79.29688040050806
09,Ciudad de México,2004-09-01,79.96872918607102
09,Ciudad de México,2004-10-01,80.6189054301642
09,Ciudad de México,2004-11-01,80.16344998564061
09,Ciudad de México,2004-12-01,79.72268665223069
09,Ciudad de México,2005-01-01,79.2672312077071
09,Ciudad de México,2005-02-01,79.37081637784023
09,Ciudad de México,2005-03-01,79.46437717667017
09,Ciudad de México,2005-04-01,79.5679623468033
09,Ciudad de México,2005-05-01,79.86602922862134
09,Ciudad de México,2005-06-01,80.17403167316665
09,Ciudad de México,2005-07-01,80.4720985549847
09,Ciudad de México,2005-08-01,80.56881178382503
09,Ciudad de México,2005-09-01,80.66552501266537
09,Ciudad de México,2005-10-01,80.7591184599302
09,Ciudad de México,2005-11-01,81.87427163546927
09,Ciudad de México,2005-12-01,82.95345212792644
09,Ciudad de México,2006-01-01,84.0686053034655
09,Ciudad de México,2006-02-01,84.29206606531001
09,Ciudad de México,2006-03-01,84.49390159213729
09,Ciudad de México,2006-04-01,84.7173623539818
09,Ciudad de México,2006-05-01,84.46053737232846
09,Ciudad de México,2006-06-01,84.19515155795334
09,Ciudad de México,2006-07-01,83.9383265763
09,Ciudad de México,2006-08-01,83.57161285251112
09,Ciudad de México,2006-09-01,83.20489912872225
09,Ciudad de México,2006-10-01,82.8500148798943
09,Ciudad de México,2006-11-01,82.95874474686667
09,Ciudad de México,2006-12-01,83.06396719877543
09,Ciudad de México,2007-01-01,83.1726970657478
09,Ciudad de México,2007-02-01,83.9618565740655
09,Ciudad de México,2007-03-01,84.6746458073847
09,Ciudad de México,2007-04-01,85.4638053157024
09,Ciudad de México,2007-05-01,85.11551328164342
09,Ciudad de México,2007-06-01,84.75561151311578
09,Ciudad de México,2007-07-01,84.4073194790568
09,Ciudad de México,2007-08-01,84.26238546817038
09,Ciudad de México,2007-09-01,84.11745145728396
09,Ciudad de México,2007-10-01,83.9771927370713
09,Ciudad de México,2007-11-01,83.24601514789973
09,Ciudad de México,2007-12-01,82.53842393257239
09,Ciudad de México,2008-01-01,81.8072463434008
09,Ciudad de México,2008-02-01,82.95374492627842
09,Ciudad de México,2008-03-01,84.0262758586478
09,Ciudad de México,2008-04-01,85.1727744415254
09,Ciudad de México,2008-05-01,85.77980690689324
09,Ciudad de México,2008-06-01,86.40707378777336
09,Ciudad de México,2008-07-01,87.0141062531412
09,Ciudad de México,2008-08-01,86.88475784351456
09,Ciudad de México,2008-09-01,86.75540943388793
09,Ciudad de México,2008-10-01,86.6302335536041
09,Ciudad de México,2008-11-01,83.85696208781613
09,Ciudad de México,2008-12-01,81.17315099189227
09,Ciudad de México,2009-01-01,78.3998795261043
09,Ciudad de México,2009-02-01,78.64046394643479
09,Ciudad de México,2009-03-01,78.8577660035075
09,Ciudad de México,2009-04-01,79.098350423838
09,Ciudad de México,2009-05-01,80.04233492647514
09,Ciudad de México,2009-06-01,81.01778557920017
09,Ciudad de México,2009-07-01,81.9617700818373
09,Ciudad de México,2009-08-01,82.47140574699317
09,Ciudad de México,2009-09-01,82.98104141214904
09,Ciudad de México,2009-10-01,83.4742372171386
09,Ciudad de México,2009-11-01,83.62112011861542
09,Ciudad de México,2009-12-01,83.76326486198008
09,Ciudad de México,2010-01-01,83.9101477634569
09,Ciudad de México,2010-02-01,83.98534521078238
09,Ciudad de México,2010-03-01,84.05326548578603
09,Ciudad de México,2010-04-01,84.1284629331115
09,Ciudad de México,2010-05-01,84.06577961773618
09,Ciudad de México,2010-06-01,84.00100685851503
09,Ciudad de México,2010-07-01,83.9383235431397
09,Ciudad de México,2010-08-01,84.42164628169682
09,Ciudad de México,2010-09-01,84.90496902025396
09,Ciudad de México,2010-10-01,85.3727007027286
09,Ciudad de México,2010-11-01,85.70824230609367
09,Ciudad de México,2010-12-01,86.03295998676953
09,Ciudad de México,2011-01-01,86.3685015901346
09,Ciudad de México,2011-02-01,86.31982167927009
09,Ciudad de México,2011-03-01,86.27585272752151
09,Ciudad de México,2011-04-01,86.227172816657
09,Ciudad de México,2011-05-01,86.89959017256312
09,Ciudad de México,2011-06-01,87.59442144033278
09,Ciudad de México,2011-07-01,88.2668387962389
09,Ciudad de México,2011-08-01,88.3246933001372
09,Ciudad de México,2011-09-01,88.3825478040355
09,Ciudad de México,2011-10-01,88.4385360336145
09,Ciudad de México,2011-11-01,89.01990524316543
09,Ciudad de México,2011-12-01,89.58252060724698
09,Ciudad de México,2012-01-01,90.1638898167979
09,Ciudad de México,2012-02-01,90.19352373276169
09,Ciudad de México,2012-03-01,90.22124578317941
09,Ciudad de México,2012-04-01,90.2508796991432
09,Ciudad de México,2012-05-01,89.92137408514958
09,Ciudad de México,2012-06-01,89.58088495068952
09,Ciudad de México,2012-07-01,89.2513793366959
09,Ciudad de México,2012-08-01,89.89740160581675
09,Ciudad de México,2012-09-01,90.5434238749376
09,Ciudad de México,2012-10-01,91.1686067160223
09,Ciudad de México,2012-11-01,90.80707412679035
09,Ciudad de México,2012-12-01,90.45720387914655
09,Ciudad de México,2013-01-01,90.0956712899146
09,Ciudad de México,2013-02-01,90.13934135701344
09,Ciudad de México,2013-03-01,90.17878528858657
09,Ciudad de México,2013-04-01,90.2224553556854
09,Ciudad de México,2013-05-01,90.79130900958123
09,Ciudad de México,2013-06-01,91.37912445194027
09,Ciudad de México,2013-07-01,91.9479781058361
09,Ciudad de México,2013-08-01,92.0039169276332
09,Ciudad de México,2013-09-01,92.0598557494303
09,Ciudad de México,2013-10-01,92.1139900931049
09,Ciudad de México,2013-11-01,91.87723425340089
09,Ciudad de México,2013-12-01,91.64811569884861
09,Ciudad de México,2014-01-01,91.4113598591446
09,Ciudad de México,2014-02-01,91.75353555912244
09,Ciudad de México,2014-03-01,92.06259748168306
09,Ciudad de México,2014-04-01,92.4047731816609
09,Ciudad de México,2014-05-01,92.56401642155419
09,Ciudad de México,2014-06-01,92.72856776944391
09,Ciudad de México,2014-07-01,92.8878110093372
09,Ciudad de México,2014-08-01,93.0732947063611
09,Ciudad de México,2014-09-01,93.258778403385
09,Ciudad de México,2014-10-01,93.4382787553436
09,Ciudad de México,2014-11-01,93.65092774337295
09,Ciudad de México,2014-12-01,93.85671708662716
09,Ciudad de México,2015-01-01,94.0693660746565
09,Ciudad de México,2015-02-01,94.54836791657874
09,Ciudad de México,2015-03-01,94.98101474154076
09,Ciudad de México,2015-04-01,95.460016583463
09,Ciudad de México,2015-05-01,95.46824579312802
09,Ciudad de México,2015-06-01,95.47674930978188
09,Ciudad de México,2015-07-01,95.4849785194469
09,Ciudad de México,2015-08-01,95.25048953748242
09,Ciudad de México,2015-09-01,95.01600055551795
09,Ciudad de México,2015-10-01,94.789075734262
09,Ciudad de México,2015-11-01,95.0817566007601
09,Ciudad de México,2015-12-01,95.36499614898409
09,Ciudad de México,2016-01-01,95.6576770154822
09,Ciudad de México,2016-02-01,95.66204518806884
09,Ciudad de México,2016-03-01,95.66613154306924
09,Ciudad de México,2016-04-01,95.6704997156559
09,Ciudad de México,2016-05-01,96.00949081366606
09,Ciudad de México,2016-06-01,96.35978161494323
09,Ciudad de México,2016-07-01,96.6987727129534
09,Ciudad de México,2016-08-01,97.42756199768512
09,Ciudad de México,2016-09-01,98.15635128241682
09,Ciudad de México,2016-10-01,98.861631235383
09,Ciudad de México,2016-11-01,99.13602317134004
09,Ciudad de México,2016-12-01,99.40156375452426
09,Ciudad de México,2017-01-01,99.6759556904813
09,Ciudad de México,2017-02-01,99.6079298818962
09,Ciudad de México,2017-03-01,99.54648721607741
09,Ciudad de México,2017-04-01,99.4784614074923
09,Ciudad de México,2017-05-01,98.70242211823667
09,Ciudad de México,2017-06-01,97.90051485267253
09,Ciudad de México,2017-07-01,97.1244755634169
09,Ciudad de México,2017-08-01,97.65027515820422
09,Ciudad de México,2017-09-01,98.17607475299157
09,Ciudad de México,2017-10-01,98.6849130705277
09,Ciudad de México,2017-11-01,98.86565602712287
09,Ciudad de México,2017-12-01,99.04056856576334
09,Ciudad de México,2018-01-01,99.2213115223585
09,Ciudad de México,2018-02-01,99.03763556223377
09,Ciudad de México,2018-03-01,98.87173469502433
09,Ciudad de México,2018-04-01,98.6880587348996
09,Ciudad de México,2018-05-01,99.28413730019676
09,Ciudad de México,2018-06-01,99.90008515100384
09,Ciudad de México,2018-07-01,100.496163716301
09,Ciudad de México,2018-08-01,100.8664289393851
09,Ciudad de México,2018-09-01,101.23669416246922
09,Ciudad de México,2018-10-01,101.595015346099
09,Ciudad de México,2018-11-01,101.26127020421708
09,Ciudad de México,2018-12-01,100.93829103465391
09,Ciudad de México,2019-01-01,100.604545892772
09,Ciudad de México,2019-02-01,99.99873176388004
09,Ciudad de México,2019-03-01,99.45154480875185
09,Ciudad de México,2019-04-01,98.8457306798599
09,Ciudad de México,2019-05-01,99.3366802157352
09,Ciudad de México,2019-06-01,99.84399473613969
09,Ciudad de México,2019-07-01,100.334944272015
09,Ciudad de México,2019-08-01,99.914101244235
09,Ciudad de México,2019-09-01,99.493258216455
09,Ciudad de México,2019-10-01,99.0859907702163
09,Ciudad de México,2019-11-01,97.7959544226925
09,Ciudad de México,2019-12-01,96.5475321508953
09,Ciudad de México,2020-01-01,95.2574958033715
09,Ciudad de México,2020-02-01,89.59688454126189
09,Ciudad de México,2020-03-01,84.30147400574
09,Ciudad de México,2020-04-01,78.6408627436304
09,Ciudad de México,2020-05-01,82.1916114354252
09,Ciudad de México,2020-06-01,85.8607184169465
09,Ciudad de México,2020-07-01,89.4114671087413
09,Ciudad de México,2020-08-01,91.18172154660712
09,Ciudad de México,2020-09-01,92.95197598447292
09,Ciudad de México,2020-10-01,94.6651254404721
09,Ciudad de México,2020-11-01,95.3495943297097
09,Ciudad de México,2020-12-01,96.01198357735899
09,Ciudad de México,2021-01-01,96.6964524665966
09,Ciudad de México,2021-02-01,96.62421073268436
09,Ciudad de México,2021-03-01,96.55896013431203
09,Ciudad de México,2021-04-01,96.4867184003998
09,Ciudad de México,2021-05-01,95.26870573345172
09,Ciudad de México,2021-06-01,94.01009264427206
09,Ciudad de México,2021-07-01,92.792079977324
09,Ciudad de México,2021-08-01,92.99064926138762
09,Ciudad de México,2021-09-01,93.18921854545123
09,Ciudad de México,2021-10-01,93.3813823687386
09,Ciudad de México,2021-11-01,94.59422758050646
09,Ciudad de México,2021-12-01,95.76794875318504
09,Ciudad de México,2022-01-01,96.9807939649529
09,Ciudad de México,2022-02-01,97.17715058707144
09,Ciudad de México,2022-03-01,97.35450495543655
09,Ciudad de México,2022-04-01,97.5508615775551
09,Ciudad de México,2022-05-01,97.9461555624421
09,Ciudad de México,2022-06-01,98.354626013492
09,Ciudad de México,2022-07-01,98.749919998379
09,Ciudad de México,2022-08-01,99.65062315645234
09,Ciudad de México,2022-09-01,100.55132631452567
09,Ciudad de México,2022-10-01,101.422974532016
09,Ciudad de México,2022-11-01,101.32314835344441
09,Ciudad de México,2022-12-01,101.22654237418159
09,Ciudad de México,2023-01-01,101.12671619561
09,Ciudad de México,2023-02-01,101.72104216054481
09,Ciudad de México,2023-03-01,102.25785270951819
09,Ciudad de México,2023-04-01,102.852178674453
09,Ciudad de México,2023-05-01,103.22659631232992
09,Ciudad de México,2023-06-01,103.61349453813608
09,Ciudad de México,2023-07-01,103.987912176013
09,Ciudad de México,2023-08-01,103.81462496553317
09,Ciudad de México,2023-09-01,103.64133775505334
09,Ciudad de México,2023-10-01,103.473640454589
09,Ciudad de México,2023-11-01,104.07131521601795
09,Ciudad de México,2023-12-01,104.64971014643305
09,Ciudad de México,2024-01-01,105.247384907862
09,Ciudad de México,2024-02-01,105.07538987791672
09,Ciudad de México,2024-03-01,104.91449130151628
09,Ciudad de México,2024-04-01,104.742496271571
09,Ciudad de México,2024-05-01,104.89760655953957
09,Ciudad de México,2024-06-01,105.05788719044043
09,Ciudad de México,2024-07-01,105.212997478409
09,Ciudad de México,2024-08-01,105.13161285971518
09,Ciudad de México,2024-09-01,105.05022824102137
09,Ciudad de México,2024-10-01,104.971468932608
09,Ciudad de México,2024-11-01,105.12552592406318
09,Ciudad de México,2024-12-01,105.27461333514883
05,Coahuila de Zaragoza,2004-01-01,76.6974148831478
05,Coahuila de Zaragoza,2004-02-01,76.10338812350523
05,Coahuila de Zaragoza,2004-03-01,75.54768567093637
05,Coahuila de Zaragoza,2004-04-01,74.9536589112938
05,Coahuila de Zaragoza,2004-05-01,75.18142563753264
05,Coahuila de Zaragoza,2004-06-01,75.41678458797946
05,Coahuila de Zaragoza,2004-07-01,75.6445513142183
05,Coahuila de Zaragoza,2004-08-01,75.7004292801843
05,Coahuila de Zaragoza,2004-09-01,75.75630724615027
05,Coahuila de Zaragoza,2004-10-01,75.8103826970851
05,Coahuila de Zaragoza,2004-11-01,75.45685690500576
05,Coahuila de Zaragoza,2004-12-01,75.11473517073544
05,Coahuila de Zaragoza,2005-01-01,74.7612093786561
05,Coahuila de Zaragoza,2005-02-01,75.42967359794254
05,Coahuila de Zaragoza,2005-03-01,76.03344773149156
05,Coahuila de Zaragoza,2005-04-01,76.701911950778
05,Coahuila de Zaragoza,2005-05-01,76.96022945768514
05,Coahuila de Zaragoza,2005-06-01,77.22715754815586
05,Coahuila de Zaragoza,2005-07-01,77.485475055063
05,Coahuila de Zaragoza,2005-08-01,78.32657900772953
05,Coahuila de Zaragoza,2005-09-01,79.16768296039605
05,Coahuila de Zaragoza,2005-10-01,79.9816545274927
05,Coahuila de Zaragoza,2005-11-01,80.81912787538175
05,Coahuila de Zaragoza,2005-12-01,81.62958595398405
05,Coahuila de Zaragoza,2006-01-01,82.4670593018731
05,Coahuila de Zaragoza,2006-02-01,82.64314263547978
05,Coahuila de Zaragoza,2006-03-01,82.80218564647933
05,Coahuila de Zaragoza,2006-04-01,82.978268980086
05,Coahuila de Zaragoza,2006-05-01,82.55457821989734
05,Coahuila de Zaragoza,2006-06-01,82.11676443436906
05,Coahuila de Zaragoza,2006-07-01,81.6930736741804
05,Coahuila de Zaragoza,2006-08-01,81.56911485759434
05,Coahuila de Zaragoza,2006-09-01,81.44515604100829
05,Coahuila de Zaragoza,2006-10-01,81.325195895925
05,Coahuila de Zaragoza,2006-11-01,81.02912791701884
05,Coahuila de Zaragoza,2006-12-01,80.74261051807737
05,Coahuila de Zaragoza,2007-01-01,80.4465425391712
05,Coahuila de Zaragoza,2007-02-01,82.14451735288439
05,Coahuila de Zaragoza,2007-03-01,83.67817202333501
05,Coahuila de Zaragoza,2007-04-01,85.3761468370482
05,Coahuila de Zaragoza,2007-05-01,85.62252999887536
05,Coahuila de Zaragoza,2007-06-01,85.87712593276343
05,Coahuila de Zaragoza,2007-07-01,86.1235090945906
05,Coahuila de Zaragoza,2007-08-01,86.12570622239554
05,Coahuila de Zaragoza,2007-09-01,86.12790335020046
05,Coahuila de Zaragoza,2007-10-01,86.1300296029149
05,Coahuila de Zaragoza,2007-11-01,85.67165254852648
05,Coahuila de Zaragoza,2007-12-01,85.22806185073122
05,Coahuila de Zaragoza,2008-01-01,84.7696847963428
05,Coahuila de Zaragoza,2008-02-01,84.35711385595339
05,Coahuila de Zaragoza,2008-03-01,83.97116039558911
05,Coahuila de Zaragoza,2008-04-01,83.5585894551997
05,Coahuila de Zaragoza,2008-05-01,83.33249585992078
05,Coahuila de Zaragoza,2008-06-01,83.09886581146591
05,Coahuila de Zaragoza,2008-07-01,82.872772216187
05,Coahuila de Zaragoza,2008-08-01,82.28475063695139
05,Coahuila de Zaragoza,2008-09-01,81.69672905771577
05,Coahuila de Zaragoza,2008-10-01,81.12767591652
05,Coahuila de Zaragoza,2008-11-01,75.71132121972313
05,Coahuila de Zaragoza,2008-12-01,70.46968764217777
05,Coahuila de Zaragoza,2009-01-01,65.0533329453809
05,Coahuila de Zaragoza,2009-02-01,64.07084182140348
05,Coahuila de Zaragoza,2009-03-01,63.18343048361742
05,Coahuila de Zaragoza,2009-04-01,62.20093935964
05,Coahuila de Zaragoza,2009-05-01,64.11831211574223
05,Coahuila de Zaragoza,2009-06-01,66.09959729704788
05,Coahuila de Zaragoza,2009-07-01,68.0169700531501
05,Coahuila de Zaragoza,2009-08-01,69.96020291597718
05,Coahuila de Zaragoza,2009-09-01,71.90343577880427
05,Coahuila de Zaragoza,2009-10-01,73.7839837105724
05,Coahuila de Zaragoza,2009-11-01,74.93278024867313
05,Coahuila de Zaragoza,2009-12-01,76.04451883393187
05,Coahuila de Zaragoza,2010-01-01,77.1933153720326
05,Coahuila de Zaragoza,2010-02-01,78.11386264942105
05,Coahuila de Zaragoza,2010-03-01,78.94532470641705
05,Coahuila de Zaragoza,2010-04-01,79.8658719838055
05,Coahuila de Zaragoza,2010-05-01,80.5167717761288
05,Coahuila de Zaragoza,2010-06-01,81.1893682281962
05,Coahuila de Zaragoza,2010-07-01,81.8402680205195
05,Coahuila de Zaragoza,2010-08-01,82.32512187722217
05,Coahuila de Zaragoza,2010-09-01,82.80997573392484
05,Coahuila de Zaragoza,2010-10-01,83.2791891436371
05,Coahuila de Zaragoza,2010-11-01,84.180818426401
05,Coahuila de Zaragoza,2010-12-01,85.0533628935919
05,Coahuila de Zaragoza,2011-01-01,85.9549921763558
05,Coahuila de Zaragoza,2011-02-01,85.26606065518963
05,Coahuila de Zaragoza,2011-03-01,84.64379992639437
05,Coahuila de Zaragoza,2011-04-01,83.9548684052282
05,Coahuila de Zaragoza,2011-05-01,84.41579402367597
05,Coahuila de Zaragoza,2011-06-01,84.89208382940532
05,Coahuila de Zaragoza,2011-07-01,85.3530094478531
05,Coahuila de Zaragoza,2011-08-01,85.96303657423493
05,Coahuila de Zaragoza,2011-09-01,86.57306370061677
05,Coahuila de Zaragoza,2011-10-01,87.1634125325992
05,Coahuila de Zaragoza,2011-11-01,88.27073546784737
05,Coahuila de Zaragoza,2011-12-01,89.34233830841012
05,Coahuila de Zaragoza,2012-01-01,90.4496612436583
05,Coahuila de Zaragoza,2012-02-01,90.73750533289254
05,Coahuila de Zaragoza,2012-03-01,91.00677883572456
05,Coahuila de Zaragoza,2012-04-01,91.2946229249588
05,Coahuila de Zaragoza,2012-05-01,91.12541240511983
05,Coahuila de Zaragoza,2012-06-01,90.95056153461957
05,Coahuila de Zaragoza,2012-07-01,90.7813510147806
05,Coahuila de Zaragoza,2012-08-01,90.15031877877563
05,Coahuila de Zaragoza,2012-09-01,89.51928654277066
05,Coahuila de Zaragoza,2012-10-01,88.9086101853465
05,Coahuila de Zaragoza,2012-11-01,88.43410025748089
05,Coahuila de Zaragoza,2012-12-01,87.97489710148191
05,Coahuila de Zaragoza,2013-01-01,87.5003871736163
05,Coahuila de Zaragoza,2013-02-01,88.03190142800516
05,Coahuila de Zaragoza,2013-03-01,88.51197881906604
05,Coahuila de Zaragoza,2013-04-01,89.0434930734549
05,Coahuila de Zaragoza,2013-05-01,89.51948857646262
05,Coahuila de Zaragoza,2013-06-01,90.01135059623728
05,Coahuila de Zaragoza,2013-07-01,90.487346099245
05,Coahuila de Zaragoza,2013-08-01,90.72950533180864
05,Coahuila de Zaragoza,2013-09-01,90.97166456437228
05,Coahuila de Zaragoza,2013-10-01,91.2060122087887
05,Coahuila de Zaragoza,2013-11-01,92.04341454802014
05,Coahuila de Zaragoza,2013-12-01,92.85380390856668
05,Coahuila de Zaragoza,2014-01-01,93.6912062477981
05,Coahuila de Zaragoza,2014-02-01,93.9018078952301
05,Coahuila de Zaragoza,2014-03-01,94.0920287380719
05,Coahuila de Zaragoza,2014-04-01,94.3026303855039
05,Coahuila de Zaragoza,2014-05-01,93.95738065355606
05,Coahuila de Zaragoza,2014-06-01,93.60062259720995
05,Coahuila de Zaragoza,2014-07-01,93.2553728652621
05,Coahuila de Zaragoza,2014-08-01,93.25188605999566
05,Coahuila de Zaragoza,2014-09-01,93.24839925472921
05,Coahuila de Zaragoza,2014-10-01,93.245024927052
05,Coahuila de Zaragoza,2014-11-01,92.94446404637786
05,Coahuila de Zaragoza,2014-12-01,92.65359867798354
05,Coahuila de Zaragoza,2015-01-01,92.3530377973094
05,Coahuila de Zaragoza,2015-02-01,92.47371090385832
05,Coahuila de Zaragoza,2015-03-01,92.58270596783798
05,Coahuila de Zaragoza,2015-04-01,92.7033790743869
05,Coahuila de Zaragoza,2015-05-01,93.33495665100254
05,Coahuila de Zaragoza,2015-06-01,93.98758681350536
05,Coahuila de Zaragoza,2015-07-01,94.619164390121
05,Coahuila de Zaragoza,2015-08-01,93.94373248099849
05,Coahuila de Zaragoza,2015-09-01,93.26830057187598
05,Coahuila de Zaragoza,2015-10-01,92.6146567888542
05,Coahuila de Zaragoza,2015-11-01,92.39291143182237
05,Coahuila de Zaragoza,2015-12-01,92.17831915082384
05,Coahuila de Zaragoza,2016-01-01,91.956573793792
05,Coahuila de Zaragoza,2016-02-01,91.96911648350378
05,Coahuila de Zaragoza,2016-03-01,91.98084996742772
05,Coahuila de Zaragoza,2016-04-01,91.9933926571395
05,Coahuila de Zaragoza,2016-05-01,92.47096940741108
05,Coahuila de Zaragoza,2016-06-01,92.96446538269171
05,Coahuila de Zaragoza,2016-07-01,93.4420421329633
05,Coahuila de Zaragoza,2016-08-01,94.2557876760813
05,Coahuila de Zaragoza,2016-09-01,95.06953321919931
05,Coahuila de Zaragoza,2016-10-01,95.8570289060877
05,Coahuila de Zaragoza,2016-11-01,96.13716788622762
05,Coahuila de Zaragoza,2016-12-01,96.40827012507269
05,Coahuila de Zaragoza,2017-01-01,96.6884091052126
05,Coahuila de Zaragoza,2017-02-01,96.77097806540633
05,Coahuila de Zaragoza,2017-03-01,96.84555648106517
05,Coahuila de Zaragoza,2017-04-01,96.9281254412589
05,Coahuila de Zaragoza,2017-05-01,96.85562628557375
05,Coahuila de Zaragoza,2017-06-01,96.78071049136575
05,Coahuila de Zaragoza,2017-07-01,96.7082113356806
05,Coahuila de Zaragoza,2017-08-01,97.6653254918088
05,Coahuila de Zaragoza,2017-09-01,98.62243964793699
05,Coahuila de Zaragoza,2017-10-01,99.5486791538675
05,Coahuila de Zaragoza,2017-11-01,99.88427364809266
05,Coahuila de Zaragoza,2017-12-01,100.20904251347184
05,Coahuila de Zaragoza,2018-01-01,100.544637007697
05,Coahuila de Zaragoza,2018-02-01,99.88087866475564
05,Coahuila de Zaragoza,2018-03-01,99.28135500016346
05,Coahuila de Zaragoza,2018-04-01,98.6175966572221
05,Coahuila de Zaragoza,2018-05-01,99.48614588480129
05,Coahuila de Zaragoza,2018-06-01,100.3836467532998
05,Coahuila de Zaragoza,2018-07-01,101.252195980879
05,Coahuila de Zaragoza,2018-08-01,100.69653732285946
05,Coahuila de Zaragoza,2018-09-01,100.1408786648399
05,Coahuila de Zaragoza,2018-10-01,99.6031444796597
05,Coahuila de Zaragoza,2018-11-01,99.32071695741611
05,Coahuila de Zaragoza,2018-12-01,99.0474000004062
05,Coahuila de Zaragoza,2019-01-01,98.7649724781626
05,Coahuila de Zaragoza,2019-02-01,99.32093417198385
05,Coahuila de Zaragoza,2019-03-01,99.82309312124175
05,Coahuila de Zaragoza,2019-04-01,100.379054815063
05,Coahuila de Zaragoza,2019-05-01,100.45475296961652
05,Coahuila de Zaragoza,2019-06-01,100.53297439598848
05,Coahuila de Zaragoza,2019-07-01,100.608672550542
05,Coahuila de Zaragoza,2019-08-01,98.68042481021408
05,Coahuila de Zaragoza,2019-09-01,96.75217706988614
05,Coahuila de Zaragoza,2019-10-01,94.8861308695688
05,Coahuila de Zaragoza,2019-11-01,94.07892993039785
05,Coahuila de Zaragoza,2019-12-01,93.29776773120015
05,Coahuila de Zaragoza,2020-01-01,92.4905667920292
05,Coahuila de Zaragoza,2020-02-01,85.2531240567401
05,Coahuila de Zaragoza,2020-03-01,78.48261311082449
05,Coahuila de Zaragoza,2020-04-01,71.2451703755354
05,Coahuila de Zaragoza,2020-05-01,77.57417373612914
05,Coahuila de Zaragoza,2020-06-01,84.11414387540935
05,Coahuila de Zaragoza,2020-07-01,90.4431472360031
05,Coahuila de Zaragoza,2020-08-01,92.02765478432546
05,Coahuila de Zaragoza,2020-09-01,93.61216233264783
05,Coahuila de Zaragoza,2020-10-01,95.1455567342501
05,Coahuila de Zaragoza,2020-11-01,95.50107063092457
05,Coahuila de Zaragoza,2020-12-01,95.84511633738373
05,Coahuila de Zaragoza,2021-01-01,96.2006302340582
05,Coahuila de Zaragoza,2021-02-01,97.09942561234645
05,Coahuila de Zaragoza,2021-03-01,97.91124079273584
05,Coahuila de Zaragoza,2021-04-01,98.8100361710241
05,Coahuila de Zaragoza,2021-05-01,96.8758040767094
05,Coahuila de Zaragoza,2021-06-01,94.8770975792509
05,Coahuila de Zaragoza,2021-07-01,92.9428654849362
05,Coahuila de Zaragoza,2021-08-01,92.90792474816352
05,Coahuila de Zaragoza,2021-09-01,92.87298401139083
05,Coahuila de Zaragoza,2021-10-01,92.8391703951592
05,Coahuila de Zaragoza,2021-11-01,93.71980655807728
05,Coahuila de Zaragoza,2021-12-01,94.57203510283672
05,Coahuila de Zaragoza,2022-01-01,95.4526712657548
05,Coahuila de Zaragoza,2022-02-01,95.654257206174
05,Coahuila de Zaragoza,2022-03-01,95.83633482977841
05,Coahuila de Zaragoza,2022-04-01,96.0379207701976
05,Coahuila de Zaragoza,2022-05-01,96.28135845062698
05,Coahuila de Zaragoza,2022-06-01,96.53291072040402
05,Coahuila de Zaragoza,2022-07-01,96.7763484008334
05,Coahuila de Zaragoza,2022-08-01,97.18092041574441
05,Coahuila de Zaragoza,2022-09-01,97.5854924306554
05,Coahuila de Zaragoza,2022-10-01,97.977013735408
05,Coahuila de Zaragoza,2022-11-01,97.57655288617232
05,Coahuila de Zaragoza,2022-12-01,97.18901012884747
05,Coahuila de Zaragoza,2023-01-01,96.7885492796118
05,Coahuila de Zaragoza,2023-02-01,95.9658313214354
05,Coahuila de Zaragoza,2023-03-01,95.22273123017929
05,Coahuila de Zaragoza,2023-04-01,94.4000132720029
05,Coahuila de Zaragoza,2023-05-01,94.77862403700476
05,Coahuila de Zaragoza,2023-06-01,95.16985516084003
05,Coahuila de Zaragoza,2023-07-01,95.5484659258419
05,Coahuila de Zaragoza,2023-08-01,95.23561620460782
05,Coahuila de Zaragoza,2023-09-01,94.92276648337375
05,Coahuila de Zaragoza,2023-10-01,94.6200086886311
05,Coahuila de Zaragoza,2023-11-01,94.10939220682425
05,Coahuila de Zaragoza,2023-12-01,93.61524722443055
05,Coahuila de Zaragoza,2024-01-01,93.1046307426237
05,Coahuila de Zaragoza,2024-02-01,93.8708691262766
05,Coahuila de Zaragoza,2024-03-01,94.5876727755003
05,Coahuila de Zaragoza,2024-04-01,95.3539111591532
05,Coahuila de Zaragoza,2024-05-01,95.32108602996217
05,Coahuila de Zaragoza,2024-06-01,95.28716672979813
05,Coahuila de Zaragoza,2024-07-01,95.2543416006071
05,Coahuila de Zaragoza,2024-08-01,95.14439931426622
05,Coahuila de Zaragoza,2024-09-01,95.03445702792534
05,Coahuila de Zaragoza,2024-10-01,94.9280612669503
05,Coahuila de Zaragoza,2024-11-01,94.39339761791685
05,Coahuila de Zaragoza,2024-12-01,93.87598118336835
06,Colima,2004-01-01,67.0106292205347
06,Colima,2004-02-01,66.94307074692036
06,Colima,2004-03-01,66.87987088450694
06,Colima,2004-04-01,66.8123124108926
06,Colima,2004-05-01,67.68275288394032
06,Colima,2004-06-01,68.58220803942298
06,Colima,2004-07-01,69.4526485124707
06,Colima,2004-08-01,70.01945668251818
06,Colima,2004-09-01,70.58626485256568
06,Colima,2004-10-01,71.1347888880955
06,Colima,2004-11-01,69.43897494401014
06,Colima,2004-12-01,67.79786467554045
06,Colima,2005-01-01,66.1020507314551
06,Colima,2005-02-01,67.2281097356693
06,Colima,2005-03-01,68.245195287862785
06,Colima,2005-04-01,69.371254292077
06,Colima,2005-05-01,69.57216097809366
06,Colima,2005-06-01,69.77976455364423
06,Colima,2005-07-01,69.9806712396609
06,Colima,2005-08-01,70.06542788723898
06,Colima,2005-09-01,70.15018453481706
06,Colima,2005-10-01,70.2322070969894
06,Colima,2005-11-01,71.10422517558479
06,Colima,2005-12-01,71.94811363874162
06,Colima,2006-01-01,72.820131717337
06,Colima,2006-02-01,72.97560663430004
06,Colima,2006-03-01,73.11603559155697
06,Colima,2006-04-01,73.27151050852
06,Colima,2006-05-01,73.32088687780768
06,Colima,2006-06-01,73.37190912607161
06,Colima,2006-07-01,73.4212854953593
06,Colima,2006-08-01,73.75349017963265
06,Colima,2006-09-01,74.085694863906
06,Colima,2006-10-01,74.4071832680415
06,Colima,2006-11-01,77.21506180667595
06,Colima,2006-12-01,79.93236361825765
06,Colima,2007-01-01,82.7402421568921
06,Colima,2007-02-01,81.70821866766246
06,Colima,2007-03-01,80.77606841932602
06,Colima,2007-04-01,79.7440449300964
06,Colima,2007-05-01,78.4221877223605
06,Colima,2007-06-01,77.05626860770009
06,Colima,2007-07-01,75.7344113999642
06,Colima,2007-08-01,75.45848204560949
06,Colima,2007-09-01,75.18255269125476
06,Colima,2007-10-01,74.9155242838147
06,Colima,2007-11-01,76.66506463137381
06,Colima,2007-12-01,78.35816819352779
06,Colima,2008-01-01,80.1077085410869
06,Colima,2008-02-01,79.9405513060134
06,Colima,2008-03-01,79.78417840868659
06,Colima,2008-04-01,79.6170211736131
06,Colima,2008-05-01,79.92109210473471
06,Colima,2008-06-01,80.23529873356038
06,Colima,2008-07-01,80.539369664682
06,Colima,2008-08-01,79.84093883244276
06,Colima,2008-09-01,79.14250800020352
06,Colima,2008-10-01,78.4666071948107
06,Colima,2008-11-01,77.04891766914828
06,Colima,2008-12-01,75.67696006366853
06,Colima,2009-01-01,74.2592705380061
06,Colima,2009-02-01,74.1506514669138
06,Colima,2009-03-01,74.05254391883041
06,Colima,2009-04-01,73.9439248477381
06,Colima,2009-05-01,74.86789120833426
06,Colima,2009-06-01,75.82265644761695
06,Colima,2009-07-01,76.7466228082131
06,Colima,2009-08-01,77.36600596985036
06,Colima,2009-09-01,77.98538913148764
06,Colima,2009-10-01,78.5847921911366
06,Colima,2009-11-01,78.88524422144005
06,Colima,2009-12-01,79.17600425076596
06,Colima,2010-01-01,79.4764562810694
06,Colima,2010-02-01,79.2162035008311
06,Colima,2010-03-01,78.9811364735191
06,Colima,2010-04-01,78.7208836932808
06,Colima,2010-05-01,78.94675496016237
06,Colima,2010-06-01,79.18015526927333
06,Colima,2010-07-01,79.4060265361549
06,Colima,2010-08-01,81.38268406622122
06,Colima,2010-09-01,83.35934159628755
06,Colima,2010-10-01,85.2722359802227
06,Colima,2010-11-01,85.05819253914798
06,Colima,2010-12-01,84.85105372520472
06,Colima,2011-01-01,84.63701028413
06,Colima,2011-02-01,85.32806078160233
06,Colima,2011-03-01,85.95223542448056
06,Colima,2011-04-01,86.6432859219529
06,Colima,2011-05-01,87.08995883688137
06,Colima,2011-06-01,87.55152084897414
06,Colima,2011-07-01,87.9981937639026
06,Colima,2011-08-01,87.09560652608802
06,Colima,2011-09-01,86.19301928827343
06,Colima,2011-10-01,85.3195477678077
06,Colima,2011-11-01,85.25237416313776
06,Colima,2011-12-01,85.18736744894105
06,Colima,2012-01-01,85.1201938442711
06,Colima,2012-02-01,86.55200228237359
06,Colima,2012-03-01,87.891435982534
06,Colima,2012-04-01,89.3232444206365
06,Colima,2012-05-01,88.89362505114926
06,Colima,2012-06-01,88.44968503601244
06,Colima,2012-07-01,88.0200656665252
06,Colima,2012-08-01,88.09129238715387
06,Colima,2012-09-01,88.16251910778254
06,Colima,2012-10-01,88.2314481922619
06,Colima,2012-11-01,87.73253294955495
06,Colima,2012-12-01,87.24971174693535
06,Colima,2013-01-01,86.7507965042284
06,Colima,2013-02-01,86.74910184331141
06,Colima,2013-03-01,86.747571181838
06,Colima,2013-04-01,86.745876520921
06,Colima,2013-05-01,86.68357464353275
06,Colima,2013-06-01,86.61919603689824
06,Colima,2013-07-01,86.55689415951
06,Colima,2013-08-01,86.66632051523418
06,Colima,2013-09-01,86.77574687095834
06,Colima,2013-10-01,86.8816433442398
06,Colima,2013-11-01,87.82248943018081
06,Colima,2013-12-01,88.73298564238179
06,Colima,2014-01-01,89.6738317283228
06,Colima,2014-02-01,88.81224227185645
06,Colima,2014-03-01,88.03403244020944
06,Colima,2014-04-01,87.1724429837431
06,Colima,2014-05-01,87.18109168039075
06,Colima,2014-06-01,87.19002866692665
06,Colima,2014-07-01,87.1986773635743
06,Colima,2014-08-01,87.19722175029246
06,Colima,2014-09-01,87.1957661370106
06,Colima,2014-10-01,87.1943574789959
06,Colima,2014-11-01,87.98825011751491
06,Colima,2014-12-01,88.75653331608169
06,Colima,2015-01-01,89.5504259546007
06,Colima,2015-02-01,89.48389317301762
06,Colima,2015-03-01,89.42379904771678
06,Colima,2015-04-01,89.3572662661337
06,Colima,2015-05-01,90.64987263504143
06,Colima,2015-06-01,91.98556588291277
06,Colima,2015-07-01,93.2781722518205
06,Colima,2015-08-01,93.53501059045405
06,Colima,2015-09-01,93.7918489290876
06,Colima,2015-10-01,94.0404021600233
06,Colima,2015-11-01,93.19151412297852
06,Colima,2015-12-01,92.37000957099968
06,Colima,2016-01-01,91.5211215339549
06,Colima,2016-02-01,91.14508871208328
06,Colima,2016-03-01,90.79331607226791
06,Colima,2016-04-01,90.4172832503963
06,Colima,2016-05-01,90.21815229886239
06,Colima,2016-06-01,90.01238364894401
06,Colima,2016-07-01,89.8132526974101
06,Colima,2016-08-01,91.03278030451524
06,Colima,2016-09-01,92.25230791162036
06,Colima,2016-10-01,93.4324959184963
06,Colima,2016-11-01,94.20539703298502
06,Colima,2016-12-01,94.95336585345798
06,Colima,2017-01-01,95.7262669679467
06,Colima,2017-02-01,96.06982619194866
06,Colima,2017-03-01,96.38013774911174
06,Colima,2017-04-01,96.7236969731137
06,Colima,2017-05-01,97.16616832310638
06,Colima,2017-06-01,97.62338871809882
06,Colima,2017-07-01,98.0658600680915
06,Colima,2017-08-01,98.76056199580927
06,Colima,2017-09-01,99.45526392352703
06,Colima,2017-10-01,100.127556111641
06,Colima,2017-11-01,99.4097846499763
06,Colima,2017-12-01,98.7151671064298
06,Colima,2018-01-01,97.9973956447651
06,Colima,2018-02-01,99.8373757039579
06,Colima,2018-03-01,101.4992931767772
06,Colima,2018-04-01,103.33927323597
06,Colima,2018-05-01,102.28302748530066
06,Colima,2018-06-01,101.19157354294234
06,Colima,2018-07-01,100.135327792273
06,Colima,2018-08-01,99.57083114234277
06,Colima,2018-09-01,99.00633449241255
06,Colima,2018-10-01,98.4600474118349
06,Colima,2018-11-01,99.25668342191967
06,Colima,2018-12-01,100.02762149619524
06,Colima,2019-01-01,100.82425750628
06,Colima,2019-02-01,102.08804442814655
06,Colima,2019-03-01,103.22952938983246
06,Colima,2019-04-01,104.493316311699
06,Colima,2019-05-01,105.39399394180526
06,Colima,2019-06-01,106.32469415958174
06,Colima,2019-07-01,107.225371789688
06,Colima,2019-08-01,107.1249242473597
06,Colima,2019-09-01,107.02447670503139
06,Colima,2019-10-01,106.927269406004
06,Colima,2019-11-01,106.9787409095396
06,Colima,2019-12-01,107.02855204199341
06,Colima,2020-01-01,107.080023545529
06,Colima,2020-02-01,101.79742954751823
06,Colima,2020-03-01,96.85564806550816
06,Colima,2020-04-01,91.5730540674974
06,Colima,2020-05-01,92.04199033880718
06,Colima,2020-06-01,92.52655781916062
06,Colima,2020-07-01,92.9954940904704
06,Colima,2020-08-01,93.3602081259041
06,Colima,2020-09-01,93.72492216133777
06,Colima,2020-10-01,94.0778712278865
06,Colima,2020-11-01,93.93459963338861
06,Colima,2020-12-01,93.79594970322938
06,Colima,2021-01-01,93.6526781087315
06,Colima,2021-02-01,94.26399322515796
06,Colima,2021-03-01,94.81614881418834
06,Colima,2021-04-01,95.4274639306148
06,Colima,2021-05-01,95.33845332354777
06,Colima,2021-06-01,95.24647569624514
06,Colima,2021-07-01,95.1574650891781
06,Colima,2021-08-01,95.87199593900712
06,Colima,2021-09-01,96.58652678883614
06,Colima,2021-10-01,97.2780082564126
06,Colima,2021-11-01,96.53018409350838
06,Colima,2021-12-01,95.80648329069783
06,Colima,2022-01-01,95.0586591277936
06,Colima,2022-02-01,95.6554671302774
06,Colima,2022-03-01,96.1945195196176
06,Colima,2022-04-01,96.7913275221014
06,Colima,2022-05-01,95.48757132376164
06,Colima,2022-06-01,94.14035658547725
06,Colima,2022-07-01,92.8366003871375
06,Colima,2022-08-01,94.25535080873934
06,Colima,2022-09-01,95.67410123034118
06,Colima,2022-10-01,97.0470855093107
06,Colima,2022-11-01,97.72968441336016
06,Colima,2022-12-01,98.39026399792414
06,Colima,2023-01-01,99.0728629019736
06,Colima,2023-02-01,98.55133247876111
06,Colima,2023-03-01,98.08027274166598
06,Colima,2023-04-01,97.5587423184535
06,Colima,2023-05-01,98.0487614509753
06,Colima,2023-06-01,98.5551145545812
06,Colima,2023-07-01,99.045133687103
06,Colima,2023-08-01,99.40303433478611
06,Colima,2023-09-01,99.76093498246922
06,Colima,2023-10-01,100.107290447969
06,Colima,2023-11-01,100.52634873009191
06,Colima,2023-12-01,100.9318890031141
06,Colima,2024-01-01,101.350947285237
06,Colima,2024-02-01,101.48013274428637
06,Colima,2024-03-01,101.60098365759063
06,Colima,2024-04-01,101.73016911664
06,Colima,2024-05-01,101.29712183229604
06,Colima,2024-06-01,100.84963963847396
06,Colima,2024-07-01,100.41659235413
06,Colima,2024-08-01,101.03196995877717
06,Colima,2024-09-01,101.64734756342433
06,Colima,2024-10-01,102.242874277599
06,Colima,2024-11-01,102.68753083517393
06,Colima,2024-12-01,103.11784363282707
10,Durango,2004-01-01,80.425796351331
10,Durango,2004-02-01,79.45045697773617
10,Durango,2004-03-01,78.53804272501843
10,Durango,2004-04-01,77.5627033514236
10,Durango,2004-05-01,77.64224255087257
10,Durango,2004-06-01,77.72443305696983
10,Durango,2004-07-01,77.8039722564188
10,Durango,2004-08-01,77.1928987366289
10,Durango,2004-09-01,76.58182521683901
10,Durango,2004-10-01,75.9904637460746
10,Durango,2004-11-01,74.75821540423514
10,Durango,2004-12-01,73.56571700890665
10,Durango,2005-01-01,72.3334686670672
10,Durango,2005-02-01,73.72617263750212
10,Durango,2005-03-01,74.98409880434657
10,Durango,2005-04-01,76.3768027747815
10,Durango,2005-05-01,76.28337213853689
10,Durango,2005-06-01,76.1868271477508
10,Durango,2005-07-01,76.0933965115062
10,Durango,2005-08-01,76.37329314008993
10,Durango,2005-09-01,76.65318976867367
10,Durango,2005-10-01,76.9240574737547
10,Durango,2005-11-01,76.70465232062267
10,Durango,2005-12-01,76.49232475307554
10,Durango,2006-01-01,76.2729195999435
10,Durango,2006-02-01,76.51845617182359
10,Durango,2006-03-01,76.74023113997332
10,Durango,2006-04-01,76.9857677118534
10,Durango,2006-05-01,77.32951752575346
10,Durango,2006-06-01,77.68472566678354
10,Durango,2006-07-01,78.0284754806836
10,Durango,2006-08-01,78.10055696056821
10,Durango,2006-09-01,78.17263844045283
10,Durango,2006-10-01,78.2423947113089
10,Durango,2006-11-01,78.7763575159607
10,Durango,2006-12-01,79.2930957140108
10,Durango,2007-01-01,79.8270585186626
10,Durango,2007-02-01,79.44646404843078
10,Durango,2007-03-01,79.10270130112461
10,Durango,2007-04-01,78.7221068308928
10,Durango,2007-05-01,78.88833963402152
10,Durango,2007-06-01,79.06011353058788
10,Durango,2007-07-01,79.2263463337166
10,Durango,2007-08-01,79.6471789839953
10,Durango,2007-09-01,80.06801163427399
10,Durango,2007-10-01,80.4752690377695
10,Durango,2007-11-01,81.01371389359996
10,Durango,2007-12-01,81.53478956053264
10,Durango,2008-01-01,82.0732344163631
10,Durango,2008-02-01,82.65971986886707
10,Durango,2008-03-01,83.20836755024173
10,Durango,2008-04-01,83.7948530027457
10,Durango,2008-05-01,84.0583140556048
10,Durango,2008-06-01,84.3305571435592
10,Durango,2008-07-01,84.5940181964183
10,Durango,2008-08-01,83.8505982359701
10,Durango,2008-09-01,83.10717827552189
10,Durango,2008-10-01,82.3877396041204
10,Durango,2008-11-01,82.37323614542048
10,Durango,2008-12-01,82.35920054022702
10,Durango,2009-01-01,82.3446970815271
10,Durango,2009-02-01,82.26694035547801
10,Durango,2009-03-01,82.1967084738853
10,Durango,2009-04-01,82.1189517478362
10,Durango,2009-05-01,81.90778658814833
10,Durango,2009-06-01,81.68958258980417
10,Durango,2009-07-01,81.4784174301163
10,Durango,2009-08-01,82.23183460706139
10,Durango,2009-09-01,82.98525178400646
10,Durango,2009-10-01,83.7143651810501
10,Durango,2009-11-01,83.39226386406791
10,Durango,2009-12-01,83.08055291214968
10,Durango,2010-01-01,82.7584515951675
10,Durango,2010-02-01,83.36053271622457
10,Durango,2010-03-01,83.90434792234063
10,Durango,2010-04-01,84.5064290433977
10,Durango,2010-05-01,84.50218492628619
10,Durango,2010-06-01,84.49779933860431
10,Durango,2010-07-01,84.4935552214928
10,Durango,2010-08-01,84.90687407668008
10,Durango,2010-09-01,85.32019293186738
10,Durango,2010-10-01,85.7201789207583
10,Durango,2010-11-01,86.37150545533272
10,Durango,2010-12-01,87.00182145653378
10,Durango,2011-01-01,87.6531479911082
10,Durango,2011-02-01,87.54043678150981
10,Durango,2011-03-01,87.43863310832418
10,Durango,2011-04-01,87.3259218987258
10,Durango,2011-05-01,87.39998840722907
10,Durango,2011-06-01,87.47652379934912
10,Durango,2011-07-01,87.5505903078524
10,Durango,2011-08-01,88.43208028486632
10,Durango,2011-09-01,89.31357026188023
10,Durango,2011-10-01,90.1666250783453
10,Durango,2011-11-01,90.28534416372439
10,Durango,2011-12-01,90.40023360118802
10,Durango,2012-01-01,90.5189526865671
10,Durango,2012-02-01,91.20029910535902
10,Durango,2012-03-01,91.83768769068048
10,Durango,2012-04-01,92.5190341094724
10,Durango,2012-05-01,93.03407069337295
10,Durango,2012-06-01,93.56627516340355
10,Durango,2012-07-01,94.0813117473041
10,Durango,2012-08-01,93.87309822026972
10,Durango,2012-09-01,93.66488469323536
10,Durango,2012-10-01,93.4633877315892
10,Durango,2012-11-01,93.92645026270515
10,Durango,2012-12-01,94.37457529281735
10,Durango,2013-01-01,94.8376378239333
10,Durango,2013-02-01,95.19688687053473
10,Durango,2013-03-01,95.52136988036828
10,Durango,2013-04-01,95.8806189269697
10,Durango,2013-05-01,96.44518858265364
10,Durango,2013-06-01,97.02857722686036
10,Durango,2013-07-01,97.5931468825443
10,Durango,2013-08-01,98.09501778976428
10,Durango,2013-09-01,98.59688869698428
10,Durango,2013-10-01,99.0825702201004
10,Durango,2013-11-01,99.00094764920243
10,Durango,2013-12-01,98.92195806446246
10,Durango,2014-01-01,98.8403354935645
10,Durango,2014-02-01,99.56364664404339
10,Durango,2014-03-01,100.21695994125011
10,Durango,2014-04-01,100.940271091729
10,Durango,2014-05-01,100.45443548636909
10,Durango,2014-06-01,99.95240536083051
10,Durango,2014-07-01,99.4665697554706
10,Durango,2014-08-01,99.34327570197944
10,Durango,2014-09-01,99.21998164848829
10,Durango,2014-10-01,99.1006648225291
10,Durango,2014-11-01,98.63103235538577
10,Durango,2014-12-01,98.17654932266643
10,Durango,2015-01-01,97.7069168555231
10,Durango,2015-02-01,97.52393060326314
10,Durango,2015-03-01,97.35865269799606
10,Durango,2015-04-01,97.1756664457361
10,Durango,2015-05-01,97.09079501945276
10,Durango,2015-06-01,97.00309454562664
10,Durango,2015-07-01,96.9182231193433
10,Durango,2015-08-01,96.97028729050804
10,Durango,2015-09-01,97.02235146167277
10,Durango,2015-10-01,97.0727361434451
10,Durango,2015-11-01,97.2414852242651
10,Durango,2015-12-01,97.404790786349
10,Durango,2016-01-01,97.573539867169
10,Durango,2016-02-01,98.01972931358974
10,Durango,2016-03-01,98.43713234411237
10,Durango,2016-04-01,98.8833217905331
10,Durango,2016-05-01,99.0061014665162
10,Durango,2016-06-01,99.1329737983654
10,Durango,2016-07-01,99.2557534743485
10,Durango,2016-08-01,99.50085096691673
10,Durango,2016-09-01,99.74594845948498
10,Durango,2016-10-01,99.9831395813252
10,Durango,2016-11-01,100.07587805290154
10,Durango,2016-12-01,100.16562496087866
10,Durango,2017-01-01,100.258363432455
10,Durango,2017-02-01,99.56785595949223
10,Durango,2017-03-01,98.94417179036456
10,Durango,2017-04-01,98.2536643174018
10,Durango,2017-05-01,98.56227316393858
10,Durango,2017-06-01,98.88116897202661
10,Durango,2017-07-01,99.1897778185634
10,Durango,2017-08-01,98.85778922427535
10,Durango,2017-09-01,98.52580062998729
10,Durango,2017-10-01,98.2045213451924
10,Durango,2017-11-01,98.25198281738403
10,Durango,2017-12-01,98.29791327434367
10,Durango,2018-01-01,98.3453747465353
10,Durango,2018-02-01,98.25849649225036
10,Durango,2018-03-01,98.18002581096074
10,Durango,2018-04-01,98.0931475566758
10,Durango,2018-05-01,99.19747611039631
10,Durango,2018-06-01,100.3386156159075
10,Durango,2018-07-01,101.442944169628
10,Durango,2018-08-01,101.60301143437876
10,Durango,2018-09-01,101.76307869912951
10,Durango,2018-10-01,101.917982503727
10,Durango,2018-11-01,101.62128504022081
10,Durango,2018-12-01,101.33415846263419
10,Durango,2019-01-01,101.037460999128
10,Durango,2019-02-01,101.04403049245732
10,Durango,2019-03-01,101.04996422836767
10,Durango,2019-04-01,101.056533721697
10,Durango,2019-05-01,100.407785603951
10,Durango,2019-06-01,99.73741254894679
10,Durango,2019-07-01,99.0886644312008
10,Durango,2019-08-01,99.0341117747143
10,Durango,2019-09-01,98.97955911822781
10,Durango,2019-10-01,98.9267662248538
10,Durango,2019-11-01,98.5667552684904
10,Durango,2019-12-01,98.2183575687839
10,Durango,2020-01-01,97.8583466124205
10,Durango,2020-02-01,93.69082474850455
10,Durango,2020-03-01,89.79217526290576
10,Durango,2020-04-01,85.6246533989898
10,Durango,2020-05-01,87.99826777573232
10,Durango,2020-06-01,90.4510026316996
10,Durango,2020-07-01,92.8246170084421
10,Durango,2020-08-01,93.33856241757297
10,Durango,2020-09-01,93.85250782670384
10,Durango,2020-10-01,94.3498743516692
10,Durango,2020-11-01,95.29475719180351
10,Durango,2020-12-01,96.20915994032059
10,Durango,2021-01-01,97.1540427804549
10,Durango,2021-02-01,97.47035903271666
10,Durango,2021-03-01,97.75606403475955
10,Durango,2021-04-01,98.0723802870213
10,Durango,2021-05-01,98.12884253603457
10,Durango,2021-06-01,98.18718686001493
10,Durango,2021-07-01,98.2436491090282
10,Durango,2021-08-01,98.63589255184166
10,Durango,2021-09-01,99.02813599465513
10,Durango,2021-10-01,99.4077264231843
10,Durango,2021-11-01,98.41784593889334
10,Durango,2021-12-01,97.45989708312787
10,Durango,2022-01-01,96.4700165988369
10,Durango,2022-02-01,96.47183286525923
10,Durango,2022-03-01,96.47347336396328
10,Durango,2022-04-01,96.4752896303856
10,Durango,2022-05-01,96.91623934924382
10,Durango,2022-06-01,97.37188739206398
10,Durango,2022-07-01,97.8128371109222
10,Durango,2022-08-01,97.78895226209607
10,Durango,2022-09-01,97.76506741326995
10,Durango,2022-10-01,97.7419530434382
10,Durango,2022-11-01,98.23394537605712
10,Durango,2022-12-01,98.71006698826898
10,Durango,2023-01-01,99.2020593208879
10,Durango,2023-02-01,99.50396037058488
10,Durango,2023-03-01,99.77664518966603
10,Durango,2023-04-01,100.078546239363
10,Durango,2023-05-01,99.98919295253394
10,Durango,2023-06-01,99.89686122281057
10,Durango,2023-07-01,99.8075079359815
10,Durango,2023-08-01,100.48498293445999
10,Durango,2023-09-01,101.1624579329385
10,Durango,2023-10-01,101.818078899208
10,Durango,2023-11-01,102.38162872562252
10,Durango,2023-12-01,102.92699952537849
10,Durango,2024-01-01,103.490549351793
10,Durango,2024-02-01,104.64889252228163
10,Durango,2024-03-01,105.73250387531938
10,Durango,2024-04-01,106.890847045808
10,Durango,2024-05-01,106.10104926723965
10,Durango,2024-06-01,105.28492489605236
10,Durango,2024-07-01,104.495127117484
10,Durango,2024-08-01,104.0206169057801
10,Durango,2024-09-01,103.5461066940762
10,Durango,2024-10-01,103.086903263395
10,Durango,2024-11-01,103.09580158959152
10,Durango,2024-12-01,103.10441287300749
11,Guanajuato,2004-01-01,63.2523768616858
11,Guanajuato,2004-02-01,64.13595966549212
11,Guanajuato,2004-03-01,64.96253712711739
11,Guanajuato,2004-04-01,65.8461199309237
11,Guanajuato,2004-05-01,65.32609623911078
11,Guanajuato,2004-06-01,64.78873842423742
11,Guanajuato,2004-07-01,64.2687147324245
11,Guanajuato,2004-08-01,64.62411178662758
11,Guanajuato,2004-09-01,64.97950884083065
11,Guanajuato,2004-10-01,65.3234414739304
11,Guanajuato,2004-11-01,65.16159214422869
11,Guanajuato,2004-12-01,65.0049637606464
11,Guanajuato,2005-01-01,64.8431144309447
11,Guanajuato,2005-02-01,64.61824886737635
11,Guanajuato,2005-03-01,64.41514448737914
11,Guanajuato,2005-04-01,64.1902789238108
11,Guanajuato,2005-05-01,64.27081665283114
11,Guanajuato,2005-06-01,64.35403897281886
11,Guanajuato,2005-07-01,64.4345767018392
11,Guanajuato,2005-08-01,65.04743012098339
11,Guanajuato,2005-09-01,65.6602835401276
11,Guanajuato,2005-10-01,66.2533674941381
11,Guanajuato,2005-11-01,66.6272068660122
11,Guanajuato,2005-12-01,66.98898690330971
11,Guanajuato,2006-01-01,67.3628262751838
11,Guanajuato,2006-02-01,67.74679100301532
11,Guanajuato,2006-03-01,68.09359785395989
11,Guanajuato,2006-04-01,68.4775625817914
11,Guanajuato,2006-05-01,68.61993487750973
11,Guanajuato,2006-06-01,68.76705291641866
11,Guanajuato,2006-07-01,68.909425212137
11,Guanajuato,2006-08-01,68.78322537562077
11,Guanajuato,2006-09-01,68.65702553910457
11,Guanajuato,2006-10-01,68.5348966650566
11,Guanajuato,2006-11-01,68.79508001375366
11,Guanajuato,2006-12-01,69.04687035120244
11,Guanajuato,2007-01-01,69.3070536998995
11,Guanajuato,2007-02-01,69.22343687868066
11,Guanajuato,2007-03-01,69.14791200790233
11,Guanajuato,2007-04-01,69.0642951866835
11,Guanajuato,2007-05-01,68.96419298520216
11,Guanajuato,2007-06-01,68.86075404367143
11,Guanajuato,2007-07-01,68.7606518421901
11,Guanajuato,2007-08-01,69.05405553534142
11,Guanajuato,2007-09-01,69.34745922849272
11,Guanajuato,2007-10-01,69.6313982863811
11,Guanajuato,2007-11-01,70.00753404053366
11,Guanajuato,2007-12-01,70.37153638326194
11,Guanajuato,2008-01-01,70.7476721374145
11,Guanajuato,2008-02-01,71.57120156764557
11,Guanajuato,2008-03-01,72.34160006689402
11,Guanajuato,2008-04-01,73.1651294971251
11,Guanajuato,2008-05-01,72.12973685864623
11,Guanajuato,2008-06-01,71.05983113221806
11,Guanajuato,2008-07-01,70.0244384937392
11,Guanajuato,2008-08-01,69.86264704979543
11,Guanajuato,2008-09-01,69.70085560585167
11,Guanajuato,2008-10-01,69.5442832407448
11,Guanajuato,2008-11-01,68.84900265516751
11,Guanajuato,2008-12-01,68.17615047557659
11,Guanajuato,2009-01-01,67.4808698899993
11,Guanajuato,2009-02-01,66.8482872198144
11,Guanajuato,2009-03-01,66.2769222273893
11,Guanajuato,2009-04-01,65.6443395572044
11,Guanajuato,2009-05-01,66.5558210279526
11,Guanajuato,2009-06-01,67.4976852143924
11,Guanajuato,2009-07-01,68.4091666851406
11,Guanajuato,2009-08-01,68.89295765164756
11,Guanajuato,2009-09-01,69.37674861815454
11,Guanajuato,2009-10-01,69.8449334244516
11,Guanajuato,2009-11-01,70.22274717851202
11,Guanajuato,2009-12-01,70.58837339211887
11,Guanajuato,2010-01-01,70.9661871461793
11,Guanajuato,2010-02-01,71.48845499892721
11,Guanajuato,2010-03-01,71.96018080140918
11,Guanajuato,2010-04-01,72.4824486541571
11,Guanajuato,2010-05-01,72.51252359996325
11,Guanajuato,2010-06-01,72.54360104396295
11,Guanajuato,2010-07-01,72.5736759897691
11,Guanajuato,2010-08-01,73.04671509339813
11,Guanajuato,2010-09-01,73.51975419702717
11,Guanajuato,2010-10-01,73.9775339747327
11,Guanajuato,2010-11-01,74.44454777240605
11,Guanajuato,2010-12-01,74.89649660886414
11,Guanajuato,2011-01-01,75.3635104065375
11,Guanajuato,2011-02-01,75.93564979148978
11,Guanajuato,2011-03-01,76.45242084886603
11,Guanajuato,2011-04-01,77.0245602338183
11,Guanajuato,2011-05-01,76.8918442434679
11,Guanajuato,2011-06-01,76.7547043867725
11,Guanajuato,2011-07-01,76.6219883964221
11,Guanajuato,2011-08-01,76.49991340417199
11,Guanajuato,2011-09-01,76.3778384119219
11,Guanajuato,2011-10-01,76.2597013226476
11,Guanajuato,2011-11-01,77.04150180453775
11,Guanajuato,2011-12-01,77.79808291604435
11,Guanajuato,2012-01-01,78.5798833979345
11,Guanajuato,2012-02-01,78.51213117743096
11,Guanajuato,2012-03-01,78.44875006792763
11,Guanajuato,2012-04-01,78.3809978474241
11,Guanajuato,2012-05-01,79.04500342379998
11,Guanajuato,2012-06-01,79.73114251938841
11,Guanajuato,2012-07-01,80.3951480957643
11,Guanajuato,2012-08-01,81.017479786823
11,Guanajuato,2012-09-01,81.63981147788171
11,Guanajuato,2012-10-01,82.2420679530998
11,Guanajuato,2012-11-01,82.13869460156158
11,Guanajuato,2012-12-01,82.03865587426652
11,Guanajuato,2013-01-01,81.9352825227283
11,Guanajuato,2013-02-01,81.94953034173093
11,Guanajuato,2013-03-01,81.96239933953977
11,Guanajuato,2013-04-01,81.9766471585424
11,Guanajuato,2013-05-01,82.86279339221636
11,Guanajuato,2013-06-01,83.77847783367945
11,Guanajuato,2013-07-01,84.6646240673534
11,Guanajuato,2013-08-01,84.72660534693615
11,Guanajuato,2013-09-01,84.7885866265189
11,Guanajuato,2013-10-01,84.8485685099861
11,Guanajuato,2013-11-01,85.01594270852695
11,Guanajuato,2013-12-01,85.17791773937294
11,Guanajuato,2014-01-01,85.3452919379138
11,Guanajuato,2014-02-01,85.71339731305945
11,Guanajuato,2014-03-01,86.04587958738455
11,Guanajuato,2014-04-01,86.4139849625302
11,Guanajuato,2014-05-01,86.9021506946499
11,Guanajuato,2014-06-01,87.40658861784028
11,Guanajuato,2014-07-01,87.89475434996
11,Guanajuato,2014-08-01,88.54932683876791
11,Guanajuato,2014-09-01,89.20389932757584
11,Guanajuato,2014-10-01,89.8373565748093
11,Guanajuato,2014-11-01,89.68803985368228
11,Guanajuato,2014-12-01,89.54353980097872
11,Guanajuato,2015-01-01,89.3942230798517
11,Guanajuato,2015-02-01,90.8059140283233
11,Guanajuato,2015-03-01,92.080989723717
11,Guanajuato,2015-04-01,93.4926806721886
11,Guanajuato,2015-05-01,92.64980379222546
11,Guanajuato,2015-06-01,91.77883101626354
11,Guanajuato,2015-07-01,90.9359541363004
11,Guanajuato,2015-08-01,91.08248370342824
11,Guanajuato,2015-09-01,91.22901327055608
11,Guanajuato,2015-10-01,91.370816077454
11,Guanajuato,2015-11-01,91.7884503412243
11,Guanajuato,2015-12-01,92.19261253196979
11,Guanajuato,2016-01-01,92.6102467957401
11,Guanajuato,2016-02-01,92.91452861018008
11,Guanajuato,2016-03-01,93.1991793398175
11,Guanajuato,2016-04-01,93.5034611542575
11,Guanajuato,2016-05-01,94.09312959710194
11,Guanajuato,2016-06-01,94.70245365470785
11,Guanajuato,2016-07-01,95.2921220975523
11,Guanajuato,2016-08-01,96.00008677534856
11,Guanajuato,2016-09-01,96.70805145314483
11,Guanajuato,2016-10-01,97.3931785606896
11,Guanajuato,2016-11-01,97.86574236070294
11,Guanajuato,2016-12-01,98.32306216716746
11,Guanajuato,2017-01-01,98.7956259671808
11,Guanajuato,2017-02-01,98.70213607983241
11,Guanajuato,2017-03-01,98.61769360093709
11,Guanajuato,2017-04-01,98.5242037135887
11,Guanajuato,2017-05-01,99.10439232790308
11,Guanajuato,2017-06-01,99.70392056269462
11,Guanajuato,2017-07-01,100.284109177009
11,Guanajuato,2017-08-01,100.18531656207686
11,Guanajuato,2017-09-01,100.08652394714474
11,Guanajuato,2017-10-01,99.9909181907588
11,Guanajuato,2017-11-01,99.90333286834787
11,Guanajuato,2017-12-01,99.81857287891793
11,Guanajuato,2018-01-01,99.730987556507
11,Guanajuato,2018-02-01,100.26646910683812
11,Guanajuato,2018-03-01,100.75012986197589
11,Guanajuato,2018-04-01,101.285611412307
11,Guanajuato,2018-05-01,100.76185809894416
11,Guanajuato,2018-06-01,100.22064634180255
11,Guanajuato,2018-07-01,99.6968930284397
11,Guanajuato,2018-08-01,99.58400751452082
11,Guanajuato,2018-09-01,99.47112200060195
11,Guanajuato,2018-10-01,99.361877954874
11,Guanajuato,2018-11-01,98.5890259223267
11,Guanajuato,2018-12-01,97.84110460050671
11,Guanajuato,2019-01-01,97.0682525679594
11,Guanajuato,2019-02-01,98.02853270034309
11,Guanajuato,2019-03-01,98.89588249733481
11,Guanajuato,2019-04-01,99.8561626297185
11,Guanajuato,2019-05-01,99.3995506600806
11,Guanajuato,2019-06-01,98.9277182914548
11,Guanajuato,2019-07-01,98.4711063218169
11,Guanajuato,2019-08-01,97.97319004799019
11,Guanajuato,2019-09-01,97.47527377416347
11,Guanajuato,2019-10-01,96.9934193156215
11,Guanajuato,2019-11-01,97.08081001011688
11,Guanajuato,2019-12-01,97.16538164995112
11,Guanajuato,2020-01-01,97.2527723444465
11,Guanajuato,2020-02-01,90.31770522528373
11,Guanajuato,2020-03-01,83.83006179122825
11,Guanajuato,2020-04-01,76.8949946720655
11,Guanajuato,2020-05-01,82.59589934587082
11,Guanajuato,2020-06-01,88.48683417546967
11,Guanajuato,2020-07-01,94.187738849275
11,Guanajuato,2020-08-01,95.08775558914773
11,Guanajuato,2020-09-01,95.98777232902047
11,Guanajuato,2020-10-01,96.8587562708328
11,Guanajuato,2020-11-01,97.30996595738588
11,Guanajuato,2020-12-01,97.74662049275982
11,Guanajuato,2021-01-01,98.1978301793129
11,Guanajuato,2021-02-01,97.78279685234196
11,Guanajuato,2021-03-01,97.40792804088434
11,Guanajuato,2021-04-01,96.9928947139134
11,Guanajuato,2021-05-01,96.61076431835163
11,Guanajuato,2021-06-01,96.21589624293777
11,Guanajuato,2021-07-01,95.833765847376
11,Guanajuato,2021-08-01,95.9068217970376
11,Guanajuato,2021-09-01,95.97987774669917
11,Guanajuato,2021-10-01,96.0505770528233
11,Guanajuato,2021-11-01,96.50254414891089
11,Guanajuato,2021-12-01,96.93993166125371
11,Guanajuato,2022-01-01,97.3918987573413
11,Guanajuato,2022-02-01,97.93286282457744
11,Guanajuato,2022-03-01,98.42147553046816
11,Guanajuato,2022-04-01,98.9624395977043
11,Guanajuato,2022-05-01,99.26837598459055
11,Guanajuato,2022-06-01,99.58451025103966
11,Guanajuato,2022-07-01,99.8904466379259
11,Guanajuato,2022-08-01,99.7644116823551
11,Guanajuato,2022-09-01,99.6383767267843
11,Guanajuato,2022-10-01,99.5164074149416
11,Guanajuato,2022-11-01,99.29974830264662
11,Guanajuato,2022-12-01,99.09007819397408
11,Guanajuato,2023-01-01,98.8734190816791
11,Guanajuato,2023-02-01,98.91512620997489
11,Guanajuato,2023-03-01,98.95279716456461
11,Guanajuato,2023-04-01,98.9945042928604
11,Guanajuato,2023-05-01,99.31524451500792
11,Guanajuato,2023-06-01,99.64667607789367
11,Guanajuato,2023-07-01,99.9674163000412
11,Guanajuato,2023-08-01,100.80792595309602
11,Guanajuato,2023-09-01,101.64843560615085
11,Guanajuato,2023-10-01,102.461832044591
11,Guanajuato,2023-11-01,102.38925404193428
11,Guanajuato,2023-12-01,102.31901726516972
11,Guanajuato,2024-01-01,102.246439262513
11,Guanajuato,2024-02-01,102.33517825935787
11,Guanajuato,2024-03-01,102.41819215963211
11,Guanajuato,2024-04-01,102.506931156477
11,Guanajuato,2024-05-01,103.4255018566592
11,Guanajuato,2024-06-01,104.3746915801808
11,Guanajuato,2024-07-01,105.293262280363
11,Guanajuato,2024-08-01,105.57431451433393
11,Guanajuato,2024-09-01,105.85536674830489
11,Guanajuato,2024-10-01,106.12735278118
11,Guanajuato,2024-11-01,105.57602402387643
11,Guanajuato,2024-12-01,105.04248006519556
12,Guerrero,2004-01-01,81.5432952937972
12,Guerrero,2004-02-01,82.05139861062503
12,Guerrero,2004-03-01,82.52672106830268
12,Guerrero,2004-04-01,83.0348243851305
12,Guerrero,2004-05-01,82.65806536643566
12,Guerrero,2004-06-01,82.26874771378434
12,Guerrero,2004-07-01,81.8919886950895
12,Guerrero,2004-08-01,81.75244651329575
12,Guerrero,2004-09-01,81.61290433150201
12,Guerrero,2004-10-01,81.4778635104113
12,Guerrero,2004-11-01,82.10559485415334
12,Guerrero,2004-12-01,82.71307679971015
12,Guerrero,2005-01-01,83.3408081434522
12,Guerrero,2005-02-01,83.33289879995633
12,Guerrero,2005-03-01,83.32575487679877
12,Guerrero,2005-04-01,83.3178455333029
12,Guerrero,2005-05-01,83.85714072378819
12,Guerrero,2005-06-01,84.41441242062301
12,Guerrero,2005-07-01,84.9537076111083
12,Guerrero,2005-08-01,85.04680351375795
12,Guerrero,2005-09-01,85.1398994164076
12,Guerrero,2005-10-01,85.2299922254234
12,Guerrero,2005-11-01,85.11161187646708
12,Guerrero,2005-12-01,84.99705024844482
12,Guerrero,2006-01-01,84.8786698994885
12,Guerrero,2006-02-01,85.260553296750615
12,Guerrero,2006-03-01,85.60548023621318
12,Guerrero,2006-04-01,85.9873636334753
12,Guerrero,2006-05-01,86.40379533501643
12,Guerrero,2006-06-01,86.83410809327557
12,Guerrero,2006-07-01,87.2505397948167
12,Guerrero,2006-08-01,87.55250017287158
12,Guerrero,2006-09-01,87.85446055092645
12,Guerrero,2006-10-01,88.1466802716247
12,Guerrero,2006-11-01,88.20534378695903
12,Guerrero,2006-12-01,88.26211493083098
12,Guerrero,2007-01-01,88.3207784461653
12,Guerrero,2007-02-01,88.05240053956634
12,Guerrero,2007-03-01,87.80999468844468
12,Guerrero,2007-04-01,87.5416167818457
12,Guerrero,2007-05-01,88.01641729064347
12,Guerrero,2007-06-01,88.50704448306783
12,Guerrero,2007-07-01,88.9818449918656
12,Guerrero,2007-08-01,89.82978206043892
12,Guerrero,2007-09-01,90.67771912901223
12,Guerrero,2007-10-01,91.4983033889219
12,Guerrero,2007-11-01,90.41946930811238
12,Guerrero,2007-12-01,89.37543632668381
12,Guerrero,2008-01-01,88.2966022458743
12,Guerrero,2008-02-01,88.77458196344776
12,Guerrero,2008-03-01,89.22172427988744
12,Guerrero,2008-04-01,89.6997039974609
12,Guerrero,2008-05-01,89.46961555309414
12,Guerrero,2008-06-01,89.23185749391516
12,Guerrero,2008-07-01,89.0017690495484
12,Guerrero,2008-08-01,88.69826881344369
12,Guerrero,2008-09-01,88.39476857733898
12,Guerrero,2008-10-01,88.1010586714312
12,Guerrero,2008-11-01,88.41607792378149
12,Guerrero,2008-12-01,88.72093526476561
12,Guerrero,2009-01-01,89.0359545171159
12,Guerrero,2009-02-01,87.50986211255604
12,Guerrero,2009-03-01,86.13145606972776
12,Guerrero,2009-04-01,84.6053636651679
12,Guerrero,2009-05-01,85.71338276995947
12,Guerrero,2009-06-01,86.85833584491074
12,Guerrero,2009-07-01,87.9663549497023
12,Guerrero,2009-08-01,88.40660322978721
12,Guerrero,2009-09-01,88.8468515098721
12,Guerrero,2009-10-01,89.2728982325349
12,Guerrero,2009-11-01,89.11755210683643
12,Guerrero,2009-12-01,88.96721714648307
12,Guerrero,2010-01-01,88.8118710207846
12,Guerrero,2010-02-01,89.3267573842853
12,Guerrero,2010-03-01,89.79181603518919
12,Guerrero,2010-04-01,90.3067023986899
12,Guerrero,2010-05-01,90.95864964368039
12,Guerrero,2010-06-01,91.63232846350391
12,Guerrero,2010-07-01,92.2842757084944
12,Guerrero,2010-08-01,92.3449919161607
12,Guerrero,2010-09-01,92.40570812382698
12,Guerrero,2010-10-01,92.4644657441492
12,Guerrero,2010-11-01,92.3941681704998
12,Guerrero,2010-12-01,92.3261382605165
12,Guerrero,2011-01-01,92.2558406868671
12,Guerrero,2011-02-01,91.50221739935064
12,Guerrero,2011-03-01,90.82152539772287
12,Guerrero,2011-04-01,90.0679021102064
12,Guerrero,2011-05-01,90.71040322289234
12,Guerrero,2011-06-01,91.37432103933446
12,Guerrero,2011-07-01,92.0168221520204
12,Guerrero,2011-08-01,91.87134207605601
12,Guerrero,2011-09-01,91.72586200009162
12,Guerrero,2011-10-01,91.5850748298035
12,Guerrero,2011-11-01,91.65687835129482
12,Guerrero,2011-12-01,91.72636563015737
12,Guerrero,2012-01-01,91.7981691516487
12,Guerrero,2012-02-01,91.83941929011921
12,Guerrero,2012-03-01,91.87800812933358
12,Guerrero,2012-04-01,91.9192582678041
12,Guerrero,2012-05-01,91.91585342401196
12,Guerrero,2012-06-01,91.91233508542673
12,Guerrero,2012-07-01,91.9089302416346
12,Guerrero,2012-08-01,92.33242252867214
12,Guerrero,2012-09-01,92.75591481570969
12,Guerrero,2012-10-01,93.1657460612299
12,Guerrero,2012-11-01,93.03861114754018
12,Guerrero,2012-12-01,92.91557736009851
12,Guerrero,2013-01-01,92.7884424464088
12,Guerrero,2013-02-01,93.24364494533737
12,Guerrero,2013-03-01,93.65479558953092
12,Guerrero,2013-04-01,94.1099980884595
12,Guerrero,2013-05-01,94.23019302782133
12,Guerrero,2013-06-01,94.35439446516187
12,Guerrero,2013-07-01,94.4745894045237
12,Guerrero,2013-08-01,94.89318785103868
12,Guerrero,2013-09-01,95.31178629755365
12,Guerrero,2013-10-01,95.7168815683746
12,Guerrero,2013-11-01,96.30085159728378
12,Guerrero,2013-12-01,96.86598388332492
12,Guerrero,2014-01-01,97.4499539122341
12,Guerrero,2014-02-01,98.27423277294616
12,Guerrero,2014-03-01,99.01874271165383
12,Guerrero,2014-04-01,99.8430215723659
12,Guerrero,2014-05-01,100.14567014801362
12,Guerrero,2014-06-01,100.45840700951628
12,Guerrero,2014-07-01,100.761055585164
12,Guerrero,2014-08-01,102.05423703462762
12,Guerrero,2014-09-01,103.34741848409124
12,Guerrero,2014-10-01,104.598884402927
12,Guerrero,2014-11-01,102.59679646859779
12,Guerrero,2014-12-01,100.65929201602111
12,Guerrero,2015-01-01,98.6572040816919
12,Guerrero,2015-02-01,99.37901368245987
12,Guerrero,2015-03-01,100.03097074121803
12,Guerrero,2015-04-01,100.752780341986
12,Guerrero,2015-05-01,99.97053702502494
12,Guerrero,2015-06-01,99.16221893083186
12,Guerrero,2015-07-01,98.3799756138708
12,Guerrero,2015-08-01,98.14471108712
12,Guerrero,2015-09-01,97.9094465603692
12,Guerrero,2015-10-01,97.6817712119007
12,Guerrero,2015-11-01,98.35155317059281
12,Guerrero,2015-12-01,98.99972925964968
12,Guerrero,2016-01-01,99.6695112183418
12,Guerrero,2016-02-01,99.0370330993622
12,Guerrero,2016-03-01,98.4453600203168
12,Guerrero,2016-04-01,97.8128819013372
12,Guerrero,2016-05-01,98.20488189265241
12,Guerrero,2016-06-01,98.6099485503448
12,Guerrero,2016-07-01,99.00194854166
12,Guerrero,2016-08-01,98.45776237587332
12,Guerrero,2016-09-01,97.91357621008665
12,Guerrero,2016-10-01,97.3869444367447
12,Guerrero,2016-11-01,97.1033129345187
12,Guerrero,2016-12-01,96.8288308355903
12,Guerrero,2017-01-01,96.5451993333643
12,Guerrero,2017-02-01,96.47072727215433
12,Guerrero,2017-03-01,96.40346218460986
12,Guerrero,2017-04-01,96.3289901233999
12,Guerrero,2017-05-01,96.72339894977667
12,Guerrero,2017-06-01,97.13095473703264
12,Guerrero,2017-07-01,97.5253635634094
12,Guerrero,2017-08-01,97.94587020275563
12,Guerrero,2017-09-01,98.36637684210186
12,Guerrero,2017-10-01,98.7733187511466
12,Guerrero,2017-11-01,99.29258718841258
12,Guerrero,2017-12-01,99.79510503092803
12,Guerrero,2018-01-01,100.314373468194
12,Guerrero,2018-02-01,100.36455034944116
12,Guerrero,2018-03-01,100.40987140347085
12,Guerrero,2018-04-01,100.460048284718
12,Guerrero,2018-05-01,100.2168874436905
12,Guerrero,2018-06-01,99.96562124129541
12,Guerrero,2018-07-01,99.7224604002679
12,Guerrero,2018-08-01,99.72293613327552
12,Guerrero,2018-09-01,99.72341186628313
12,Guerrero,2018-10-01,99.7238722530647
12,Guerrero,2018-11-01,100.29384229412945
12,Guerrero,2018-12-01,100.84542620483725
12,Guerrero,2019-01-01,101.415396245902
12,Guerrero,2019-02-01,100.59387541547216
12,Guerrero,2019-03-01,99.85185660089034
12,Guerrero,2019-04-01,99.0303357704605
12,Guerrero,2019-05-01,99.18062089135924
12,Guerrero,2019-06-01,99.33591551628795
12,Guerrero,2019-07-01,99.4862006371867
12,Guerrero,2019-08-01,99.33261573952588
12,Guerrero,2019-09-01,99.17903084186507
12,Guerrero,2019-10-01,99.0304002957417
12,Guerrero,2019-11-01,98.42258763510371
12,Guerrero,2019-12-01,97.8343818344863
12,Guerrero,2020-01-01,97.2265691738483
12,Guerrero,2020-02-01,90.74100497326224
12,Guerrero,2020-03-01,84.67386426948816
12,Guerrero,2020-04-01,78.1883000689021
12,Guerrero,2020-05-01,82.82341460304231
12,Guerrero,2020-06-01,87.61303295498719
12,Guerrero,2020-07-01,92.2481474891274
12,Guerrero,2020-08-01,93.81952602067518
12,Guerrero,2020-09-01,95.39090455222295
12,Guerrero,2020-10-01,96.9115934537208
12,Guerrero,2020-11-01,95.52512043462528
12,Guerrero,2020-12-01,94.18337235162961
12,Guerrero,2021-01-01,92.7968993325341
12,Guerrero,2021-02-01,93.77033385240502
12,Guerrero,2021-03-01,94.64956503164328
12,Guerrero,2021-04-01,95.6229995515142
12,Guerrero,2021-05-01,95.77727098044946
12,Guerrero,2021-06-01,95.93668479034923
12,Guerrero,2021-07-01,96.0909562192845
12,Guerrero,2021-08-01,96.37015379443403
12,Guerrero,2021-09-01,96.64935136958357
12,Guerrero,2021-10-01,96.9195425713412
12,Guerrero,2021-11-01,97.04230066392502
12,Guerrero,2021-12-01,97.16109881803838
12,Guerrero,2022-01-01,97.2838569106222
12,Guerrero,2022-02-01,97.62716930519643
12,Guerrero,2022-03-01,97.93725791965058
12,Guerrero,2022-04-01,98.2805703142248
12,Guerrero,2022-05-01,98.00299005416451
12,Guerrero,2022-06-01,97.71615711876889
12,Guerrero,2022-07-01,97.4385768587086
12,Guerrero,2022-08-01,97.35499438789927
12,Guerrero,2022-09-01,97.27141191708995
12,Guerrero,2022-10-01,97.1905256550164
12,Guerrero,2022-11-01,98.15701647775296
12,Guerrero,2022-12-01,99.09233017717544
12,Guerrero,2023-01-01,100.058820999912
12,Guerrero,2023-02-01,99.6634454149688
12,Guerrero,2023-03-01,99.30633198340719
12,Guerrero,2023-04-01,98.910956398464
12,Guerrero,2023-05-01,99.34167557966003
12,Guerrero,2023-06-01,99.78675206689596
12,Guerrero,2023-07-01,100.217471248092
12,Guerrero,2023-08-01,97.2915350203339
12,Guerrero,2023-09-01,94.3655987925758
12,Guerrero,2023-10-01,91.5340476044228
12,Guerrero,2023-11-01,93.1025255679575
12,Guerrero,2023-12-01,94.6204074681524
12,Guerrero,2024-01-01,96.1888854316871
12,Guerrero,2024-02-01,96.92574260856183
12,Guerrero,2024-03-01,97.61506061273496
12,Guerrero,2024-04-01,98.3519177896097
12,Guerrero,2024-05-01,98.31244253203657
12,Guerrero,2024-06-01,98.27165143254433
12,Guerrero,2024-07-01,98.2321761749712
12,Guerrero,2024-08-01,98.94348170931195
12,Guerrero,2024-09-01,99.65478724365269
12,Guerrero,2024-10-01,100.343147438176
12,Guerrero,2024-11-01,100.9328734459347
12,Guerrero,2024-12-01,101.5035760340883
13,Hidalgo,2004-01-01,84.5979727745391
13,Hidalgo,2004-02-01,84.36932333020313
13,Hidalgo,2004-03-01,84.15542546292107
13,Hidalgo,2004-04-01,83.9267760185851
13,Hidalgo,2004-05-01,84.59934475343212
13,Hidalgo,2004-06-01,85.29433244610738
13,Hidalgo,2004-07-01,85.9669011809544
13,Hidalgo,2004-08-01,85.63554430611731
13,Hidalgo,2004-09-01,85.30418743128023
13,Hidalgo,2004-10-01,84.9835194878895
13,Hidalgo,2004-11-01,84.67551769727417
13,Hidalgo,2004-12-01,84.37745144829162
13,Hidalgo,2005-01-01,84.0694496576763
13,Hidalgo,2005-02-01,83.96016427903781
13,Hidalgo,2005-03-01,83.86145490478368
13,Hidalgo,2005-04-01,83.7521695261452
13,Hidalgo,2005-05-01,83.80685613389747
13,Hidalgo,2005-06-01,83.86336562857483
13,Hidalgo,2005-07-01,83.9180522363271
13,Hidalgo,2005-08-01,83.95906510302208
13,Hidalgo,2005-09-01,84.00007796971705
13,Hidalgo,2005-10-01,84.0397678407122
13,Hidalgo,2005-11-01,82.90745786042623
13,Hidalgo,2005-12-01,81.81167400853657
13,Hidalgo,2006-01-01,80.6793640282506
13,Hidalgo,2006-02-01,81.69020952158137
13,Hidalgo,2006-03-01,82.60323125749304
13,Hidalgo,2006-04-01,83.6140767508238
13,Hidalgo,2006-05-01,83.56934063508531
13,Hidalgo,2006-06-01,83.52311331548889
13,Hidalgo,2006-07-01,83.4783771997504
13,Hidalgo,2006-08-01,83.54503928581158
13,Hidalgo,2006-09-01,83.61170137187275
13,Hidalgo,2006-10-01,83.676213068061
13,Hidalgo,2006-11-01,83.88878129856018
13,Hidalgo,2006-12-01,84.09449248936583
13,Hidalgo,2007-01-01,84.307060719865
13,Hidalgo,2007-02-01,84.24136225387385
13,Hidalgo,2007-03-01,84.18202170394636
13,Hidalgo,2007-04-01,84.1163232379552
13,Hidalgo,2007-05-01,84.61131201930758
13,Hidalgo,2007-06-01,85.12280042670503
13,Hidalgo,2007-07-01,85.6177892080574
13,Hidalgo,2007-08-01,86.32891654504174
13,Hidalgo,2007-09-01,87.04004388202608
13,Hidalgo,2007-10-01,87.7282316274948
13,Hidalgo,2007-11-01,88.09214760419019
13,Hidalgo,2007-12-01,88.4443243558309
13,Hidalgo,2008-01-01,88.8082403325263
13,Hidalgo,2008-02-01,89.32747886756707
13,Hidalgo,2008-03-01,89.81321814228264
13,Hidalgo,2008-04-01,90.3324566773234
13,Hidalgo,2008-05-01,89.9055055158001
13,Hidalgo,2008-06-01,89.4643226488927
13,Hidalgo,2008-07-01,89.0373714873694
13,Hidalgo,2008-08-01,86.97126250451069
13,Hidalgo,2008-09-01,84.905153521652
13,Hidalgo,2008-10-01,82.9056932156597
13,Hidalgo,2008-11-01,83.66669896146514
13,Hidalgo,2008-12-01,84.40315613482525
13,Hidalgo,2009-01-01,85.1641618806307
13,Hidalgo,2009-02-01,84.84491001750631
13,Hidalgo,2009-03-01,84.5565534959746
13,Hidalgo,2009-04-01,84.2373016328502
13,Hidalgo,2009-05-01,84.46183772999447
13,Hidalgo,2009-06-01,84.69385836371023
13,Hidalgo,2009-07-01,84.9183944608545
13,Hidalgo,2009-08-01,84.37537768768519
13,Hidalgo,2009-09-01,83.83236091451587
13,Hidalgo,2009-10-01,83.3068608114488
13,Hidalgo,2009-11-01,83.47280622698136
13,Hidalgo,2009-12-01,83.63339856459353
13,Hidalgo,2010-01-01,83.7993439801261
13,Hidalgo,2010-02-01,84.69429673234988
13,Hidalgo,2010-03-01,85.50264115371331
13,Hidalgo,2010-04-01,86.3975939059371
13,Hidalgo,2010-05-01,85.50536737610541
13,Hidalgo,2010-06-01,84.58339996194599
13,Hidalgo,2010-07-01,83.6911734321143
13,Hidalgo,2010-08-01,85.27298086096529
13,Hidalgo,2010-09-01,86.85478828981628
13,Hidalgo,2010-10-01,88.3855696725753
13,Hidalgo,2010-11-01,87.98478904464295
13,Hidalgo,2010-12-01,87.59693682406325
13,Hidalgo,2011-01-01,87.1961561961309
13,Hidalgo,2011-02-01,87.18808378592735
13,Hidalgo,2011-03-01,87.18079257671124
13,Hidalgo,2011-04-01,87.1727201665077
13,Hidalgo,2011-05-01,87.53560832177584
13,Hidalgo,2011-06-01,87.91059274888626
13,Hidalgo,2011-07-01,88.2734809041544
13,Hidalgo,2011-08-01,88.1448694275393
13,Hidalgo,2011-09-01,88.01625795092423
13,Hidalgo,2011-10-01,87.8917952316193
13,Hidalgo,2011-11-01,87.77189804740692
13,Hidalgo,2011-12-01,87.65586851429818
13,Hidalgo,2012-01-01,87.5359713300858
13,Hidalgo,2012-02-01,87.90690504812808
13,Hidalgo,2012-03-01,88.25390755855472
13,Hidalgo,2012-04-01,88.624841276597
13,Hidalgo,2012-05-01,89.29118021368713
13,Hidalgo,2012-06-01,89.97973044868027
13,Hidalgo,2012-07-01,90.6460693857704
13,Hidalgo,2012-08-01,92.4373083141406
13,Hidalgo,2012-09-01,94.22854724251079
13,Hidalgo,2012-10-01,95.9620042699658
13,Hidalgo,2012-11-01,94.11784967198905
13,Hidalgo,2012-12-01,92.33318393201155
13,Hidalgo,2013-01-01,90.4890293340348
13,Hidalgo,2013-02-01,90.84641363129073
13,Hidalgo,2013-03-01,91.16921235139287
13,Hidalgo,2013-04-01,91.5265966486488
13,Hidalgo,2013-05-01,91.041792973757
13,Hidalgo,2013-06-01,90.5408291763688
13,Hidalgo,2013-07-01,90.056025501477
13,Hidalgo,2013-08-01,90.79228791517792
13,Hidalgo,2013-09-01,91.52855032887884
13,Hidalgo,2013-10-01,92.2410623421378
13,Hidalgo,2013-11-01,92.96053359330551
13,Hidalgo,2013-12-01,93.65679609443558
13,Hidalgo,2014-01-01,94.3762673456033
13,Hidalgo,2014-02-01,94.60057908970258
13,Hidalgo,2014-03-01,94.80318324566322
13,Hidalgo,2014-04-01,95.0274949897625
13,Hidalgo,2014-05-01,95.74642299101484
13,Hidalgo,2014-06-01,96.48931525897557
13,Hidalgo,2014-07-01,97.2082432602279
13,Hidalgo,2014-08-01,96.65649404944286
13,Hidalgo,2014-09-01,96.10474483865782
13,Hidalgo,2014-10-01,95.570793989511
13,Hidalgo,2014-11-01,95.95185053864246
13,Hidalgo,2014-12-01,96.32061494102774
13,Hidalgo,2015-01-01,96.7016714901592
13,Hidalgo,2015-02-01,97.05882945513711
13,Hidalgo,2015-03-01,97.38142374608489
13,Hidalgo,2015-04-01,97.7385817110628
13,Hidalgo,2015-05-01,97.64320781388027
13,Hidalgo,2015-06-01,97.54465478679164
13,Hidalgo,2015-07-01,97.4492808896091
13,Hidalgo,2015-08-01,99.97086757018778
13,Hidalgo,2015-09-01,102.49245425076644
13,Hidalgo,2015-10-01,104.93269942552
13,Hidalgo,2015-11-01,104.47160056002923
13,Hidalgo,2015-12-01,104.02537585148977
13,Hidalgo,2016-01-01,103.564276985999
13,Hidalgo,2016-02-01,102.9445413090892
13,Hidalgo,2016-03-01,102.3647885790768
13,Hidalgo,2016-04-01,101.745052902167
13,Hidalgo,2016-05-01,100.62137816814612
13,Hidalgo,2016-06-01,99.46024760965788
13,Hidalgo,2016-07-01,98.336572875637
13,Hidalgo,2016-08-01,97.7628028488442
13,Hidalgo,2016-09-01,97.1890328220514
13,Hidalgo,2016-10-01,96.6337715058003
13,Hidalgo,2016-11-01,96.79760856787824
13,Hidalgo,2016-12-01,96.95616056343755
13,Hidalgo,2017-01-01,97.1199976255155
13,Hidalgo,2017-02-01,98.0316991716927
13,Hidalgo,2017-03-01,98.8551715359818
13,Hidalgo,2017-04-01,99.766873082159
13,Hidalgo,2017-05-01,99.98074675654844
13,Hidalgo,2017-06-01,100.20174955341756
13,Hidalgo,2017-07-01,100.415623227807
13,Hidalgo,2017-08-01,100.85218289350406
13,Hidalgo,2017-09-01,101.28874255920113
13,Hidalgo,2017-10-01,101.711219655037
13,Hidalgo,2017-11-01,101.4914122349489
13,Hidalgo,2017-12-01,101.2786953767991
13,Hidalgo,2018-01-01,101.058887956711
13,Hidalgo,2018-02-01,100.94480330669103
13,Hidalgo,2018-03-01,100.84175910667298
13,Hidalgo,2018-04-01,100.727674456653
13,Hidalgo,2018-05-01,100.83616006587003
13,Hidalgo,2018-06-01,100.94826186206097
13,Hidalgo,2018-07-01,101.056747471278
13,Hidalgo,2018-08-01,99.88820193401853
13,Hidalgo,2018-09-01,98.71965639675904
13,Hidalgo,2018-10-01,97.5888058768305
13,Hidalgo,2018-11-01,98.73837918457677
13,Hidalgo,2018-12-01,99.85086948239574
13,Hidalgo,2019-01-01,101.000442790142
13,Hidalgo,2019-02-01,99.30205028668732
13,Hidalgo,2019-03-01,97.76801834808309
13,Hidalgo,2019-04-01,96.0696258446284
13,Hidalgo,2019-05-01,96.45663020046136
13,Hidalgo,2019-06-01,96.85653470148874
13,Hidalgo,2019-07-01,97.2435390573217
13,Hidalgo,2019-08-01,96.81604270111247
13,Hidalgo,2019-09-01,96.38854634490323
13,Hidalgo,2019-10-01,95.974840193733
13,Hidalgo,2019-11-01,95.37266681621622
13,Hidalgo,2019-12-01,94.78991838636128
13,Hidalgo,2020-01-01,94.1877450088445
13,Hidalgo,2020-02-01,89.74520314406769
13,Hidalgo,2020-03-01,85.58927688347002
13,Hidalgo,2020-04-01,81.1467350186932
13,Hidalgo,2020-05-01,81.93045833702274
13,Hidalgo,2020-06-01,82.74030576596327
13,Hidalgo,2020-07-01,83.5240290842928
13,Hidalgo,2020-08-01,85.08711420663592
13,Hidalgo,2020-09-01,86.65019932897903
13,Hidalgo,2020-10-01,88.1628623506014
13,Hidalgo,2020-11-01,89.58494116800281
13,Hidalgo,2020-12-01,90.96114647516549
13,Hidalgo,2021-01-01,92.3832252925669
13,Hidalgo,2021-02-01,92.86110801020574
13,Hidalgo,2021-03-01,93.29274401323437
13,Hidalgo,2021-04-01,93.7706267308732
13,Hidalgo,2021-05-01,93.50199109390262
13,Hidalgo,2021-06-01,93.22440093569969
13,Hidalgo,2021-07-01,92.9557652987291
13,Hidalgo,2021-08-01,93.09854758049917
13,Hidalgo,2021-09-01,93.24132986226923
13,Hidalgo,2021-10-01,93.3795062639822
13,Hidalgo,2021-11-01,94.75468922934589
13,Hidalgo,2021-12-01,96.0855114538914
13,Hidalgo,2022-01-01,97.4606944192551
13,Hidalgo,2022-02-01,99.03229815060199
13,Hidalgo,2022-03-01,100.45181119827012
13,Hidalgo,2022-04-01,102.023414929617
13,Hidalgo,2022-05-01,102.56287491984392
13,Hidalgo,2022-06-01,103.12031690974509
13,Hidalgo,2022-07-01,103.659776899972
13,Hidalgo,2022-08-01,104.437558065096
13,Hidalgo,2022-09-01,105.21533923022
13,Hidalgo,2022-10-01,105.96803068034
13,Hidalgo,2022-11-01,105.22983328464838
13,Hidalgo,2022-12-01,104.51544870817261
13,Hidalgo,2023-01-01,103.777251312481
13,Hidalgo,2023-02-01,103.43626233967252
13,Hidalgo,2023-03-01,103.12827229971647
13,Hidalgo,2023-04-01,102.787283326908
13,Hidalgo,2023-05-01,103.96725092002207
13,Hidalgo,2023-06-01,105.18655076623993
13,Hidalgo,2023-07-01,106.366518359354
13,Hidalgo,2023-08-01,106.2832818124486
13,Hidalgo,2023-09-01,106.20004526554322
13,Hidalgo,2023-10-01,106.119493768538
13,Hidalgo,2023-11-01,106.6367931754892
13,Hidalgo,2023-12-01,107.1374055047968
13,Hidalgo,2024-01-01,107.654704911748
13,Hidalgo,2024-02-01,106.46194680908272
13,Hidalgo,2024-03-01,105.34614084207328
13,Hidalgo,2024-04-01,104.153382739408
13,Hidalgo,2024-05-01,106.04198986185624
13,Hidalgo,2024-06-01,107.99355055505276
13,Hidalgo,2024-07-01,109.882157677501
13,Hidalgo,2024-08-01,109.27338756811936
13,Hidalgo,2024-09-01,108.66461745873771
13,Hidalgo,2024-10-01,108.07548509482
13,Hidalgo,2024-11-01,108.32162614643198
13,Hidalgo,2024-12-01,108.55982716412102
14,Jalisco,2004-01-01,69.6153858495436
14,Jalisco,2004-02-01,69.83262066329738
14,Jalisco,2004-03-01,70.03584032777673
14,Jalisco,2004-04-01,70.2530751415305
14,Jalisco,2004-05-01,70.4043297284379
14,Jalisco,2004-06-01,70.5606261349089
14,Jalisco,2004-07-01,70.7118807218163
14,Jalisco,2004-08-01,70.48484191509623
14,Jalisco,2004-09-01,70.25780310837614
14,Jalisco,2004-10-01,70.0380881341309
14,Jalisco,2004-11-01,70.0011772236108
14,Jalisco,2004-12-01,69.96545698762361
14,Jalisco,2005-01-01,69.9285460771035
14,Jalisco,2005-02-01,70.27356839353843
14,Jalisco,2005-03-01,70.58520145354417
14,Jalisco,2005-04-01,70.9302237699791
14,Jalisco,2005-05-01,71.18729771430867
14,Jalisco,2005-06-01,71.45294079011592
14,Jalisco,2005-07-01,71.7100147344455
14,Jalisco,2005-08-01,72.61643406262004
14,Jalisco,2005-09-01,73.52285339079458
14,Jalisco,2005-10-01,74.4000333858022
14,Jalisco,2005-11-01,74.82075365074216
14,Jalisco,2005-12-01,75.22790229423244
14,Jalisco,2006-01-01,75.6486225591724
14,Jalisco,2006-02-01,75.63644450855018
14,Jalisco,2006-03-01,75.62544497895591
14,Jalisco,2006-04-01,75.6132669283337
14,Jalisco,2006-05-01,75.2896601688256
14,Jalisco,2006-06-01,74.9552665173339
14,Jalisco,2006-07-01,74.6316597578258
14,Jalisco,2006-08-01,75.03406675422382
14,Jalisco,2006-09-01,75.43647375062183
14,Jalisco,2006-10-01,75.8258998761683
14,Jalisco,2006-11-01,76.22753064603555
14,Jalisco,2006-12-01,76.61620558461675
14,Jalisco,2007-01-01,77.017836354484
14,Jalisco,2007-02-01,77.3671880686348
14,Jalisco,2007-03-01,77.6827315523839
14,Jalisco,2007-04-01,78.0320832665347
14,Jalisco,2007-05-01,78.04901926534409
14,Jalisco,2007-06-01,78.06651979744711
14,Jalisco,2007-07-01,78.0834557962565
14,Jalisco,2007-08-01,78.20590300278491
14,Jalisco,2007-09-01,78.32835020931331
14,Jalisco,2007-10-01,78.4468475059537
14,Jalisco,2007-11-01,78.43223486454386
14,Jalisco,2007-12-01,78.41809359866335
14,Jalisco,2008-01-01,78.4034809572535
14,Jalisco,2008-02-01,78.6752875600027
14,Jalisco,2008-03-01,78.92955825289711
14,Jalisco,2008-04-01,79.2013648556463
14,Jalisco,2008-05-01,79.44753477729739
14,Jalisco,2008-06-01,79.7019103630035
14,Jalisco,2008-07-01,79.9480802846546
14,Jalisco,2008-08-01,79.36621117530383
14,Jalisco,2008-09-01,78.78434206595308
14,Jalisco,2008-10-01,78.2212429278717
14,Jalisco,2008-11-01,76.72857448184547
14,Jalisco,2008-12-01,75.28405663085233
14,Jalisco,2009-01-01,73.7913881848261
14,Jalisco,2009-02-01,73.28511415444703
14,Jalisco,2009-03-01,72.82783438507238
14,Jalisco,2009-04-01,72.3215603546933
14,Jalisco,2009-05-01,73.15626656359954
14,Jalisco,2009-06-01,74.01879631280266
14,Jalisco,2009-07-01,74.8535025217089
14,Jalisco,2009-08-01,75.29102177117
14,Jalisco,2009-09-01,75.72854102063108
14,Jalisco,2009-10-01,76.151946745916
14,Jalisco,2009-11-01,76.67948687337983
14,Jalisco,2009-12-01,77.19000957737708
14,Jalisco,2010-01-01,77.7175497048409
14,Jalisco,2010-02-01,78.1774624344049
14,Jalisco,2010-03-01,78.5928674804627
14,Jalisco,2010-04-01,79.0527802100267
14,Jalisco,2010-05-01,79.1524342581346
14,Jalisco,2010-06-01,79.25541010784609
14,Jalisco,2010-07-01,79.355064155954
14,Jalisco,2010-08-01,79.5327536181919
14,Jalisco,2010-09-01,79.7104430804298
14,Jalisco,2010-10-01,79.882400624531
14,Jalisco,2010-11-01,80.09119965129162
14,Jalisco,2010-12-01,80.29326322557608
14,Jalisco,2011-01-01,80.5020622523367
14,Jalisco,2011-02-01,80.72826060574916
14,Jalisco,2011-03-01,80.93256879592815
14,Jalisco,2011-04-01,81.1587671493406
14,Jalisco,2011-05-01,81.54710275436487
14,Jalisco,2011-06-01,81.94838287955663
14,Jalisco,2011-07-01,82.3367184845809
14,Jalisco,2011-08-01,82.41021885659251
14,Jalisco,2011-09-01,82.4837192286041
14,Jalisco,2011-10-01,82.5548486208734
14,Jalisco,2011-11-01,82.86598509641576
14,Jalisco,2011-12-01,83.16708491145674
14,Jalisco,2012-01-01,83.4782213869991
14,Jalisco,2012-02-01,83.68275901423289
14,Jalisco,2012-03-01,83.87410066551611
14,Jalisco,2012-04-01,84.0786382927499
14,Jalisco,2012-05-01,84.24814027902768
14,Jalisco,2012-06-01,84.42329233151472
14,Jalisco,2012-07-01,84.5927943177925
14,Jalisco,2012-08-01,85.03280604964593
14,Jalisco,2012-09-01,85.47281778149934
14,Jalisco,2012-10-01,85.8986355865188
14,Jalisco,2012-11-01,85.86036130952427
14,Jalisco,2012-12-01,85.82332168662633
14,Jalisco,2013-01-01,85.7850474096318
14,Jalisco,2013-02-01,85.82117910547784
14,Jalisco,2013-03-01,85.85381418559686
14,Jalisco,2013-04-01,85.8899458814429
14,Jalisco,2013-05-01,86.01550022953744
14,Jalisco,2013-06-01,86.14523972256846
14,Jalisco,2013-07-01,86.270794070663
14,Jalisco,2013-08-01,86.64235876096186
14,Jalisco,2013-09-01,87.01392345126072
14,Jalisco,2013-10-01,87.373502183808
14,Jalisco,2013-11-01,87.11859876157143
14,Jalisco,2013-12-01,86.87191803037477
14,Jalisco,2014-01-01,86.6170146081382
14,Jalisco,2014-02-01,87.86281064652567
14,Jalisco,2014-03-01,88.98804577797243
14,Jalisco,2014-04-01,90.2338418163599
14,Jalisco,2014-05-01,89.89131656843307
14,Jalisco,2014-06-01,89.53737381224202
14,Jalisco,2014-07-01,89.1948485643152
14,Jalisco,2014-08-01,89.89392274598957
14,Jalisco,2014-09-01,90.59299692766395
14,Jalisco,2014-10-01,91.2695203292843
14,Jalisco,2014-11-01,91.65370596580475
14,Jalisco,2014-12-01,92.02549851727616
14,Jalisco,2015-01-01,92.4096841537966
14,Jalisco,2015-02-01,92.5596986982726
14,Jalisco,2015-03-01,92.69519570618641
14,Jalisco,2015-04-01,92.8452102506624
14,Jalisco,2015-05-01,92.8340870453473
14,Jalisco,2015-06-01,92.8225930665217
14,Jalisco,2015-07-01,92.8114698612066
14,Jalisco,2015-08-01,92.70243686769841
14,Jalisco,2015-09-01,92.59340387419022
14,Jalisco,2015-10-01,92.487888074021
14,Jalisco,2015-11-01,92.66875056371723
14,Jalisco,2015-12-01,92.84377877955228
14,Jalisco,2016-01-01,93.0246412692485
14,Jalisco,2016-02-01,93.65188649138126
14,Jalisco,2016-03-01,94.23866427982804
14,Jalisco,2016-04-01,94.8659095019608
14,Jalisco,2016-05-01,95.45911421466096
14,Jalisco,2016-06-01,96.07209241778445
14,Jalisco,2016-07-01,96.6652971304846
14,Jalisco,2016-08-01,96.74580401419158
14,Jalisco,2016-09-01,96.82631089789854
14,Jalisco,2016-10-01,96.9042207853569
14,Jalisco,2016-11-01,96.77809966875321
14,Jalisco,2016-12-01,96.65604697526578
14,Jalisco,2017-01-01,96.5299258586621
14,Jalisco,2017-02-01,96.43939422403591
14,Jalisco,2017-03-01,96.35762371534129
14,Jalisco,2017-04-01,96.2670920807151
14,Jalisco,2017-05-01,96.77362150077064
14,Jalisco,2017-06-01,97.29703523482806
14,Jalisco,2017-07-01,97.8035646548836
14,Jalisco,2017-08-01,98.32590822699353
14,Jalisco,2017-09-01,98.84825179910347
14,Jalisco,2017-10-01,99.3537455785647
14,Jalisco,2017-11-01,100.20369614773271
14,Jalisco,2017-12-01,101.02622895660498
14,Jalisco,2018-01-01,101.876179525773
14,Jalisco,2018-02-01,101.0146600078231
14,Jalisco,2018-03-01,100.236513346449
14,Jalisco,2018-04-01,99.3749938284991
14,Jalisco,2018-05-01,99.48305079151969
14,Jalisco,2018-06-01,99.59470965330762
14,Jalisco,2018-07-01,99.7027666163282
14,Jalisco,2018-08-01,99.63205932675015
14,Jalisco,2018-09-01,99.5613520371721
14,Jalisco,2018-10-01,99.492925627903
14,Jalisco,2018-11-01,99.76221005210638
14,Jalisco,2018-12-01,100.02280788198063
14,Jalisco,2019-01-01,100.292092306184
14,Jalisco,2019-02-01,100.66257050015562
14,Jalisco,2019-03-01,100.99719596567837
14,Jalisco,2019-04-01,101.36767415965
14,Jalisco,2019-05-01,101.18049029499406
14,Jalisco,2019-06-01,100.98706696818293
14,Jalisco,2019-07-01,100.799883103527
14,Jalisco,2019-08-01,100.48874913402123
14,Jalisco,2019-09-01,100.17761516451549
14,Jalisco,2019-10-01,99.8765177746712
14,Jalisco,2019-11-01,98.88395776049725
14,Jalisco,2019-12-01,97.92341581129665
14,Jalisco,2020-01-01,96.9308557971227
14,Jalisco,2020-02-01,92.11919182009241
14,Jalisco,2020-03-01,87.61795777706408
14,Jalisco,2020-04-01,82.8062938000338
14,Jalisco,2020-05-01,86.25639475454692
14,Jalisco,2020-06-01,89.82149907421048
14,Jalisco,2020-07-01,93.2716000287236
14,Jalisco,2020-08-01,94.76335262835784
14,Jalisco,2020-09-01,96.25510522799208
14,Jalisco,2020-10-01,97.6987367760252
14,Jalisco,2020-11-01,97.66993791988986
14,Jalisco,2020-12-01,97.64206805911374
14,Jalisco,2021-01-01,97.6132692029784
14,Jalisco,2021-02-01,97.70339089144841
14,Jalisco,2021-03-01,97.7847911261955
14,Jalisco,2021-04-01,97.8749128146655
14,Jalisco,2021-05-01,97.63369224784124
14,Jalisco,2021-06-01,97.38443099545617
14,Jalisco,2021-07-01,97.1432104286319
14,Jalisco,2021-08-01,97.4538991278937
14,Jalisco,2021-09-01,97.76458782715551
14,Jalisco,2021-10-01,98.0652543103121
14,Jalisco,2021-11-01,98.76156840509877
14,Jalisco,2021-12-01,99.43542075489233
14,Jalisco,2022-01-01,100.131734849679
14,Jalisco,2022-02-01,100.52087159590778
14,Jalisco,2022-03-01,100.87234994734023
14,Jalisco,2022-04-01,101.261486693569
14,Jalisco,2022-05-01,101.90301359926339
14,Jalisco,2022-06-01,102.5659247351476
14,Jalisco,2022-07-01,103.207451640842
14,Jalisco,2022-08-01,103.73288428556377
14,Jalisco,2022-09-01,104.25831693028555
14,Jalisco,2022-10-01,104.766800134855
14,Jalisco,2022-11-01,104.50233357500467
14,Jalisco,2022-12-01,104.24639819450434
14,Jalisco,2023-01-01,103.981931634654
14,Jalisco,2023-02-01,104.20702176501996
14,Jalisco,2023-03-01,104.41032897954405
14,Jalisco,2023-04-01,104.63541910991
14,Jalisco,2023-05-01,104.87286553643594
14,Jalisco,2023-06-01,105.11822684384606
14,Jalisco,2023-07-01,105.355673270372
14,Jalisco,2023-08-01,105.99642498177205
14,Jalisco,2023-09-01,106.63717669317211
14,Jalisco,2023-10-01,107.257258994527
14,Jalisco,2023-11-01,106.81149323142223
14,Jalisco,2023-12-01,106.38010700906277
14,Jalisco,2024-01-01,105.934341245958
14,Jalisco,2024-02-01,105.94460725515363
14,Jalisco,2024-03-01,105.95421094117536
14,Jalisco,2024-04-01,105.964476950371
14,Jalisco,2024-05-01,106.03793002024385
14,Jalisco,2024-06-01,106.11383152577915
14,Jalisco,2024-07-01,106.187284595652
14,Jalisco,2024-08-01,106.05706194572541
14,Jalisco,2024-09-01,105.9268392957988
14,Jalisco,2024-10-01,105.800817376515
14,Jalisco,2024-11-01,106.22327845685203
14,Jalisco,2024-12-01,106.63211176040397
16,Michoacán de Ocampo,2004-01-01,70.2427598259689
16,Michoacán de Ocampo,2004-02-01,70.77399257226385
16,Michoacán de Ocampo,2004-03-01,71.27095223815266
16,Michoacán de Ocampo,2004-04-01,71.8021849844476
16,Michoacán de Ocampo,2004-05-01,72.07998726220585
16,Michoacán de Ocampo,2004-06-01,72.36704961588936
16,Michoacán de Ocampo,2004-07-01,72.6448518936476
16,Michoacán de Ocampo,2004-08-01,72.48869109587818
16,Michoacán de Ocampo,2004-09-01,72.33253029810878
16,Michoacán de Ocampo,2004-10-01,72.1814069454287
16,Michoacán de Ocampo,2004-11-01,72.04893484659502
16,Michoacán de Ocampo,2004-12-01,71.9207360412721
16,Michoacán de Ocampo,2005-01-01,71.7882639424384
16,Michoacán de Ocampo,2005-02-01,71.88494335446515
16,Michoacán de Ocampo,2005-03-01,71.97226669436026
16,Michoacán de Ocampo,2005-04-01,72.068946106387
16,Michoacán de Ocampo,2005-05-01,72.07765090231392
16,Michoacán de Ocampo,2005-06-01,72.08664585810509
16,Michoacán de Ocampo,2005-07-01,72.095350654032
16,Michoacán de Ocampo,2005-08-01,72.16794789929008
16,Michoacán de Ocampo,2005-09-01,72.24054514454815
16,Michoacán de Ocampo,2005-10-01,72.310800543185
16,Michoacán de Ocampo,2005-11-01,73.01585133993905
16,Michoacán de Ocampo,2005-12-01,73.69815856260425
16,Michoacán de Ocampo,2006-01-01,74.4032093593583
16,Michoacán de Ocampo,2006-02-01,74.65865465992357
16,Michoacán de Ocampo,2006-03-01,74.88937944753093
16,Michoacán de Ocampo,2006-04-01,75.1448247480962
16,Michoacán de Ocampo,2006-05-01,75.63762591119671
16,Michoacán de Ocampo,2006-06-01,76.14685377973389
16,Michoacán de Ocampo,2006-07-01,76.6396549428344
16,Michoacán de Ocampo,2006-08-01,76.88866556571354
16,Michoacán de Ocampo,2006-09-01,77.13767618859269
16,Michoacán de Ocampo,2006-10-01,77.3786542107338
16,Michoacán de Ocampo,2006-11-01,77.63963437610917
16,Michoacán de Ocampo,2006-12-01,77.89219582647243
16,Michoacán de Ocampo,2007-01-01,78.1531759918478
16,Michoacán de Ocampo,2007-02-01,77.56048989103604
16,Michoacán de Ocampo,2007-03-01,77.02516050965767
16,Michoacán de Ocampo,2007-04-01,76.4324744088459
16,Michoacán de Ocampo,2007-05-01,76.82901071803109
16,Michoacán de Ocampo,2007-06-01,77.23876490418913
16,Michoacán de Ocampo,2007-07-01,77.6353012133743
16,Michoacán de Ocampo,2007-08-01,78.79505617072363
16,Michoacán de Ocampo,2007-09-01,79.95481112807295
16,Michoacán de Ocampo,2007-10-01,81.0771546351852
16,Michoacán de Ocampo,2007-11-01,81.02930196971349
16,Michoacán de Ocampo,2007-12-01,80.98299293861182
16,Michoacán de Ocampo,2008-01-01,80.9351402731401
16,Michoacán de Ocampo,2008-02-01,81.07082874685717
16,Michoacán de Ocampo,2008-03-01,81.19776312549573
16,Michoacán de Ocampo,2008-04-01,81.3334515992128
16,Michoacán de Ocampo,2008-05-01,80.94436325374005
16,Michoacán de Ocampo,2008-06-01,80.54230529675154
16,Michoacán de Ocampo,2008-07-01,80.1532169512788
16,Michoacán de Ocampo,2008-08-01,79.51844592091686
16,Michoacán de Ocampo,2008-09-01,78.88367489055494
16,Michoacán de Ocampo,2008-10-01,78.2693803450434
16,Michoacán de Ocampo,2008-11-01,77.19483671598717
16,Michoacán de Ocampo,2008-12-01,76.15495578464244
16,Michoacán de Ocampo,2009-01-01,75.0804121555862
16,Michoacán de Ocampo,2009-02-01,75.82241133300352
16,Michoacán de Ocampo,2009-03-01,76.49260413841269
16,Michoacán de Ocampo,2009-04-01,77.23460331583
16,Michoacán de Ocampo,2009-05-01,77.50956166710898
16,Michoacán de Ocampo,2009-06-01,77.79368529676391
16,Michoacán de Ocampo,2009-07-01,78.0686436480429
16,Michoacán de Ocampo,2009-08-01,78.07893096327491
16,Michoacán de Ocampo,2009-09-01,78.08921827850693
16,Michoacán de Ocampo,2009-10-01,78.0991737448605
16,Michoacán de Ocampo,2009-11-01,78.35609763588779
16,Michoacán de Ocampo,2009-12-01,78.6047336594626
16,Michoacán de Ocampo,2010-01-01,78.8616575504899
16,Michoacán de Ocampo,2010-02-01,79.31364628577357
16,Michoacán de Ocampo,2010-03-01,79.72189417570722
16,Michoacán de Ocampo,2010-04-01,80.1738829109909
16,Michoacán de Ocampo,2010-05-01,79.92944227695237
16,Michoacán de Ocampo,2010-06-01,79.67685362177923
16,Michoacán de Ocampo,2010-07-01,79.4324129877407
16,Michoacán de Ocampo,2010-08-01,79.12736820525448
16,Michoacán de Ocampo,2010-09-01,78.82232342276828
16,Michoacán de Ocampo,2010-10-01,78.5271187945558
16,Michoacán de Ocampo,2010-11-01,79.49998397991736
16,Michoacán de Ocampo,2010-12-01,80.44146641736404
16,Michoacán de Ocampo,2011-01-01,81.4143316027256
16,Michoacán de Ocampo,2011-02-01,81.77629957807306
16,Michoacán de Ocampo,2011-03-01,82.10323839451593
16,Michoacán de Ocampo,2011-04-01,82.4652063698634
16,Michoacán de Ocampo,2011-05-01,82.50071639459152
16,Michoacán de Ocampo,2011-06-01,82.53741008681058
16,Michoacán de Ocampo,2011-07-01,82.5729201115387
16,Michoacán de Ocampo,2011-08-01,82.90282899437051
16,Michoacán de Ocampo,2011-09-01,83.23273787720233
16,Michoacán de Ocampo,2011-10-01,83.5520045380073
16,Michoacán de Ocampo,2011-11-01,83.44362758047582
16,Michoacán de Ocampo,2011-12-01,83.33874665383247
16,Michoacán de Ocampo,2012-01-01,83.230369696301
16,Michoacán de Ocampo,2012-02-01,83.00386880777457
16,Michoacán de Ocampo,2012-03-01,82.79198087979823
16,Michoacán de Ocampo,2012-04-01,82.5654799912718
16,Michoacán de Ocampo,2012-05-01,83.37046137730286
16,Michoacán de Ocampo,2012-06-01,84.20227547620163
16,Michoacán de Ocampo,2012-07-01,85.0072568622327
16,Michoacán de Ocampo,2012-08-01,85.2445338983417
16,Michoacán de Ocampo,2012-09-01,85.4818109344507
16,Michoacán de Ocampo,2012-10-01,85.7114338726207
16,Michoacán de Ocampo,2012-11-01,85.5387558132256
16,Michoacán de Ocampo,2012-12-01,85.371648013811
16,Michoacán de Ocampo,2013-01-01,85.1989699544159
16,Michoacán de Ocampo,2013-02-01,84.95119764392129
16,Michoacán de Ocampo,2013-03-01,84.72740329895841
16,Michoacán de Ocampo,2013-04-01,84.4796309884638
16,Michoacán de Ocampo,2013-05-01,84.51280675347176
16,Michoacán de Ocampo,2013-06-01,84.54708837731333
16,Michoacán de Ocampo,2013-07-01,84.5802641423213
16,Michoacán de Ocampo,2013-08-01,84.31424017454903
16,Michoacán de Ocampo,2013-09-01,84.04821620677674
16,Michoacán de Ocampo,2013-10-01,83.7907736573197
16,Michoacán de Ocampo,2013-11-01,85.38041322109144
16,Michoacán de Ocampo,2013-12-01,86.91877408925765
16,Michoacán de Ocampo,2014-01-01,88.5084136530294
16,Michoacán de Ocampo,2014-02-01,88.87378220271736
16,Michoacán de Ocampo,2014-03-01,89.20379250566133
16,Michoacán de Ocampo,2014-04-01,89.5691610553493
16,Michoacán de Ocampo,2014-05-01,89.13161750817679
16,Michoacán de Ocampo,2014-06-01,88.67948917609851
16,Michoacán de Ocampo,2014-07-01,88.241945628926
16,Michoacán de Ocampo,2014-08-01,88.20212203768048
16,Michoacán de Ocampo,2014-09-01,88.16229844643496
16,Michoacán de Ocampo,2014-10-01,88.1237594871651
16,Michoacán de Ocampo,2014-11-01,87.94845620961284
16,Michoacán de Ocampo,2014-12-01,87.77880787649777
16,Michoacán de Ocampo,2015-01-01,87.6035045989455
16,Michoacán de Ocampo,2015-02-01,88.56617162572704
16,Michoacán de Ocampo,2015-03-01,89.43567732733617
16,Michoacán de Ocampo,2015-04-01,90.3983443541177
16,Michoacán de Ocampo,2015-05-01,91.7558193891141
16,Michoacán de Ocampo,2015-06-01,93.1585435919437
16,Michoacán de Ocampo,2015-07-01,94.5160186269401
16,Michoacán de Ocampo,2015-08-01,92.5707933823125
16,Michoacán de Ocampo,2015-09-01,90.6255681376849
16,Michoacán de Ocampo,2015-10-01,88.7430920944969
16,Michoacán de Ocampo,2015-11-01,89.08036063691907
16,Michoacán de Ocampo,2015-12-01,89.40674954894054
16,Michoacán de Ocampo,2016-01-01,89.7440180913627
16,Michoacán de Ocampo,2016-02-01,90.943570005971
16,Michoacán de Ocampo,2016-03-01,92.06573147447551
16,Michoacán de Ocampo,2016-04-01,93.2652833890838
16,Michoacán de Ocampo,2016-05-01,93.39412122558707
16,Michoacán de Ocampo,2016-06-01,93.52725365664044
16,Michoacán de Ocampo,2016-07-01,93.6560914931437
16,Michoacán de Ocampo,2016-08-01,94.3325881788944
16,Michoacán de Ocampo,2016-09-01,95.0090848646451
16,Michoacán de Ocampo,2016-10-01,95.6637590766619
16,Michoacán de Ocampo,2016-11-01,95.91568536838578
16,Michoacán de Ocampo,2016-12-01,96.15948500553792
16,Michoacán de Ocampo,2017-01-01,96.4114112972618
16,Michoacán de Ocampo,2017-02-01,94.99518094413706
16,Michoacán de Ocampo,2017-03-01,93.71600514131474
16,Michoacán de Ocampo,2017-04-01,92.29977478819
16,Michoacán de Ocampo,2017-05-01,93.71415380007869
16,Michoacán de Ocampo,2017-06-01,95.17567877903032
16,Michoacán de Ocampo,2017-07-01,96.590057790919
16,Michoacán de Ocampo,2017-08-01,97.55363346354987
16,Michoacán de Ocampo,2017-09-01,98.51720913618072
16,Michoacán de Ocampo,2017-10-01,99.4497017225977
16,Michoacán de Ocampo,2017-11-01,99.50775224123281
16,Michoacán de Ocampo,2017-12-01,99.56393016249258
16,Michoacán de Ocampo,2018-01-01,99.6219806811277
16,Michoacán de Ocampo,2018-02-01,99.83731033053047
16,Michoacán de Ocampo,2018-03-01,100.03180162676523
16,Michoacán de Ocampo,2018-04-01,100.247131276168
16,Michoacán de Ocampo,2018-05-01,99.82299867624924
16,Michoacán de Ocampo,2018-06-01,99.38472832299986
16,Michoacán de Ocampo,2018-07-01,98.9605957230811
16,Michoacán de Ocampo,2018-08-01,99.6136770528541
16,Michoacán de Ocampo,2018-09-01,100.26675838262709
16,Michoacán de Ocampo,2018-10-01,100.89877257273
16,Michoacán de Ocampo,2018-11-01,100.94181209412834
16,Michoacán de Ocampo,2018-12-01,100.98346324386866
16,Michoacán de Ocampo,2019-01-01,101.026502765267
16,Michoacán de Ocampo,2019-02-01,100.09090288033539
16,Michoacán de Ocampo,2019-03-01,99.245844919752
16,Michoacán de Ocampo,2019-04-01,98.3102450348204
16,Michoacán de Ocampo,2019-05-01,99.27094751190334
16,Michoacán de Ocampo,2019-06-01,100.26367340488905
16,Michoacán de Ocampo,2019-07-01,101.224375881972
16,Michoacán de Ocampo,2019-08-01,100.97803932377062
16,Michoacán de Ocampo,2019-09-01,100.73170276556924
16,Michoacán de Ocampo,2019-10-01,100.493312547955
16,Michoacán de Ocampo,2019-11-01,100.59679126296191
16,Michoacán de Ocampo,2019-12-01,100.69693195490409
16,Michoacán de Ocampo,2020-01-01,100.800410669911
16,Michoacán de Ocampo,2020-02-01,95.36429802499848
16,Michoacán de Ocampo,2020-03-01,90.27890232491903
16,Michoacán de Ocampo,2020-04-01,84.8427896800065
16,Michoacán de Ocampo,2020-05-01,88.59545002921466
16,Michoacán de Ocampo,2020-06-01,92.47319905672974
16,Michoacán de Ocampo,2020-07-01,96.2258594059379
16,Michoacán de Ocampo,2020-08-01,96.76915398769755
16,Michoacán de Ocampo,2020-09-01,97.3124485694572
16,Michoacán de Ocampo,2020-10-01,97.8382175195472
16,Michoacán de Ocampo,2020-11-01,98.07222180454919
16,Michoacán de Ocampo,2020-12-01,98.29867756422851
16,Michoacán de Ocampo,2021-01-01,98.5326818492305
16,Michoacán de Ocampo,2021-02-01,98.46910426571463
16,Michoacán de Ocampo,2021-03-01,98.41167935157127
16,Michoacán de Ocampo,2021-04-01,98.3481017680554
16,Michoacán de Ocampo,2021-05-01,98.92062457372846
16,Michoacán de Ocampo,2021-06-01,99.51223147292394
16,Michoacán de Ocampo,2021-07-01,100.084754278597
16,Michoacán de Ocampo,2021-08-01,99.88483262739646
16,Michoacán de Ocampo,2021-09-01,99.68491097619594
16,Michoacán de Ocampo,2021-10-01,99.491438410518
16,Michoacán de Ocampo,2021-11-01,99.70583038606667
16,Michoacán de Ocampo,2021-12-01,99.91330649143633
16,Michoacán de Ocampo,2022-01-01,100.127698466985
16,Michoacán de Ocampo,2022-02-01,101.24386538883515
16,Michoacán de Ocampo,2022-03-01,102.25201615695785
16,Michoacán de Ocampo,2022-04-01,103.368183078808
16,Michoacán de Ocampo,2022-05-01,102.91462629989371
16,Michoacán de Ocampo,2022-06-01,102.44595096168229
16,Michoacán de Ocampo,2022-07-01,101.992394182768
16,Michoacán de Ocampo,2022-08-01,103.04898306277578
16,Michoacán de Ocampo,2022-09-01,104.10557194278354
16,Michoacán de Ocampo,2022-10-01,105.128077310533
16,Michoacán de Ocampo,2022-11-01,105.69895006590679
16,Michoacán de Ocampo,2022-12-01,106.25140757110722
16,Michoacán de Ocampo,2023-01-01,106.822280326481
16,Michoacán de Ocampo,2023-02-01,106.43054395576858
16,Michoacán de Ocampo,2023-03-01,106.07671755641542
16,Michoacán de Ocampo,2023-04-01,105.684981185703
16,Michoacán de Ocampo,2023-05-01,105.65604988536366
16,Michoacán de Ocampo,2023-06-01,105.62615420834634
16,Michoacán de Ocampo,2023-07-01,105.597222908007
16,Michoacán de Ocampo,2023-08-01,106.18599928897157
16,Michoacán de Ocampo,2023-09-01,106.77477566993615
16,Michoacán de Ocampo,2023-10-01,107.344559264418
16,Michoacán de Ocampo,2023-11-01,106.98256750504595
16,Michoacán de Ocampo,2023-12-01,106.63225289920204
16,Michoacán de Ocampo,2024-01-01,106.27026113983
16,Michoacán de Ocampo,2024-02-01,106.54846119405607
16,Michoacán de Ocampo,2024-03-01,106.80871285768693
16,Michoacán de Ocampo,2024-04-01,107.086912911913
16,Michoacán de Ocampo,2024-05-01,107.65087814633125
16,Michoacán de Ocampo,2024-06-01,108.23364222189676
16,Michoacán de Ocampo,2024-07-01,108.797607456315
16,Michoacán de Ocampo,2024-08-01,108.01387111222962
16,Michoacán de Ocampo,2024-09-01,107.23013476814424
16,Michoacán de Ocampo,2024-10-01,106.47168024161
16,Michoacán de Ocampo,2024-11-01,106.74936265156916
16,Michoacán de Ocampo,2024-12-01,107.01808756443285
17,Morelos,2004-01-01,80.0249455587859
17,Morelos,2004-02-01,80.24656875059813
17,Morelos,2004-03-01,80.45389367197087
17,Morelos,2004-04-01,80.6755168637831
17,Morelos,2004-05-01,80.9023971402283
17,Morelos,2004-06-01,81.136840092555
17,Morelos,2004-07-01,81.3637203690002
17,Morelos,2004-08-01,81.64239339604147
17,Morelos,2004-09-01,81.92106642308273
17,Morelos,2004-10-01,82.1907499976388
17,Morelos,2004-11-01,82.66579890585257
17,Morelos,2004-12-01,83.12552365573684
17,Morelos,2005-01-01,83.6005725639506
17,Morelos,2005-02-01,84.34381224369523
17,Morelos,2005-03-01,85.01512550281939
17,Morelos,2005-04-01,85.758365182564
17,Morelos,2005-05-01,86.47876615222205
17,Morelos,2005-06-01,87.22318048753536
17,Morelos,2005-07-01,87.9435814571934
17,Morelos,2005-08-01,86.69926624659045
17,Morelos,2005-09-01,85.4549510359875
17,Morelos,2005-10-01,84.2507750257266
17,Morelos,2005-11-01,84.24629047085534
17,Morelos,2005-12-01,84.24195057904446
17,Morelos,2006-01-01,84.2374660241732
17,Morelos,2006-02-01,84.00571904712919
17,Morelos,2006-03-01,83.7963991968959
17,Morelos,2006-04-01,83.5646522198519
17,Morelos,2006-05-01,83.73312103370775
17,Morelos,2006-06-01,83.90720547469215
17,Morelos,2006-07-01,84.075674288548
17,Morelos,2006-08-01,84.27178093596676
17,Morelos,2006-09-01,84.46788758338552
17,Morelos,2006-10-01,84.6576682099198
17,Morelos,2006-11-01,84.83810446935586
17,Morelos,2006-12-01,85.01272020429396
17,Morelos,2007-01-01,85.19315646373
17,Morelos,2007-02-01,85.00759583798731
17,Morelos,2007-03-01,84.83999269215519
17,Morelos,2007-04-01,84.6544320664125
17,Morelos,2007-05-01,85.64676854944851
17,Morelos,2007-06-01,86.67218291525239
17,Morelos,2007-07-01,87.6645193982884
17,Morelos,2007-08-01,87.39733360802649
17,Morelos,2007-09-01,87.13014781776455
17,Morelos,2007-10-01,86.8715809239627
17,Morelos,2007-11-01,86.32774172140658
17,Morelos,2007-12-01,85.80144571893291
17,Morelos,2008-01-01,85.2576065163768
17,Morelos,2008-02-01,85.0561752245928
17,Morelos,2008-03-01,84.86773950002069
17,Morelos,2008-04-01,84.6663082082367
17,Morelos,2008-05-01,84.30213094077398
17,Morelos,2008-06-01,83.92581443106252
17,Morelos,2008-07-01,83.5616371635998
17,Morelos,2008-08-01,82.72648339690235
17,Morelos,2008-09-01,81.89132963020492
17,Morelos,2008-10-01,81.0831163075945
17,Morelos,2008-11-01,80.98623903927769
17,Morelos,2008-12-01,80.8924868441324
17,Morelos,2009-01-01,80.7956095758156
17,Morelos,2009-02-01,79.0302826195163
17,Morelos,2009-03-01,77.4357937557621
17,Morelos,2009-04-01,75.6704667994628
17,Morelos,2009-05-01,78.10291625970908
17,Morelos,2009-06-01,80.61644736863022
17,Morelos,2009-07-01,83.0488968288765
17,Morelos,2009-08-01,83.73259972334584
17,Morelos,2009-09-01,84.4163026178152
17,Morelos,2009-10-01,85.0779505802049
17,Morelos,2009-11-01,84.36081369915486
17,Morelos,2009-12-01,83.66681026588064
17,Morelos,2010-01-01,82.9496733848306
17,Morelos,2010-02-01,83.68096768785635
17,Morelos,2010-03-01,84.34149157446025
17,Morelos,2010-04-01,85.072785877486
17,Morelos,2010-05-01,84.91897593784827
17,Morelos,2010-06-01,84.76003900022262
17,Morelos,2010-07-01,84.6062290605849
17,Morelos,2010-08-01,85.51892510084892
17,Morelos,2010-09-01,86.43162114111294
17,Morelos,2010-10-01,87.3148753736265
17,Morelos,2010-11-01,87.49408674728996
17,Morelos,2010-12-01,87.66751710889974
17,Morelos,2011-01-01,87.8467284825632
17,Morelos,2011-02-01,88.01482963570656
17,Morelos,2011-03-01,88.16666293531993
17,Morelos,2011-04-01,88.3347640884633
17,Morelos,2011-05-01,88.14249692821184
17,Morelos,2011-06-01,87.94382086261867
17,Morelos,2011-07-01,87.7515537023672
17,Morelos,2011-08-01,88.04273549008693
17,Morelos,2011-09-01,88.33391727780665
17,Morelos,2011-10-01,88.6157061046322
17,Morelos,2011-11-01,89.2127916638513
17,Morelos,2011-12-01,89.79061639857949
17,Morelos,2012-01-01,90.3877019577986
17,Morelos,2012-02-01,90.04113127489765
17,Morelos,2012-03-01,89.71691999089354
17,Morelos,2012-04-01,89.3703493079926
17,Morelos,2012-05-01,90.02350798732624
17,Morelos,2012-06-01,90.69843862263765
17,Morelos,2012-07-01,91.3515973019713
17,Morelos,2012-08-01,91.38392477924377
17,Morelos,2012-09-01,91.41625225651623
17,Morelos,2012-10-01,91.4475369119412
17,Morelos,2012-11-01,92.20701798063031
17,Morelos,2012-12-01,92.94199966000689
17,Morelos,2013-01-01,93.701480728696
17,Morelos,2013-02-01,94.36963631734078
17,Morelos,2013-03-01,94.97313168772962
17,Morelos,2013-04-01,95.6412872763744
17,Morelos,2013-05-01,95.35025902510037
17,Morelos,2013-06-01,95.04952983211723
17,Morelos,2013-07-01,94.7585015808432
17,Morelos,2013-08-01,94.55187017044123
17,Morelos,2013-09-01,94.34523876003927
17,Morelos,2013-10-01,94.1452728790051
17,Morelos,2013-11-01,94.1838688064046
17,Morelos,2013-12-01,94.221219703888
17,Morelos,2014-01-01,94.2598156312875
17,Morelos,2014-02-01,94.44200568421547
17,Morelos,2014-03-01,94.60656444169882
17,Morelos,2014-04-01,94.7887544946268
17,Morelos,2014-05-01,94.8820643532933
17,Morelos,2014-06-01,94.978484540582
17,Morelos,2014-07-01,95.0717943992485
17,Morelos,2014-08-01,95.36607796047785
17,Morelos,2014-09-01,95.66036152170722
17,Morelos,2014-10-01,95.9451520648324
17,Morelos,2014-11-01,96.10153945621467
17,Morelos,2014-12-01,96.25288209303623
17,Morelos,2015-01-01,96.4092694844185
17,Morelos,2015-02-01,96.45235399876005
17,Morelos,2015-03-01,96.49126904397176
17,Morelos,2015-04-01,96.5343535583133
17,Morelos,2015-05-01,96.63329829054591
17,Morelos,2015-06-01,96.73554118051959
17,Morelos,2015-07-01,96.8344859127522
17,Morelos,2015-08-01,97.26051767652473
17,Morelos,2015-09-01,97.68654944029726
17,Morelos,2015-10-01,98.0988382439481
17,Morelos,2015-11-01,98.22716911857935
17,Morelos,2015-12-01,98.35136028757734
17,Morelos,2016-01-01,98.4796911622086
17,Morelos,2016-02-01,98.63842966240082
17,Morelos,2016-03-01,98.78692696903227
17,Morelos,2016-04-01,98.9456654692245
17,Morelos,2016-05-01,99.68542067358663
17,Morelos,2016-06-01,100.44983438476086
17,Morelos,2016-07-01,101.189589589123
17,Morelos,2016-08-01,101.19325984341728
17,Morelos,2016-09-01,101.19693009771154
17,Morelos,2016-10-01,101.200481956706
17,Morelos,2016-11-01,102.18162734559078
17,Morelos,2016-12-01,103.13112288322121
17,Morelos,2017-01-01,104.112268272106
17,Morelos,2017-02-01,103.09724885587234
17,Morelos,2017-03-01,102.18045712508065
17,Morelos,2017-04-01,101.165437708847
17,Morelos,2017-05-01,100.53476743699986
17,Morelos,2017-06-01,99.88307482275783
17,Morelos,2017-07-01,99.2524045509107
17,Morelos,2017-08-01,99.9142124074102
17,Morelos,2017-09-01,100.57602026390973
17,Morelos,2017-10-01,101.216479479877
17,Morelos,2017-11-01,100.70887261829441
17,Morelos,2017-12-01,100.21764017160159
17,Morelos,2018-01-01,99.710033310019
17,Morelos,2018-02-01,99.78023321626101
17,Morelos,2018-03-01,99.84363958318929
17,Morelos,2018-04-01,99.9138394894313
17,Morelos,2018-05-01,100.22901521778064
17,Morelos,2018-06-01,100.55469680374165
17,Morelos,2018-07-01,100.869872532091
17,Morelos,2018-08-01,100.48930943997833
17,Morelos,2018-09-01,100.10874634786565
17,Morelos,2018-10-01,99.7404594845308
17,Morelos,2018-11-01,99.61569805972258
17,Morelos,2018-12-01,99.49496119700493
17,Morelos,2019-01-01,99.3701997721967
17,Morelos,2019-02-01,99.29281491922124
17,Morelos,2019-03-01,99.22291892298536
17,Morelos,2019-04-01,99.1455340700099
17,Morelos,2019-05-01,99.06428765353061
17,Morelos,2019-06-01,98.98033302316868
17,Morelos,2019-07-01,98.8990866066894
17,Morelos,2019-08-01,98.6167179869343
17,Morelos,2019-09-01,98.3343493671792
17,Morelos,2019-10-01,98.0610894125775
17,Morelos,2019-11-01,97.48431834812664
17,Morelos,2019-12-01,96.92615280188387
17,Morelos,2020-01-01,96.349381737433
17,Morelos,2020-02-01,90.2347035372272
17,Morelos,2020-03-01,84.5145207047766
17,Morelos,2020-04-01,78.3998425045708
17,Morelos,2020-05-01,82.62646763495528
17,Morelos,2020-06-01,86.99398026968592
17,Morelos,2020-07-01,91.2206054000704
17,Morelos,2020-08-01,92.01931802962581
17,Morelos,2020-09-01,92.81803065918123
17,Morelos,2020-10-01,93.5909783652026
17,Morelos,2020-11-01,94.06439845976303
17,Morelos,2020-12-01,94.52254693836987
17,Morelos,2021-01-01,94.9959670329303
17,Morelos,2021-02-01,94.66392332806421
17,Morelos,2021-03-01,94.36401288495938
17,Morelos,2021-04-01,94.0319691800933
17,Morelos,2021-05-01,94.10111192296971
17,Morelos,2021-06-01,94.17255942394199
17,Morelos,2021-07-01,94.2417021668184
17,Morelos,2021-08-01,95.68815530972303
17,Morelos,2021-09-01,97.13460845262765
17,Morelos,2021-10-01,98.5344018167289
17,Morelos,2021-11-01,97.0122408768985
17,Morelos,2021-12-01,95.5391819028691
17,Morelos,2022-01-01,94.0170209630387
17,Morelos,2022-02-01,94.43917108477899
17,Morelos,2022-03-01,94.82046796893151
17,Morelos,2022-04-01,95.2426180906718
17,Morelos,2022-05-01,95.51459718653767
17,Morelos,2022-06-01,95.79564225226572
17,Morelos,2022-07-01,96.0676213481316
17,Morelos,2022-08-01,96.63340429788691
17,Morelos,2022-09-01,97.19918724764221
17,Morelos,2022-10-01,97.7467191345022
17,Morelos,2022-11-01,98.11791870181541
17,Morelos,2022-12-01,98.47714408953789
17,Morelos,2023-01-01,98.8483436568511
17,Morelos,2023-02-01,98.63251966991157
17,Morelos,2023-03-01,98.43758187525653
17,Morelos,2023-04-01,98.221757888317
17,Morelos,2023-05-01,98.44415316450453
17,Morelos,2023-06-01,98.67396161656497
17,Morelos,2023-07-01,98.8963568927525
17,Morelos,2023-08-01,98.57448985538991
17,Morelos,2023-09-01,98.25262281802733
17,Morelos,2023-10-01,97.9411385883216
17,Morelos,2023-11-01,98.29744795631255
17,Morelos,2023-12-01,98.64226347372315
17,Morelos,2024-01-01,98.9985728417141
17,Morelos,2024-02-01,99.52587832218897
17,Morelos,2024-03-01,100.01916409424612
17,Morelos,2024-04-01,100.546469574721
17,Morelos,2024-05-01,100.32028278720578
17,Morelos,2024-06-01,100.08655644010672
17,Morelos,2024-07-01,99.8603696525915
17,Morelos,2024-08-01,99.50808929495301
17,Morelos,2024-09-01,99.15580893731452
17,Morelos,2024-10-01,98.8148924621805
17,Morelos,2024-11-01,99.51728060752832
17,Morelos,2024-12-01,100.19701107076817
15,México,2004-01-01,67.2395169879273
15,México,2004-02-01,67.5879983284267
15,México,2004-03-01,67.9139970017971
15,México,2004-04-01,68.2624783422965
15,México,2004-05-01,68.35592142317036
15,México,2004-06-01,68.45247927340665
15,México,2004-07-01,68.5459223542805
15,México,2004-08-01,68.85970972453632
15,México,2004-09-01,69.17349709479214
15,México,2004-10-01,69.4771622918139
15,México,2004-11-01,69.39500795300039
15,México,2004-12-01,69.31550375414861
15,México,2005-01-01,69.2333494153351
15,México,2005-02-01,69.24051994919687
15,México,2005-03-01,69.24699656042684
15,México,2005-04-01,69.2541670942886
15,México,2005-05-01,69.8759209753508
15,México,2005-06-01,70.51839998578171
15,México,2005-07-01,71.1401538668439
15,México,2005-08-01,71.27868931762018
15,México,2005-09-01,71.41722476839644
15,México,2005-10-01,71.5512913336638
15,México,2005-11-01,72.29859898786292
15,México,2005-12-01,73.02179994353948
15,México,2006-01-01,73.7691075977386
15,México,2006-02-01,74.14040471085744
15,México,2006-03-01,74.47576984528736
15,México,2006-04-01,74.8470669584062
15,México,2006-05-01,74.48382282232859
15,México,2006-06-01,74.10847054838172
15,México,2006-07-01,73.7452264123041
15,México,2006-08-01,74.05327645654805
15,México,2006-09-01,74.36132650079198
15,México,2006-10-01,74.6594394468345
15,México,2006-11-01,74.9455353896084
15,México,2006-12-01,75.22240243100251
15,México,2007-01-01,75.5084983737764
15,México,2007-02-01,75.72113488573535
15,México,2007-03-01,75.91319367073055
15,México,2007-04-01,76.1258301826895
15,México,2007-05-01,76.324625161435
15,México,2007-06-01,76.530046639472
15,México,2007-07-01,76.7288416182175
15,México,2007-08-01,76.9320980195182
15,México,2007-09-01,77.13535442081889
15,México,2007-10-01,77.3320541640131
15,México,2007-11-01,77.35645954674204
15,México,2007-12-01,77.38007765906036
15,México,2008-01-01,77.4044830417893
15,México,2008-02-01,77.61790554781723
15,México,2008-03-01,77.81755885990788
15,México,2008-04-01,78.0309813659358
15,México,2008-05-01,77.76153849660867
15,México,2008-06-01,77.48311419830394
15,México,2008-07-01,77.2136713289768
15,México,2008-08-01,76.24375152451736
15,México,2008-09-01,75.27383172005793
15,México,2008-10-01,74.3351996512262
15,México,2008-11-01,73.0108571743742
15,México,2008-12-01,71.72923542258191
15,México,2009-01-01,70.4048929457299
15,México,2009-02-01,70.53362094587501
15,México,2009-03-01,70.64989139761899
15,México,2009-04-01,70.7786193977641
15,México,2009-05-01,71.44658396603612
15,México,2009-06-01,72.13681401991718
15,México,2009-07-01,72.8047785881892
15,México,2009-08-01,73.65672430568931
15,México,2009-09-01,74.50867002318944
15,México,2009-10-01,75.3331336207702
15,México,2009-11-01,75.48359597432993
15,México,2009-12-01,75.62920470358127
15,México,2010-01-01,75.779667057141
15,México,2010-02-01,76.02709317330182
15,México,2010-03-01,76.25057482660837
15,México,2010-04-01,76.4980009427692
15,México,2010-05-01,77.30576769583786
15,México,2010-06-01,78.14046000734214
15,México,2010-07-01,78.9482267604108
15,México,2010-08-01,79.21080774458015
15,México,2010-09-01,79.4733887287495
15,México,2010-10-01,79.7274993585908
15,México,2010-11-01,80.00638941881517
15,México,2010-12-01,80.27628302548393
15,México,2011-01-01,80.5551730857083
15,México,2011-02-01,81.02360283288353
15,México,2011-03-01,81.44670066904177
15,México,2011-04-01,81.915130416217
15,México,2011-05-01,82.01114881016974
15,México,2011-06-01,82.11036781725426
15,México,2011-07-01,82.206386211207
15,México,2011-08-01,81.76128718689382
15,México,2011-09-01,81.31618816258063
15,México,2011-10-01,80.8854471713098
15,México,2011-11-01,81.89958464229318
15,México,2011-12-01,82.88100800130933
15,México,2012-01-01,83.8951454722927
15,México,2012-02-01,83.64869763724317
15,México,2012-03-01,83.41814966251943
15,México,2012-04-01,83.1717018274699
15,México,2012-05-01,83.35732157732626
15,México,2012-06-01,83.54912865217784
15,México,2012-07-01,83.7347484020342
15,México,2012-08-01,84.30823622782573
15,México,2012-09-01,84.88172405361726
15,México,2012-10-01,85.4367122721252
15,México,2012-11-01,85.2007788032774
15,México,2012-12-01,84.9724560914892
15,México,2013-01-01,84.7365226226414
15,México,2013-02-01,84.59372294492938
15,México,2013-03-01,84.46474259086692
15,México,2013-04-01,84.3219429131549
15,México,2013-05-01,84.52403852902407
15,México,2013-06-01,84.73287066542223
15,México,2013-07-01,84.9349662812914
15,México,2013-08-01,84.84796218164458
15,México,2013-09-01,84.76095808199776
15,México,2013-10-01,84.6767605662105
15,México,2013-11-01,85.09862134332793
15,México,2013-12-01,85.50687370828027
15,México,2014-01-01,85.9287344853977
15,México,2014-02-01,86.519849691048
15,México,2014-03-01,87.05376019937731
15,México,2014-04-01,87.6448754050276
15,México,2014-05-01,87.39807055280873
15,México,2014-06-01,87.14303887218257
15,México,2014-07-01,86.8962340199637
15,México,2014-08-01,87.12230190506679
15,México,2014-09-01,87.34836979016988
15,México,2014-10-01,87.5671451628503
15,México,2014-11-01,87.67752042793708
15,México,2014-12-01,87.78433520060172
15,México,2015-01-01,87.8947104656885
15,México,2015-02-01,87.96753255404087
15,México,2015-03-01,88.03330734352043
15,México,2015-04-01,88.1061294318728
15,México,2015-05-01,88.97726879032702
15,México,2015-06-01,89.87744612739638
15,México,2015-07-01,90.7485854858506
15,México,2015-08-01,90.61423475824486
15,México,2015-09-01,90.47988403063914
15,México,2015-10-01,90.3498671974723
15,México,2015-11-01,90.33069763911405
15,México,2015-12-01,90.31214645360606
15,México,2016-01-01,90.2929768952478
15,México,2016-02-01,90.71084488543012
15,México,2016-03-01,91.10175365043938
15,México,2016-04-01,91.5196216406217
15,México,2016-05-01,91.73726875550439
15,México,2016-06-01,91.9621707742165
15,México,2016-07-01,92.1798178890992
15,México,2016-08-01,92.20732272955352
15,México,2016-09-01,92.23482757000785
15,México,2016-10-01,92.2614451575443
15,México,2016-11-01,92.71265316538393
15,México,2016-12-01,93.14930607619648
15,México,2017-01-01,93.6005140840361
15,México,2017-02-01,94.0717161840451
15,México,2017-03-01,94.49731808082741
15,México,2017-04-01,94.9685201808364
15,México,2017-05-01,95.54666772706425
15,México,2017-06-01,96.14408685816636
15,México,2017-07-01,96.7222344043942
15,México,2017-08-01,97.90890996986334
15,México,2017-09-01,99.09558553533248
15,México,2017-10-01,100.243981243851
15,México,2017-11-01,100.45433548840603
15,México,2017-12-01,100.65790411216896
15,México,2018-01-01,100.868258356724
15,México,2018-02-01,100.63800010536805
15,México,2018-03-01,100.43002491059495
15,México,2018-04-01,100.199766659239
15,México,2018-05-01,100.34854779499604
15,México,2018-06-01,100.50228830194497
15,México,2018-07-01,100.651069437702
15,México,2018-08-01,99.85265810396129
15,México,2018-09-01,99.05424677022059
15,México,2018-10-01,98.281590640794093
15,México,2018-11-01,98.61419080425382
15,México,2018-12-01,98.936061930182575
15,México,2019-01-01,99.2686620936423
15,México,2019-02-01,98.88757179932212
15,México,2019-03-01,98.54336121090388
15,México,2019-04-01,98.1622709165837
15,México,2019-05-01,98.21058911192128
15,México,2019-06-01,98.26051791377012
15,México,2019-07-01,98.3088361091077
15,México,2019-08-01,98.31156746878267
15,México,2019-09-01,98.31429882845764
15,México,2019-10-01,98.316942079756
15,México,2019-11-01,99.09856475263972
15,México,2019-12-01,99.85497379091429
15,México,2020-01-01,100.636596463798
15,México,2020-02-01,92.64243828877375
15,México,2020-03-01,85.16403225407365
15,México,2020-04-01,77.169874079049407
15,México,2020-05-01,81.52641711308681
15,México,2020-06-01,86.0281782482588
15,México,2020-07-01,90.3847212822962
15,México,2020-08-01,92.28837264358586
15,México,2020-09-01,94.19202400487553
15,México,2020-10-01,96.0342672577365
15,México,2020-11-01,95.69838450865102
15,México,2020-12-01,95.37333668695538
15,México,2021-01-01,95.0374539378699
15,México,2021-02-01,95.56264101575698
15,México,2021-03-01,96.03700353771951
15,México,2021-04-01,96.5621906156066
15,México,2021-05-01,96.4213270975194
15,México,2021-06-01,96.2757681288293
15,México,2021-07-01,96.1349046107421
15,México,2021-08-01,96.90693512174147
15,México,2021-09-01,97.67896563274086
15,México,2021-10-01,98.426091933708
15,México,2021-11-01,98.53769336567463
15,México,2021-12-01,98.64569475144877
15,México,2022-01-01,98.7572961834154
15,México,2022-02-01,98.53189741936067
15,México,2022-03-01,98.32831143892413
15,México,2022-04-01,98.1029126748694
15,México,2022-05-01,98.41444664574769
15,México,2022-06-01,98.73636508232191
15,México,2022-07-01,99.0478990532002
15,México,2022-08-01,99.39864897523884
15,México,2022-09-01,99.7493988972775
15,México,2022-10-01,100.088834305702
15,México,2022-11-01,100.05472186256354
15,México,2022-12-01,100.02170982081665
15,México,2023-01-01,99.9875973776782
15,México,2023-02-01,100.90148174335611
15,México,2023-03-01,101.72692568654908
15,México,2023-04-01,102.640810052227
15,México,2023-05-01,102.1295781969215
15,México,2023-06-01,101.60130527977249
15,México,2023-07-01,101.090073424467
15,México,2023-08-01,101.05359992955499
15,México,2023-09-01,101.01712643464299
15,México,2023-10-01,100.981829504083
15,México,2023-11-01,101.32100124998477
15,México,2023-12-01,101.64923197182522
15,México,2024-01-01,101.988403717727
15,México,2024-02-01,102.31467649726478
15,México,2024-03-01,102.61989942005822
15,México,2024-04-01,102.946172199596
15,México,2024-05-01,103.49116830706083
15,México,2024-06-01,104.05433095144116
15,México,2024-07-01,104.599327058906
15,México,2024-08-01,104.34338743103531
15,México,2024-09-01,104.08744780316461
15,México,2024-10-01,103.839764292322
15,México,2024-11-01,104.02351244214289
15,México,2024-12-01,104.20133323229211
18,Nayarit,2004-01-01,79.3016510614298
18,Nayarit,2004-02-01,80.26845823165743
18,Nayarit,2004-03-01,81.17289074574136
18,Nayarit,2004-04-01,82.139697915969
18,Nayarit,2004-05-01,82.11153080295418
18,Nayarit,2004-06-01,82.08242478617221
18,Nayarit,2004-07-01,82.0542576731574
18,Nayarit,2004-08-01,82.94630944149209
18,Nayarit,2004-09-01,83.83836120982677
18,Nayarit,2004-10-01,84.7016371146668
18,Nayarit,2004-11-01,85.89706376670657
18,Nayarit,2004-12-01,87.05392826868052
18,Nayarit,2005-01-01,88.2493549207203
18,Nayarit,2005-02-01,86.97238124952574
18,Nayarit,2005-03-01,85.81898567554356
18,Nayarit,2005-04-01,84.542012004349
18,Nayarit,2005-05-01,84.51015195448446
18,Nayarit,2005-06-01,84.47722990295775
18,Nayarit,2005-07-01,84.4453698530932
18,Nayarit,2005-08-01,85.29283620267923
18,Nayarit,2005-09-01,86.14030255226527
18,Nayarit,2005-10-01,86.9604312776711
18,Nayarit,2005-11-01,86.31169262539001
18,Nayarit,2005-12-01,85.6838810264083
18,Nayarit,2006-01-01,85.0351423741272
18,Nayarit,2006-02-01,85.92718184515584
18,Nayarit,2006-03-01,86.73289491576236
18,Nayarit,2006-04-01,87.624934386791
18,Nayarit,2006-05-01,87.16947466059833
18,Nayarit,2006-06-01,86.69883294353257
18,Nayarit,2006-07-01,86.2433732173399
18,Nayarit,2006-08-01,85.95918640383773
18,Nayarit,2006-09-01,85.67499959033557
18,Nayarit,2006-10-01,85.399980093398
18,Nayarit,2006-11-01,84.6796143796301
18,Nayarit,2006-12-01,83.9824862695321
18,Nayarit,2007-01-01,83.2621205557642
18,Nayarit,2007-02-01,83.21071680430681
18,Nayarit,2007-03-01,83.16428760944208
18,Nayarit,2007-04-01,83.1128838579847
18,Nayarit,2007-05-01,84.69118721705523
18,Nayarit,2007-06-01,86.32210068809476
18,Nayarit,2007-07-01,87.9004040471653
18,Nayarit,2007-08-01,87.39052471447056
18,Nayarit,2007-09-01,86.88064538177582
18,Nayarit,2007-10-01,86.3872137694906
18,Nayarit,2007-11-01,87.28558526007733
18,Nayarit,2007-12-01,88.15497702516127
18,Nayarit,2008-01-01,89.053348515748
18,Nayarit,2008-02-01,90.13826257773161
18,Nayarit,2008-03-01,91.15318218410339
18,Nayarit,2008-04-01,92.238096246087
18,Nayarit,2008-05-01,92.75964806353157
18,Nayarit,2008-06-01,93.29858494155762
18,Nayarit,2008-07-01,93.8201367590022
18,Nayarit,2008-08-01,92.71423835143534
18,Nayarit,2008-09-01,91.60833994386849
18,Nayarit,2008-10-01,90.5381156784812
18,Nayarit,2008-11-01,89.7650185738326
18,Nayarit,2008-12-01,89.016860085463
18,Nayarit,2009-01-01,88.2437629808144
18,Nayarit,2009-02-01,87.29075914978917
18,Nayarit,2009-03-01,86.42998149595992
18,Nayarit,2009-04-01,85.4769776649347
18,Nayarit,2009-05-01,84.85826469748336
18,Nayarit,2009-06-01,84.21892796445033
18,Nayarit,2009-07-01,83.600214996999
18,Nayarit,2009-08-01,84.51356979426727
18,Nayarit,2009-09-01,85.42692459153552
18,Nayarit,2009-10-01,86.3108163308274
18,Nayarit,2009-11-01,86.4422551553262
18,Nayarit,2009-12-01,86.5694540177444
18,Nayarit,2010-01-01,86.7008928422432
18,Nayarit,2010-02-01,87.43280611786292
18,Nayarit,2010-03-01,88.09388907648719
18,Nayarit,2010-04-01,88.8258023521069
18,Nayarit,2010-05-01,88.80308484225995
18,Nayarit,2010-06-01,88.77961008208476
18,Nayarit,2010-07-01,88.7568925722378
18,Nayarit,2010-08-01,88.31598137313368
18,Nayarit,2010-09-01,87.87507017402955
18,Nayarit,2010-10-01,87.448381916832
18,Nayarit,2010-11-01,87.78754700889041
18,Nayarit,2010-12-01,88.1157712915276
18,Nayarit,2011-01-01,88.454936383586
18,Nayarit,2011-02-01,88.93030129514122
18,Nayarit,2011-03-01,89.35966315073948
18,Nayarit,2011-04-01,89.8350280622947
18,Nayarit,2011-05-01,90.37056089073867
18,Nayarit,2011-06-01,90.92394481346412
18,Nayarit,2011-07-01,91.4594776419081
18,Nayarit,2011-08-01,91.48870642581556
18,Nayarit,2011-09-01,91.51793520972303
18,Nayarit,2011-10-01,91.5462211296335
18,Nayarit,2011-11-01,90.0536602813114
18,Nayarit,2011-12-01,88.6092465571287
18,Nayarit,2012-01-01,87.1166857088066
18,Nayarit,2012-02-01,89.25514182807743
18,Nayarit,2012-03-01,91.25563303642757
18,Nayarit,2012-04-01,93.3940891556984
18,Nayarit,2012-05-01,92.95011427020472
18,Nayarit,2012-06-01,92.49134022186128
18,Nayarit,2012-07-01,92.0473653363676
18,Nayarit,2012-08-01,92.77604241519198
18,Nayarit,2012-09-01,93.50471949401637
18,Nayarit,2012-10-01,94.2098908606206
18,Nayarit,2012-11-01,94.985955111031
18,Nayarit,2012-12-01,95.736985030783
18,Nayarit,2013-01-01,96.5130492811934
18,Nayarit,2013-02-01,95.17208907482122
18,Nayarit,2013-03-01,93.96089921100119
18,Nayarit,2013-04-01,92.619939004629
18,Nayarit,2013-05-01,92.45336688714096
18,Nayarit,2013-06-01,92.28124236573665
18,Nayarit,2013-07-01,92.1146702482486
18,Nayarit,2013-08-01,91.70144025082578
18,Nayarit,2013-09-01,91.28821025340295
18,Nayarit,2013-10-01,90.888310255897
18,Nayarit,2013-11-01,91.46202728017819
18,Nayarit,2013-12-01,92.01723730367611
18,Nayarit,2014-01-01,92.5909543279573
18,Nayarit,2014-02-01,93.0647845272371
18,Nayarit,2014-03-01,93.49276019110272
18,Nayarit,2014-04-01,93.9665903903825
18,Nayarit,2014-05-01,93.70521134861602
18,Nayarit,2014-06-01,93.43511967212399
18,Nayarit,2014-07-01,93.1737406303575
18,Nayarit,2014-08-01,94.01975106770341
18,Nayarit,2014-09-01,94.86576150504932
18,Nayarit,2014-10-01,95.684481283126
18,Nayarit,2014-11-01,95.40372941917815
18,Nayarit,2014-12-01,95.13203406697056
18,Nayarit,2015-01-01,94.8512822030227
18,Nayarit,2015-02-01,94.29180827610789
18,Nayarit,2015-03-01,93.78647698728162
18,Nayarit,2015-04-01,93.2270030603668
18,Nayarit,2015-05-01,94.22447289943497
18,Nayarit,2015-06-01,95.25519173313873
18,Nayarit,2015-07-01,96.2526615722069
18,Nayarit,2015-08-01,95.64438943214508
18,Nayarit,2015-09-01,95.03611729208325
18,Nayarit,2015-10-01,94.4474668339589
18,Nayarit,2015-11-01,95.12743411778035
18,Nayarit,2015-12-01,95.78546697309145
18,Nayarit,2016-01-01,96.4654342569129
18,Nayarit,2016-02-01,97.75930049631893
18,Nayarit,2016-03-01,98.96969149447297
18,Nayarit,2016-04-01,100.263557733879
18,Nayarit,2016-05-01,99.3819827626679
18,Nayarit,2016-06-01,98.47102195908309
18,Nayarit,2016-07-01,97.589446987872
18,Nayarit,2016-08-01,97.52682364715875
18,Nayarit,2016-09-01,97.4642003064455
18,Nayarit,2016-10-01,97.4035970734972
18,Nayarit,2016-11-01,97.91152032372557
18,Nayarit,2016-12-01,98.40305895297882
18,Nayarit,2017-01-01,98.9109822032072
18,Nayarit,2017-02-01,99.47337770332484
18,Nayarit,2017-03-01,99.98134783246336
18,Nayarit,2017-04-01,100.543743332581
18,Nayarit,2017-05-01,100.15651137944035
18,Nayarit,2017-06-01,99.75637169452835
18,Nayarit,2017-07-01,99.3691397413877
18,Nayarit,2017-08-01,99.29248289780291
18,Nayarit,2017-09-01,99.21582605421813
18,Nayarit,2017-10-01,99.1416420120393
18,Nayarit,2017-11-01,98.81138319095771
18,Nayarit,2017-12-01,98.49177788023358
18,Nayarit,2018-01-01,98.161519059152
18,Nayarit,2018-02-01,98.50765131515423
18,Nayarit,2018-03-01,98.82028690122077
18,Nayarit,2018-04-01,99.166419157223
18,Nayarit,2018-05-01,100.05218538539268
18,Nayarit,2018-06-01,100.96747715450132
18,Nayarit,2018-07-01,101.853243382671
18,Nayarit,2018-08-01,101.40340718602093
18,Nayarit,2018-09-01,100.95357098937085
18,Nayarit,2018-10-01,100.518245637774
18,Nayarit,2018-11-01,101.01412445125246
18,Nayarit,2018-12-01,101.49400717397354
18,Nayarit,2019-01-01,101.989885987452
18,Nayarit,2019-02-01,101.62842615299924
18,Nayarit,2019-03-01,101.30194630252576
18,Nayarit,2019-04-01,100.940486468073
18,Nayarit,2019-05-01,100.26397092160899
18,Nayarit,2019-06-01,99.56490485692952
18,Nayarit,2019-07-01,98.8883893104655
18,Nayarit,2019-08-01,99.37872847220945
18,Nayarit,2019-09-01,99.86906763395338
18,Nayarit,2019-10-01,100.343589403383
18,Nayarit,2019-11-01,100.22173996019585
18,Nayarit,2019-12-01,100.10382114420825
18,Nayarit,2020-01-01,99.9819717010211
18,Nayarit,2020-02-01,93.96664870696792
18,Nayarit,2020-03-01,88.33941106736978
18,Nayarit,2020-04-01,82.3240880733166
18,Nayarit,2020-05-01,84.9850182971321
18,Nayarit,2020-06-01,87.73464619507479
18,Nayarit,2020-07-01,90.3955764188903
18,Nayarit,2020-08-01,91.6677492289721
18,Nayarit,2020-09-01,92.93992203905388
18,Nayarit,2020-10-01,94.1710570165524
18,Nayarit,2020-11-01,95.05442362259558
18,Nayarit,2020-12-01,95.90929453166962
18,Nayarit,2021-01-01,96.7926611377128
18,Nayarit,2021-02-01,97.88699377063216
18,Nayarit,2021-03-01,98.87542324552706
18,Nayarit,2021-04-01,99.9697558784464
18,Nayarit,2021-05-01,100.34768740704759
18,Nayarit,2021-06-01,100.73821665326882
18,Nayarit,2021-07-01,101.11614818187
18,Nayarit,2021-08-01,101.38667845587347
18,Nayarit,2021-09-01,101.65720872987691
18,Nayarit,2021-10-01,101.919012220848
18,Nayarit,2021-11-01,101.26503825732301
18,Nayarit,2021-12-01,100.63216022810529
18,Nayarit,2022-01-01,99.9781862645803
18,Nayarit,2022-02-01,102.13872367582154
18,Nayarit,2022-03-01,104.09017682145877
18,Nayarit,2022-04-01,106.2507142327
18,Nayarit,2022-05-01,106.1453994804944
18,Nayarit,2022-06-01,106.0365742365486
18,Nayarit,2022-07-01,105.931259484343
18,Nayarit,2022-08-01,104.7450295677876
18,Nayarit,2022-09-01,103.55879965123219
18,Nayarit,2022-10-01,102.410835215856
18,Nayarit,2022-11-01,102.4638642700899
18,Nayarit,2022-12-01,102.5151827096711
18,Nayarit,2023-01-01,102.568211763905
18,Nayarit,2023-02-01,102.31210807859995
18,Nayarit,2023-03-01,102.08078862090505
18,Nayarit,2023-04-01,101.8246849356
18,Nayarit,2023-05-01,102.63769366330517
18,Nayarit,2023-06-01,103.47780268193384
18,Nayarit,2023-07-01,104.290811409639
18,Nayarit,2023-08-01,103.81817851598873
18,Nayarit,2023-09-01,103.34554562233846
18,Nayarit,2023-10-01,102.888158951064
18,Nayarit,2023-11-01,101.91489013851967
18,Nayarit,2023-12-01,100.97301709412193
18,Nayarit,2024-01-01,99.9997482815776
18,Nayarit,2024-02-01,100.27757419527221
18,Nayarit,2024-03-01,100.53747585647038
18,Nayarit,2024-04-01,100.815301770165
18,Nayarit,2024-05-01,101.2244411913595
18,Nayarit,2024-06-01,101.64721859326049
18,Nayarit,2024-07-01,102.056358014455
18,Nayarit,2024-08-01,102.58944371721745
18,Nayarit,2024-09-01,103.12252941997988
18,Nayarit,2024-10-01,103.63841880975
18,Nayarit,2024-11-01,103.94966117797209
18,Nayarit,2024-12-01,104.25086346979991
19,Nuevo León,2004-01-01,68.4893884935287
19,Nuevo León,2004-02-01,68.6306807299998
19,Nuevo León,2004-03-01,68.76285733831149
19,Nuevo León,2004-04-01,68.9041495747826
19,Nuevo León,2004-05-01,68.92513666406155
19,Nuevo León,2004-06-01,68.94682332298314
19,Nuevo León,2004-07-01,68.9678104122621
19,Nuevo León,2004-08-01,69.30636139371258
19,Nuevo León,2004-09-01,69.64491237516306
19,Nuevo León,2004-10-01,69.9725423572119
19,Nuevo León,2004-11-01,69.94517945918322
19,Nuevo León,2004-12-01,69.91869923528448
19,Nuevo León,2005-01-01,69.8913363372558
19,Nuevo León,2005-02-01,70.09534250191454
19,Nuevo León,2005-03-01,70.27960613450955
19,Nuevo León,2005-04-01,70.4836122991683
19,Nuevo León,2005-05-01,70.81956421549306
19,Nuevo León,2005-06-01,71.16671452902864
19,Nuevo León,2005-07-01,71.5026664453534
19,Nuevo León,2005-08-01,71.65678955641205
19,Nuevo León,2005-09-01,71.8109126674707
19,Nuevo León,2005-10-01,71.9600640652694
19,Nuevo León,2005-11-01,72.50856650052859
19,Nuevo León,2005-12-01,73.03937530884392
19,Nuevo León,2006-01-01,73.5878777441031
19,Nuevo León,2006-02-01,74.47719783027334
19,Nuevo León,2006-03-01,75.28045468229806
19,Nuevo León,2006-04-01,76.1697747684683
19,Nuevo León,2006-05-01,76.56283784955428
19,Nuevo León,2006-06-01,76.96900303334311
19,Nuevo León,2006-07-01,77.3620661144291
19,Nuevo León,2006-08-01,77.4881689548549
19,Nuevo León,2006-09-01,77.61427179528071
19,Nuevo León,2006-10-01,77.7363068021444
19,Nuevo León,2006-11-01,78.2789003041671
19,Nuevo León,2006-12-01,78.80399078999551
19,Nuevo León,2007-01-01,79.3465842920182
19,Nuevo León,2007-02-01,79.42043035454351
19,Nuevo León,2007-03-01,79.4871300239212
19,Nuevo León,2007-04-01,79.5609760864465
19,Nuevo León,2007-05-01,79.44429288987534
19,Nuevo León,2007-06-01,79.32372025341846
19,Nuevo León,2007-07-01,79.2070370568473
19,Nuevo León,2007-08-01,79.61849086867383
19,Nuevo León,2007-09-01,80.02994468050036
19,Nuevo León,2007-10-01,80.4281257887196
19,Nuevo León,2007-11-01,80.26260606640348
19,Nuevo León,2007-12-01,80.10242568996851
19,Nuevo León,2008-01-01,79.9369059676524
19,Nuevo León,2008-02-01,80.0552570033913
19,Nuevo León,2008-03-01,80.16597248843739
19,Nuevo León,2008-04-01,80.2843235241763
19,Nuevo León,2008-05-01,80.04609559618928
19,Nuevo León,2008-06-01,79.79992673726933
19,Nuevo León,2008-07-01,79.5616988092823
19,Nuevo León,2008-08-01,79.04120586218879
19,Nuevo León,2008-09-01,78.52071291509529
19,Nuevo León,2008-10-01,78.017010063069307
19,Nuevo León,2008-11-01,75.96777860061779
19,Nuevo León,2008-12-01,73.98465137889052
19,Nuevo León,2009-01-01,71.935419916439
19,Nuevo León,2009-02-01,71.89833869420849
19,Nuevo León,2009-03-01,71.86484597735512
19,Nuevo León,2009-04-01,71.8277647551246
19,Nuevo León,2009-05-01,72.60846352543312
19,Nuevo León,2009-06-01,73.41518558808528
19,Nuevo León,2009-07-01,74.1958843583938
19,Nuevo León,2009-08-01,74.73810013937347
19,Nuevo León,2009-09-01,75.28031592035313
19,Nuevo León,2009-10-01,75.8050408696883
19,Nuevo León,2009-11-01,76.24023406271566
19,Nuevo León,2009-12-01,76.66138876564534
19,Nuevo León,2010-01-01,77.0965819586727
19,Nuevo León,2010-02-01,77.55098815214065
19,Nuevo León,2010-03-01,77.96141955269235
19,Nuevo León,2010-04-01,78.4158257461603
19,Nuevo León,2010-05-01,78.62774111471516
19,Nuevo León,2010-06-01,78.84672032888854
19,Nuevo León,2010-07-01,79.0586356974434
19,Nuevo León,2010-08-01,79.70946365332915
19,Nuevo León,2010-09-01,80.36029160921491
19,Nuevo León,2010-10-01,80.9901251149108
19,Nuevo León,2010-11-01,80.47392960632166
19,Nuevo León,2010-12-01,79.97438556575153
19,Nuevo León,2011-01-01,79.4581900571624
19,Nuevo León,2011-02-01,79.80222328302546
19,Nuevo León,2011-03-01,80.11296297090175
19,Nuevo León,2011-04-01,80.4569961967648
19,Nuevo León,2011-05-01,81.30031359089598
19,Nuevo León,2011-06-01,82.17174156483152
19,Nuevo León,2011-07-01,83.0150589589627
19,Nuevo León,2011-08-01,83.34282567402117
19,Nuevo León,2011-09-01,83.67059238907963
19,Nuevo León,2011-10-01,83.9877859842975
19,Nuevo León,2011-11-01,84.45020363981375
19,Nuevo León,2011-12-01,84.89770459676495
19,Nuevo León,2012-01-01,85.3601222522812
19,Nuevo León,2012-02-01,85.36171208224499
19,Nuevo León,2012-03-01,85.3631993425337
19,Nuevo León,2012-04-01,85.3647891724975
19,Nuevo León,2012-05-01,85.33236013671122
19,Nuevo León,2012-06-01,85.29885013306539
19,Nuevo León,2012-07-01,85.2664210972791
19,Nuevo León,2012-08-01,85.29599107624016
19,Nuevo León,2012-09-01,85.32556105520122
19,Nuevo León,2012-10-01,85.3541771638732
19,Nuevo León,2012-11-01,85.09315479869036
19,Nuevo León,2012-12-01,84.84055250980374
19,Nuevo León,2013-01-01,84.5795301446209
19,Nuevo León,2013-02-01,84.68460506483393
19,Nuevo León,2013-03-01,84.77951144438117
19,Nuevo León,2013-04-01,84.8845863645942
19,Nuevo León,2013-05-01,84.77365168173279
19,Nuevo León,2013-06-01,84.65901917610931
19,Nuevo León,2013-07-01,84.5480844932479
19,Nuevo León,2013-08-01,84.92422855091294
19,Nuevo León,2013-09-01,85.30037260857797
19,Nuevo León,2013-10-01,85.6643829869635
19,Nuevo León,2013-11-01,85.69956720245375
19,Nuevo León,2013-12-01,85.73361644325075
19,Nuevo León,2014-01-01,85.768800658741
19,Nuevo León,2014-02-01,86.44283738321536
19,Nuevo León,2014-03-01,87.05164474725673
19,Nuevo León,2014-04-01,87.7256814717311
19,Nuevo León,2014-05-01,87.96818174831387
19,Nuevo León,2014-06-01,88.21876536744942
19,Nuevo León,2014-07-01,88.4612656440322
19,Nuevo León,2014-08-01,88.77744484818487
19,Nuevo León,2014-09-01,89.09362405233753
19,Nuevo León,2014-10-01,89.399603927324
19,Nuevo León,2014-11-01,89.76688795459505
19,Nuevo León,2014-12-01,90.12232411001864
19,Nuevo León,2015-01-01,90.4896081372897
19,Nuevo León,2015-02-01,90.23457818921568
19,Nuevo León,2015-03-01,90.0042285586972
19,Nuevo León,2015-04-01,89.7491986106232
19,Nuevo León,2015-05-01,90.43131834830577
19,Nuevo León,2015-06-01,91.13617541057774
19,Nuevo León,2015-07-01,91.8182951482603
19,Nuevo León,2015-08-01,91.67641515013524
19,Nuevo León,2015-09-01,91.53453515201019
19,Nuevo León,2015-10-01,91.3972319280182
19,Nuevo León,2015-11-01,91.28616871663841
19,Nuevo León,2015-12-01,91.17868818949668
19,Nuevo León,2016-01-01,91.0676249781169
19,Nuevo León,2016-02-01,90.98817016520069
19,Nuevo León,2016-03-01,90.9138414692468
19,Nuevo León,2016-04-01,90.8343866563306
19,Nuevo León,2016-05-01,90.9817318716889
19,Nuevo León,2016-06-01,91.1339885942258
19,Nuevo León,2016-07-01,91.2813338095841
19,Nuevo León,2016-08-01,91.74684635082433
19,Nuevo León,2016-09-01,92.21235889206456
19,Nuevo León,2016-10-01,92.6628548997164
19,Nuevo León,2016-11-01,93.20355136516596
19,Nuevo León,2016-12-01,93.72680600914943
19,Nuevo León,2017-01-01,94.267502474599
19,Nuevo León,2017-02-01,94.42716154432301
19,Nuevo León,2017-03-01,94.57136973633179
19,Nuevo León,2017-04-01,94.7310288060558
19,Nuevo León,2017-05-01,94.76018514133493
19,Nuevo León,2017-06-01,94.79031335445667
19,Nuevo León,2017-07-01,94.8194696897358
19,Nuevo León,2017-08-01,95.13696374260168
19,Nuevo León,2017-09-01,95.45445779546755
19,Nuevo León,2017-10-01,95.7617101046926
19,Nuevo León,2017-11-01,96.31241387189196
19,Nuevo León,2017-12-01,96.84535300143973
19,Nuevo León,2018-01-01,97.3960567686391
19,Nuevo León,2018-02-01,98.02249271675463
19,Nuevo León,2018-03-01,98.58830583118157
19,Nuevo León,2018-04-01,99.2147417792971
19,Nuevo León,2018-05-01,99.77779012065267
19,Nuevo León,2018-06-01,100.35960674005344
19,Nuevo León,2018-07-01,100.922655081409
19,Nuevo León,2018-08-01,101.41710656646535
19,Nuevo León,2018-09-01,101.9115580515217
19,Nuevo León,2018-10-01,102.390059488673
19,Nuevo León,2018-11-01,101.86198869009007
19,Nuevo León,2018-12-01,101.35095243339693
19,Nuevo León,2019-01-01,100.822881634814
19,Nuevo León,2019-02-01,100.80684667871601
19,Nuevo León,2019-03-01,100.79236349256298
19,Nuevo León,2019-04-01,100.776328536465
19,Nuevo León,2019-05-01,100.76537988046104
19,Nuevo León,2019-06-01,100.75406626925697
19,Nuevo León,2019-07-01,100.743117613253
19,Nuevo León,2019-08-01,100.35417130699909
19,Nuevo León,2019-09-01,99.96522500074516
19,Nuevo León,2019-10-01,99.5888253495317
19,Nuevo León,2019-11-01,99.252759357805
19,Nuevo León,2019-12-01,98.9275342045211
19,Nuevo León,2020-01-01,98.5914682127944
19,Nuevo León,2020-02-01,91.72364261705508
19,Nuevo León,2020-03-01,85.29890254362152
19,Nuevo León,2020-04-01,78.4310769478822
19,Nuevo León,2020-05-01,82.99852615073611
19,Nuevo León,2020-06-01,87.7182236603518
19,Nuevo León,2020-07-01,92.2856728632057
19,Nuevo León,2020-08-01,94.10442300012937
19,Nuevo León,2020-09-01,95.92317313705304
19,Nuevo León,2020-10-01,97.6832539147211
19,Nuevo León,2020-11-01,97.63997118957504
19,Nuevo León,2020-12-01,97.59808468136917
19,Nuevo León,2021-01-01,97.5548019562231
19,Nuevo León,2021-02-01,97.79009928007248
19,Nuevo León,2021-03-01,98.00262589516223
19,Nuevo León,2021-04-01,98.2379232190116
19,Nuevo León,2021-05-01,98.12507387017482
19,Nuevo León,2021-06-01,98.00846287637678
19,Nuevo León,2021-07-01,97.89561352754
19,Nuevo León,2021-08-01,97.89344499888882
19,Nuevo León,2021-09-01,97.89127647023764
19,Nuevo León,2021-10-01,97.8891778941236
19,Nuevo León,2021-11-01,98.48779751828306
19,Nuevo León,2021-12-01,99.06710683198574
19,Nuevo León,2022-01-01,99.6657264561452
19,Nuevo León,2022-02-01,100.11213665460608
19,Nuevo León,2022-03-01,100.51534586611912
19,Nuevo León,2022-04-01,100.96175606458
19,Nuevo León,2022-05-01,101.00033524035274
19,Nuevo León,2022-06-01,101.04020038865126
19,Nuevo León,2022-07-01,101.078779564424
19,Nuevo León,2022-08-01,101.4570326473141
19,Nuevo León,2022-09-01,101.83528573020419
19,Nuevo León,2022-10-01,102.201337100743
19,Nuevo León,2022-11-01,102.56420915079524
19,Nuevo León,2022-12-01,102.91537565084577
19,Nuevo León,2023-01-01,103.278247700898
19,Nuevo León,2023-02-01,103.20795624322513
19,Nuevo León,2023-03-01,103.14446718468189
19,Nuevo León,2023-04-01,103.074175727009
19,Nuevo León,2023-05-01,103.5949375138246
19,Nuevo León,2023-06-01,104.1330580268674
19,Nuevo León,2023-07-01,104.653819813683
19,Nuevo León,2023-08-01,105.10852925240648
19,Nuevo León,2023-09-01,105.56323869112995
19,Nuevo León,2023-10-01,106.003280083443
19,Nuevo León,2023-11-01,106.06126338927244
19,Nuevo León,2023-12-01,106.11737626588156
19,Nuevo León,2024-01-01,106.175359571711
19,Nuevo León,2024-02-01,105.95349693482474
19,Nuevo León,2024-03-01,105.74594801644726
19,Nuevo León,2024-04-01,105.524085379561
19,Nuevo León,2024-05-01,107.10517158628748
19,Nuevo León,2024-06-01,108.73896066657151
19,Nuevo León,2024-07-01,110.320046873298
19,Nuevo León,2024-08-01,109.98652621283006
19,Nuevo León,2024-09-01,109.65300555236212
19,Nuevo León,2024-10-01,109.330243622877
19,Nuevo León,2024-11-01,108.84558820478604
19,Nuevo León,2024-12-01,108.37656683243996
20,Oaxaca,2004-01-01,97.2890323121741
20,Oaxaca,2004-02-01,97.06913075820117
20,Oaxaca,2004-03-01,96.86341640125873
20,Oaxaca,2004-04-01,96.6435148472858
20,Oaxaca,2004-05-01,96.04887257457206
20,Oaxaca,2004-06-01,95.43440889276785
20,Oaxaca,2004-07-01,94.8397666200541
20,Oaxaca,2004-08-01,94.50995985613613
20,Oaxaca,2004-09-01,94.18015309221816
20,Oaxaca,2004-10-01,93.8609852561685
20,Oaxaca,2004-11-01,94.57660664027952
20,Oaxaca,2004-12-01,95.26914346361278
20,Oaxaca,2005-01-01,95.9847648477238
20,Oaxaca,2005-02-01,95.60436872155744
20,Oaxaca,2005-03-01,95.26078512372976
20,Oaxaca,2005-04-01,94.8803889975634
20,Oaxaca,2005-05-01,96.24671317481612
20,Oaxaca,2005-06-01,97.65858149131058
20,Oaxaca,2005-07-01,99.0249056685633
20,Oaxaca,2005-08-01,99.2615904216951
20,Oaxaca,2005-09-01,99.4982751748269
20,Oaxaca,2005-10-01,99.7273249359222
20,Oaxaca,2005-11-01,99.5451955693034
20,Oaxaca,2005-12-01,99.3689413435433
20,Oaxaca,2006-01-01,99.1868119769245
20,Oaxaca,2006-02-01,99.09003304337303
20,Oaxaca,2006-03-01,99.00261981306848
20,Oaxaca,2006-04-01,98.905840879517
20,Oaxaca,2006-05-01,98.49587551292059
20,Oaxaca,2006-06-01,98.07224463410431
20,Oaxaca,2006-07-01,97.6622792675079
20,Oaxaca,2006-08-01,97.44987755271237
20,Oaxaca,2006-09-01,97.23747583791682
20,Oaxaca,2006-10-01,97.0319257913405
20,Oaxaca,2006-11-01,97.11266541508691
20,Oaxaca,2006-12-01,97.19080053484149
20,Oaxaca,2007-01-01,97.2715401585879
20,Oaxaca,2007-02-01,97.46397646713068
20,Oaxaca,2007-03-01,97.63778990710482
20,Oaxaca,2007-04-01,97.8302262156476
20,Oaxaca,2007-05-01,98.34844544451556
20,Oaxaca,2007-06-01,98.88393864767913
20,Oaxaca,2007-07-01,99.4021578765471
20,Oaxaca,2007-08-01,98.30972834914616
20,Oaxaca,2007-09-01,97.21729882174522
20,Oaxaca,2007-10-01,96.1601089565185
20,Oaxaca,2007-11-01,96.86286497688111
20,Oaxaca,2007-12-01,97.54295144819979
20,Oaxaca,2008-01-01,98.2457074685624
20,Oaxaca,2008-02-01,99.91626990255558
20,Oaxaca,2008-03-01,101.47905411500082
20,Oaxaca,2008-04-01,103.149616548994
20,Oaxaca,2008-05-01,101.45773716765677
20,Oaxaca,2008-06-01,99.70946180694163
20,Oaxaca,2008-07-01,98.0175824256044
20,Oaxaca,2008-08-01,99.00096963832503
20,Oaxaca,2008-09-01,99.98435685104566
20,Oaxaca,2008-10-01,100.936021895614
20,Oaxaca,2008-11-01,101.13962744542522
20,Oaxaca,2008-12-01,101.33666507427479
20,Oaxaca,2009-01-01,101.540270624086
20,Oaxaca,2009-02-01,99.48738137163335
20,Oaxaca,2009-03-01,97.63315882103096
20,Oaxaca,2009-04-01,95.5802695685783
20,Oaxaca,2009-05-01,96.81916595791684
20,Oaxaca,2009-06-01,98.09935889356666
20,Oaxaca,2009-07-01,99.3382552829052
20,Oaxaca,2009-08-01,100.44122393898213
20,Oaxaca,2009-09-01,101.54419259505907
20,Oaxaca,2009-10-01,102.611581617069
20,Oaxaca,2009-11-01,100.33832493521926
20,Oaxaca,2009-12-01,98.13839911407435
20,Oaxaca,2010-01-01,95.8651424322246
20,Oaxaca,2010-02-01,97.76751279957668
20,Oaxaca,2010-03-01,99.48578280879792
20,Oaxaca,2010-04-01,101.38815317615
20,Oaxaca,2010-05-01,101.41634925540912
20,Oaxaca,2010-06-01,101.44548520397689
20,Oaxaca,2010-07-01,101.473681283236
20,Oaxaca,2010-08-01,100.20455734486832
20,Oaxaca,2010-09-01,98.93543340650065
20,Oaxaca,2010-10-01,97.7072489500158
20,Oaxaca,2010-11-01,98.28958046770492
20,Oaxaca,2010-12-01,98.85312709772667
20,Oaxaca,2011-01-01,99.4354586154158
20,Oaxaca,2011-02-01,99.67165418988037
20,Oaxaca,2011-03-01,99.88499212810643
20,Oaxaca,2011-04-01,100.121187702571
20,Oaxaca,2011-05-01,99.97378229525633
20,Oaxaca,2011-06-01,99.82146337436448
20,Oaxaca,2011-07-01,99.6740579670498
20,Oaxaca,2011-08-01,101.0856582537793
20,Oaxaca,2011-09-01,102.4972585405088
20,Oaxaca,2011-10-01,103.863323334118
20,Oaxaca,2011-11-01,103.0163135144181
20,Oaxaca,2011-12-01,102.1966265921279
20,Oaxaca,2012-01-01,101.349616772428
20,Oaxaca,2012-02-01,101.38975293364804
20,Oaxaca,2012-03-01,101.42729966511196
20,Oaxaca,2012-04-01,101.467435826332
20,Oaxaca,2012-05-01,101.58876398618925
20,Oaxaca,2012-06-01,101.71413641804175
20,Oaxaca,2012-07-01,101.835464577899
20,Oaxaca,2012-08-01,101.22930298281655
20,Oaxaca,2012-09-01,100.62314138773408
20,Oaxaca,2012-10-01,100.036533392493
20,Oaxaca,2012-11-01,101.24646158574627
20,Oaxaca,2012-12-01,102.41735983728172
20,Oaxaca,2013-01-01,103.627288030535
20,Oaxaca,2013-02-01,103.84051326979382
20,Oaxaca,2013-03-01,104.03310380847918
20,Oaxaca,2013-04-01,104.246329047738
20,Oaxaca,2013-05-01,104.48472259032647
20,Oaxaca,2013-06-01,104.73106258433454
20,Oaxaca,2013-07-01,104.969456126923
20,Oaxaca,2013-08-01,104.7100102858986
20,Oaxaca,2013-09-01,104.4505644448742
20,Oaxaca,2013-10-01,104.199487824528
20,Oaxaca,2013-11-01,103.73779908723367
20,Oaxaca,2013-12-01,103.29100353501333
20,Oaxaca,2014-01-01,102.829314797719
20,Oaxaca,2014-02-01,103.02878453686574
20,Oaxaca,2014-03-01,103.20895075286926
20,Oaxaca,2014-04-01,103.408420492016
20,Oaxaca,2014-05-01,103.13924534715194
20,Oaxaca,2014-06-01,102.86109769745906
20,Oaxaca,2014-07-01,102.591922552595
20,Oaxaca,2014-08-01,103.45732452592603
20,Oaxaca,2014-09-01,104.32272649925706
20,Oaxaca,2014-10-01,105.1602122799
20,Oaxaca,2014-11-01,104.77777149750058
20,Oaxaca,2014-12-01,104.40766751453341
20,Oaxaca,2015-01-01,104.025226732134
20,Oaxaca,2015-02-01,103.2746125024918
20,Oaxaca,2015-03-01,102.59663835958919
20,Oaxaca,2015-04-01,101.846024129947
20,Oaxaca,2015-05-01,103.8381579657347
20,Oaxaca,2015-06-01,105.89669626271531
20,Oaxaca,2015-07-01,107.88883009850301
20,Oaxaca,2015-08-01,107.35537567675696
20,Oaxaca,2015-09-01,106.82192125501093
20,Oaxaca,2015-10-01,106.305675040418
20,Oaxaca,2015-11-01,105.30886391905825
20,Oaxaca,2015-12-01,104.34420799516174
20,Oaxaca,2016-01-01,103.347396873802
20,Oaxaca,2016-02-01,104.60795375241537
20,Oaxaca,2016-03-01,105.78718438079562
20,Oaxaca,2016-04-01,107.047741259409
20,Oaxaca,2016-05-01,106.21523215684196
20,Oaxaca,2016-06-01,105.35497275085604
20,Oaxaca,2016-07-01,104.522463648289
20,Oaxaca,2016-08-01,103.88006482694331
20,Oaxaca,2016-09-01,103.23766600559763
20,Oaxaca,2016-10-01,102.615989726876
20,Oaxaca,2016-11-01,102.62684007180692
20,Oaxaca,2016-12-01,102.63734040561107
20,Oaxaca,2017-01-01,102.648190750542
20,Oaxaca,2017-02-01,100.0784001226194
20,Oaxaca,2017-03-01,97.7572989103022
20,Oaxaca,2017-04-01,95.1875082823796
20,Oaxaca,2017-05-01,92.33928958993829
20,Oaxaca,2017-06-01,89.39613027441561
20,Oaxaca,2017-07-01,86.5479115819743
20,Oaxaca,2017-08-01,87.55927054308873
20,Oaxaca,2017-09-01,88.57062950420317
20,Oaxaca,2017-10-01,89.549363982701
20,Oaxaca,2017-11-01,92.6163813391364
20,Oaxaca,2017-12-01,95.5844626518158
20,Oaxaca,2018-01-01,98.6514800082512
20,Oaxaca,2018-02-01,100.25008275608783
20,Oaxaca,2018-03-01,101.69398201219836
20,Oaxaca,2018-04-01,103.292584760035
20,Oaxaca,2018-05-01,101.75787558467859
20,Oaxaca,2018-06-01,100.17200943681031
20,Oaxaca,2018-07-01,98.6373002614539
20,Oaxaca,2018-08-01,98.87650316450517
20,Oaxaca,2018-09-01,99.11570606755642
20,Oaxaca,2018-10-01,99.3471927479286
20,Oaxaca,2018-11-01,98.46861009356779
20,Oaxaca,2018-12-01,97.61836881515411
20,Oaxaca,2019-01-01,96.7397861607933
20,Oaxaca,2019-02-01,96.62361313549376
20,Oaxaca,2019-03-01,96.51868266102964
20,Oaxaca,2019-04-01,96.4025096357301
20,Oaxaca,2019-05-01,95.74356358439165
20,Oaxaca,2019-06-01,95.06265266467524
20,Oaxaca,2019-07-01,94.4037066133368
20,Oaxaca,2019-08-01,94.5625281844241
20,Oaxaca,2019-09-01,94.72134975551138
20,Oaxaca,2019-10-01,94.875048050112
20,Oaxaca,2019-11-01,94.81353842607457
20,Oaxaca,2019-12-01,94.75401298345773
20,Oaxaca,2020-01-01,94.6925033594203
20,Oaxaca,2020-02-01,90.04198969494733
20,Oaxaca,2020-03-01,85.69150917011777
20,Oaxaca,2020-04-01,81.0409955056448
20,Oaxaca,2020-05-01,84.55703653287199
20,Oaxaca,2020-06-01,88.1902789276734
20,Oaxaca,2020-07-01,91.7063199549006
20,Oaxaca,2020-08-01,94.22725110019753
20,Oaxaca,2020-09-01,96.74818224549446
20,Oaxaca,2020-10-01,99.1877930312657
20,Oaxaca,2020-11-01,99.59827150593526
20,Oaxaca,2020-12-01,99.99550873948644
20,Oaxaca,2021-01-01,100.405987214156
20,Oaxaca,2021-02-01,100.44446311033664
20,Oaxaca,2021-03-01,100.47921553269336
20,Oaxaca,2021-04-01,100.517691428874
20,Oaxaca,2021-05-01,100.52114310309389
20,Oaxaca,2021-06-01,100.52470983312111
20,Oaxaca,2021-07-01,100.528161507341
20,Oaxaca,2021-08-01,100.80841613610654
20,Oaxaca,2021-09-01,101.0886707648721
20,Oaxaca,2021-10-01,101.359884921742
20,Oaxaca,2021-11-01,102.79837165702646
20,Oaxaca,2021-12-01,104.19045559439853
20,Oaxaca,2022-01-01,105.628942329683
20,Oaxaca,2022-02-01,105.09915082987614
20,Oaxaca,2022-03-01,104.62062947521186
20,Oaxaca,2022-04-01,104.090837975405
20,Oaxaca,2022-05-01,106.01949597798863
20,Oaxaca,2022-06-01,108.01244258065837
20,Oaxaca,2022-07-01,109.941100583242
20,Oaxaca,2022-08-01,111.32862339764353
20,Oaxaca,2022-09-01,112.71614621204505
20,Oaxaca,2022-10-01,114.058910225982
20,Oaxaca,2022-11-01,114.3302072929073
20,Oaxaca,2022-12-01,114.5927528415447
20,Oaxaca,2023-01-01,114.86404990847
20,Oaxaca,2023-02-01,114.83948508460837
20,Oaxaca,2023-03-01,114.81729750176562
20,Oaxaca,2023-04-01,114.792732677904
20,Oaxaca,2023-05-01,115.72692528016246
20,Oaxaca,2023-06-01,116.69225763582953
20,Oaxaca,2023-07-01,117.626450238088
20,Oaxaca,2023-08-01,117.24375178197145
20,Oaxaca,2023-09-01,116.86105332585491
20,Oaxaca,2023-10-01,116.490699981226
20,Oaxaca,2023-11-01,116.80996043598772
20,Oaxaca,2023-12-01,117.11892216640229
20,Oaxaca,2024-01-01,117.438182621164
20,Oaxaca,2024-02-01,119.5821054936202
20,Oaxaca,2024-03-01,121.5877107614018
20,Oaxaca,2024-04-01,123.731633633858
20,Oaxaca,2024-05-01,124.33542359567086
20,Oaxaca,2024-06-01,124.95933988954414
20,Oaxaca,2024-07-01,125.563129851357
20,Oaxaca,2024-08-01,124.76047470095438
20,Oaxaca,2024-09-01,123.95781955055175
20,Oaxaca,2024-10-01,123.181056501775
20,Oaxaca,2024-11-01,123.1289930557996
20,Oaxaca,2024-12-01,123.07860907582341
21,Puebla,2004-01-01,68.5766377933609
21,Puebla,2004-02-01,68.79230990940506
21,Puebla,2004-03-01,68.99406769538184
21,Puebla,2004-04-01,69.209739811426
21,Puebla,2004-05-01,69.41220017014498
21,Puebla,2004-06-01,69.62140920748791
21,Puebla,2004-07-01,69.8238695662069
21,Puebla,2004-08-01,68.58134328090458
21,Puebla,2004-09-01,67.33881699560224
21,Puebla,2004-10-01,66.1363722033742
21,Puebla,2004-11-01,67.66055622178219
21,Puebla,2004-12-01,69.13557301378991
21,Puebla,2005-01-01,70.6597570321979
21,Puebla,2005-02-01,70.90400220924353
21,Puebla,2005-03-01,71.12461075625247
21,Puebla,2005-04-01,71.3688559332981
21,Puebla,2005-05-01,71.65071110351309
21,Puebla,2005-06-01,71.9419614460686
21,Puebla,2005-07-01,72.2238166162836
21,Puebla,2005-08-01,72.74359767403058
21,Puebla,2005-09-01,73.26337873177758
21,Puebla,2005-10-01,73.7663926586295
21,Puebla,2005-11-01,74.00082855014894
21,Puebla,2005-12-01,74.22770199355486
21,Puebla,2006-01-01,74.4621378850743
21,Puebla,2006-02-01,74.77721038416716
21,Puebla,2006-03-01,75.06179199625103
21,Puebla,2006-04-01,75.3768644953439
21,Puebla,2006-05-01,75.55096665764594
21,Puebla,2006-06-01,75.73087222535806
21,Puebla,2006-07-01,75.9049743876601
21,Puebla,2006-08-01,75.70591373565203
21,Puebla,2006-09-01,75.50685308364397
21,Puebla,2006-10-01,75.314213742991
21,Puebla,2006-11-01,75.95402284655978
21,Puebla,2006-12-01,76.57319294678761
21,Puebla,2007-01-01,77.2130020503564
21,Puebla,2007-02-01,77.70755705582219
21,Puebla,2007-03-01,78.1542518994687
21,Puebla,2007-04-01,78.6488069049345
21,Puebla,2007-05-01,78.62048663524067
21,Puebla,2007-06-01,78.59122235655704
21,Puebla,2007-07-01,78.5629020868632
21,Puebla,2007-08-01,78.76601757040518
21,Puebla,2007-09-01,78.96913305394715
21,Puebla,2007-10-01,79.1656964251168
21,Puebla,2007-11-01,78.75130822301031
21,Puebla,2007-12-01,78.3502873822621
21,Puebla,2008-01-01,77.9358991801556
21,Puebla,2008-02-01,77.94807687992703
21,Puebla,2008-03-01,77.95946892164868
21,Puebla,2008-04-01,77.9716466214201
21,Puebla,2008-05-01,78.35409062590028
21,Puebla,2008-06-01,78.74928276386312
21,Puebla,2008-07-01,79.1317267683433
21,Puebla,2008-08-01,78.75052405342828
21,Puebla,2008-09-01,78.36932133851326
21,Puebla,2008-10-01,78.0004154853697
21,Puebla,2008-11-01,75.61883925624706
21,Puebla,2008-12-01,73.31408806677355
21,Puebla,2009-01-01,70.9325118376509
21,Puebla,2009-02-01,71.00781599262992
21,Puebla,2009-03-01,71.07583264873999
21,Puebla,2009-04-01,71.151136803719
21,Puebla,2009-05-01,71.94650483349632
21,Puebla,2009-06-01,72.76838513093288
21,Puebla,2009-07-01,73.5637531607102
21,Puebla,2009-08-01,74.31080991714867
21,Puebla,2009-09-01,75.05786667358714
21,Puebla,2009-10-01,75.7808248249792
21,Puebla,2009-11-01,76.15209978942043
21,Puebla,2009-12-01,76.51139814210548
21,Puebla,2010-01-01,76.8826731065467
21,Puebla,2010-02-01,77.3681352996931
21,Puebla,2010-03-01,77.80661728059951
21,Puebla,2010-04-01,78.2920794737459
21,Puebla,2010-05-01,78.5138558179834
21,Puebla,2010-06-01,78.74302470702881
21,Puebla,2010-07-01,78.9648010512663
21,Puebla,2010-08-01,79.48658968640439
21,Puebla,2010-09-01,80.00837832154248
21,Puebla,2010-10-01,80.5133350652245
21,Puebla,2010-11-01,80.81233304544514
21,Puebla,2010-12-01,81.10168592952965
21,Puebla,2011-01-01,81.4006839097503
21,Puebla,2011-02-01,81.78364126128541
21,Puebla,2011-03-01,82.12953822396229
21,Puebla,2011-04-01,82.5124955754974
21,Puebla,2011-05-01,83.19801996120354
21,Puebla,2011-06-01,83.90639515976656
21,Puebla,2011-07-01,84.5919195454727
21,Puebla,2011-08-01,84.36925874584844
21,Puebla,2011-09-01,84.14659794622418
21,Puebla,2011-10-01,83.9311197530394
21,Puebla,2011-11-01,84.63538136982793
21,Puebla,2011-12-01,85.31692486994586
21,Puebla,2012-01-01,86.0211864867344
21,Puebla,2012-02-01,86.3740736343083
21,Puebla,2012-03-01,86.7041938691355
21,Puebla,2012-04-01,87.0570810167094
21,Puebla,2012-05-01,87.49743614523115
21,Puebla,2012-06-01,87.95246977803696
21,Puebla,2012-07-01,88.3928249065587
21,Puebla,2012-08-01,88.47181003310853
21,Puebla,2012-09-01,88.55079515965834
21,Puebla,2012-10-01,88.6272323789001
21,Puebla,2012-11-01,88.53086203111123
21,Puebla,2012-12-01,88.43760040421877
21,Puebla,2013-01-01,88.3412300564299
21,Puebla,2013-02-01,87.95274028983127
21,Puebla,2013-03-01,87.60184630709702
21,Puebla,2013-04-01,87.2133565404984
21,Puebla,2013-05-01,86.7753586788115
21,Puebla,2013-06-01,86.32276088840169
21,Puebla,2013-07-01,85.8847630267148
21,Puebla,2013-08-01,85.80014608695488
21,Puebla,2013-09-01,85.71552914719499
21,Puebla,2013-10-01,85.633641786137
21,Puebla,2013-11-01,85.83709637525651
21,Puebla,2013-12-01,86.0339879131141
21,Puebla,2014-01-01,86.2374425022336
21,Puebla,2014-02-01,87.23529727094999
21,Puebla,2014-03-01,88.13658544914541
21,Puebla,2014-04-01,89.1344402178618
21,Puebla,2014-05-01,88.62245386400234
21,Puebla,2014-06-01,88.09340129834756
21,Puebla,2014-07-01,87.5814149444881
21,Puebla,2014-08-01,88.62845038707101
21,Puebla,2014-09-01,89.67548582965391
21,Puebla,2014-10-01,90.6887459353793
21,Puebla,2014-11-01,90.43191364046771
21,Puebla,2014-12-01,90.1833662582952
21,Puebla,2015-01-01,89.9265339633836
21,Puebla,2015-02-01,89.79065923759624
21,Puebla,2015-03-01,89.66793367882056
21,Puebla,2015-04-01,89.5320589530332
21,Puebla,2015-05-01,89.9419143866288
21,Puebla,2015-06-01,90.3654316680109
21,Puebla,2015-07-01,90.7752871016065
21,Puebla,2015-08-01,90.6880572682389
21,Puebla,2015-09-01,90.6008274348713
21,Puebla,2015-10-01,90.5164114670962
21,Puebla,2015-11-01,90.51581179652106
21,Puebla,2015-12-01,90.51523147015804
21,Puebla,2016-01-01,90.5146317995829
21,Puebla,2016-02-01,90.75586525018771
21,Puebla,2016-03-01,90.98153525236638
21,Puebla,2016-04-01,91.2227687029712
21,Puebla,2016-05-01,91.24143921128723
21,Puebla,2016-06-01,91.26073206988046
21,Puebla,2016-07-01,91.2794025781965
21,Puebla,2016-08-01,92.24543215882888
21,Puebla,2016-09-01,93.21146173946126
21,Puebla,2016-10-01,94.1463290755571
21,Puebla,2016-11-01,95.07085910600476
21,Puebla,2016-12-01,95.96556558708315
21,Puebla,2017-01-01,96.8900956175308
21,Puebla,2017-02-01,97.09394639408943
21,Puebla,2017-03-01,97.27806967614238
21,Puebla,2017-04-01,97.481920452701
21,Puebla,2017-05-01,97.79563741378901
21,Puebla,2017-06-01,98.11981160691329
21,Puebla,2017-07-01,98.4335285680013
21,Puebla,2017-08-01,98.74120094499159
21,Puebla,2017-09-01,99.04887332198189
21,Puebla,2017-10-01,99.3466207835854
21,Puebla,2017-11-01,99.49089061500172
21,Puebla,2017-12-01,99.63050658088848
21,Puebla,2018-01-01,99.7747764123048
21,Puebla,2018-02-01,100.22700956807779
21,Puebla,2018-03-01,100.63547822490501
21,Puebla,2018-04-01,101.087711380678
21,Puebla,2018-05-01,100.91534404586537
21,Puebla,2018-06-01,100.73723113322563
21,Puebla,2018-07-01,100.564863798413
21,Puebla,2018-08-01,100.01366300712382
21,Puebla,2018-09-01,99.46246221583463
21,Puebla,2018-10-01,98.9290420952322
21,Puebla,2018-11-01,99.87361021135506
21,Puebla,2018-12-01,100.78770838824815
21,Puebla,2019-01-01,101.732276504371
21,Puebla,2019-02-01,101.61394578009644
21,Puebla,2019-03-01,101.50706641623556
21,Puebla,2019-04-01,101.388735691961
21,Puebla,2019-05-01,101.28983252906683
21,Puebla,2019-06-01,101.18763259407618
21,Puebla,2019-07-01,101.088729431182
21,Puebla,2019-08-01,100.70528658916965
21,Puebla,2019-09-01,100.32184374715727
21,Puebla,2019-10-01,99.9507700290808
21,Puebla,2019-11-01,100.13942299656293
21,Puebla,2019-12-01,100.32199038444887
21,Puebla,2020-01-01,100.510643351931
21,Puebla,2020-02-01,90.69190034785699
21,Puebla,2020-03-01,81.506624634368407
21,Puebla,2020-04-01,71.6878816302944
21,Puebla,2020-05-01,79.18189524921843
21,Puebla,2020-06-01,86.92570932210657
21,Puebla,2020-07-01,94.4197229410306
21,Puebla,2020-08-01,94.91574393113818
21,Puebla,2020-09-01,95.41176492124576
21,Puebla,2020-10-01,95.8917852342531
21,Puebla,2020-11-01,95.76808119886472
21,Puebla,2020-12-01,95.64836761623079
21,Puebla,2021-01-01,95.5246635808424
21,Puebla,2021-02-01,94.78819111729372
21,Puebla,2021-03-01,94.12299018247558
21,Puebla,2021-04-01,93.3865177189269
21,Puebla,2021-05-01,93.16123833269154
21,Puebla,2021-06-01,92.92844963358166
21,Puebla,2021-07-01,92.7031702473463
21,Puebla,2021-08-01,92.74102255971344
21,Puebla,2021-09-01,92.77887487208059
21,Puebla,2021-10-01,92.8155061421133
21,Puebla,2021-11-01,93.46670967981117
21,Puebla,2021-12-01,94.09690665177683
21,Puebla,2022-01-01,94.7481101894747
21,Puebla,2022-02-01,95.2608484200322
21,Puebla,2022-03-01,95.7239668218261
21,Puebla,2022-04-01,96.2367050523836
21,Puebla,2022-05-01,97.01123570562349
21,Puebla,2022-06-01,97.8115840473047
21,Puebla,2022-07-01,98.5861147005446
21,Puebla,2022-08-01,98.82045930527381
21,Puebla,2022-09-01,99.05480391000305
21,Puebla,2022-10-01,99.2815890113539
21,Puebla,2022-11-01,99.16690061802208
21,Puebla,2022-12-01,99.05591185028162
21,Puebla,2023-01-01,98.9412234569498
21,Puebla,2023-02-01,99.19985208091282
21,Puebla,2023-03-01,99.43345212836329
21,Puebla,2023-04-01,99.6920807523263
21,Puebla,2023-05-01,99.71948909026585
21,Puebla,2023-06-01,99.74781103947005
21,Puebla,2023-07-01,99.7752193774096
21,Puebla,2023-08-01,100.29465075485182
21,Puebla,2023-09-01,100.81408213229402
21,Puebla,2023-10-01,101.316757658851
21,Puebla,2023-11-01,101.77969874262081
21,Puebla,2023-12-01,102.22770624304319
21,Puebla,2024-01-01,102.69064732681299
21,Puebla,2024-02-01,103.13356644026511
21,Puebla,2024-03-01,103.54791012704288
21,Puebla,2024-04-01,103.990829240495
21,Puebla,2024-05-01,104.30889632300314
21,Puebla,2024-06-01,104.63756564159486
21,Puebla,2024-07-01,104.955632724103
21,Puebla,2024-08-01,104.15524267881231
21,Puebla,2024-09-01,103.35485263352163
21,Puebla,2024-10-01,102.58028162195
21,Puebla,2024-11-01,102.4611081511137
21,Puebla,2024-12-01,102.34577898578829
22,Querétaro,2004-01-01,60.4708752460211
22,Querétaro,2004-02-01,60.72320768855209
22,Querétaro,2004-03-01,60.959260618661716
22,Querétaro,2004-04-01,61.2115930611927
22,Querétaro,2004-05-01,61.862970473682786
22,Querétaro,2004-06-01,62.53606046658921
22,Querétaro,2004-07-01,63.1874378790793
22,Querétaro,2004-08-01,63.36744257031988
22,Querétaro,2004-09-01,63.547447261560464
22,Querétaro,2004-10-01,63.7216453498578
22,Querétaro,2004-11-01,63.68802894723867
22,Querétaro,2004-12-01,63.65549694470403
22,Querétaro,2005-01-01,63.6218805420849
22,Querétaro,2005-02-01,63.89993350774772
22,Querétaro,2005-03-01,64.15107812189478
22,Querétaro,2005-04-01,64.4291310875576
22,Querétaro,2005-05-01,64.6576377099673
22,Querétaro,2005-06-01,64.89376121979069
22,Querétaro,2005-07-01,65.1222678422004
22,Querétaro,2005-08-01,65.83924411865328
22,Querétaro,2005-09-01,66.55622039510617
22,Querétaro,2005-10-01,67.2500684045767
22,Querétaro,2005-11-01,67.39061745334831
22,Querétaro,2005-12-01,67.52663266183698
22,Querétaro,2006-01-01,67.6671817106086
22,Querétaro,2006-02-01,68.551617704046
22,Querétaro,2006-03-01,69.35046311747331
22,Querétaro,2006-04-01,70.2348991109107
22,Querétaro,2006-05-01,69.87732871351973
22,Querétaro,2006-06-01,69.50783930288237
22,Querétaro,2006-07-01,69.1502689054914
22,Querétaro,2006-08-01,69.12483912318376
22,Querétaro,2006-09-01,69.09940934087612
22,Querétaro,2006-10-01,69.0747998741268
22,Querétaro,2006-11-01,70.03467377690468
22,Querétaro,2006-12-01,70.96358400539941
22,Querétaro,2007-01-01,71.9234579081773
22,Querétaro,2007-02-01,72.46219867009798
22,Querétaro,2007-03-01,72.94880322925212
22,Querétaro,2007-04-01,73.4875439911728
22,Querétaro,2007-05-01,73.88955975164474
22,Querétaro,2007-06-01,74.30497603746576
22,Querétaro,2007-07-01,74.7069917979377
22,Querétaro,2007-08-01,73.78377759831449
22,Querétaro,2007-09-01,72.86056339869127
22,Querétaro,2007-10-01,71.9671303022817
22,Querétaro,2007-11-01,72.50112547952497
22,Querétaro,2007-12-01,73.01789500588943
22,Querétaro,2008-01-01,73.5518901831327
22,Querétaro,2008-02-01,73.48969895135632
22,Querétaro,2008-03-01,73.43152005711389
22,Querétaro,2008-04-01,73.3693288253375
22,Querétaro,2008-05-01,72.97925977314627
22,Querétaro,2008-06-01,72.57618841921534
22,Querétaro,2008-07-01,72.1861193670241
22,Querétaro,2008-08-01,72.53474989765071
22,Querétaro,2008-09-01,72.88338042827733
22,Querétaro,2008-10-01,73.2207648127547
22,Querétaro,2008-11-01,71.58071326128989
22,Querétaro,2008-12-01,69.993566598582
22,Querétaro,2009-01-01,68.3535150471172
22,Querétaro,2009-02-01,68.31340419183583
22,Querétaro,2009-03-01,68.27717503222686
22,Querétaro,2009-04-01,68.2370641769455
22,Querétaro,2009-05-01,68.96213006258267
22,Querétaro,2009-06-01,69.71136481107442
22,Querétaro,2009-07-01,70.4364306967116
22,Querétaro,2009-08-01,71.43555486677572
22,Querétaro,2009-09-01,72.43467903683984
22,Querétaro,2009-10-01,73.4015733949664
22,Querétaro,2009-11-01,73.28364492865084
22,Querétaro,2009-12-01,73.16952060640996
22,Querétaro,2010-01-01,73.0515921400944
22,Querétaro,2010-02-01,73.78463854114356
22,Querétaro,2010-03-01,74.44674496789763
22,Querétaro,2010-04-01,75.1797913689468
22,Querétaro,2010-05-01,76.26458097402318
22,Querétaro,2010-06-01,77.38553023260212
22,Querétaro,2010-07-01,78.4703198376785
22,Querétaro,2010-08-01,79.0205561651917
22,Querétaro,2010-09-01,79.57079249270492
22,Querétaro,2010-10-01,80.1032792612661
22,Querétaro,2010-11-01,80.09152502936759
22,Querétaro,2010-12-01,80.08014996624
22,Querétaro,2011-01-01,80.0683957343415
22,Querétaro,2011-02-01,80.51840973036873
22,Querétaro,2011-03-01,80.92487398484496
22,Querétaro,2011-04-01,81.3748879808722
22,Querétaro,2011-05-01,82.37702167135285
22,Querétaro,2011-06-01,83.41255981818286
22,Querétaro,2011-07-01,84.4146935086635
22,Querétaro,2011-08-01,85.19870144411351
22,Querétaro,2011-09-01,85.9827093795635
22,Querétaro,2011-10-01,86.7414267364506
22,Querétaro,2011-11-01,86.9088442300393
22,Querétaro,2011-12-01,87.0708611593187
22,Querétaro,2012-01-01,87.2382786529074
22,Querétaro,2012-02-01,86.91642070215902
22,Querétaro,2012-03-01,86.61532778049119
22,Querétaro,2012-04-01,86.2934698297428
22,Querétaro,2012-05-01,86.62149115981103
22,Querétaro,2012-06-01,86.96044653421488
22,Querétaro,2012-07-01,87.2884678642831
22,Querétaro,2012-08-01,86.158870953843
22,Querétaro,2012-09-01,85.0292740434029
22,Querétaro,2012-10-01,83.936115742977
22,Querétaro,2012-11-01,84.54130561228389
22,Querétaro,2012-12-01,85.1269732277422
22,Querétaro,2013-01-01,85.7321630970491
22,Querétaro,2013-02-01,86.1248458037731
22,Querétaro,2013-03-01,86.47952695823349
22,Querétaro,2013-04-01,86.8722096649575
22,Querétaro,2013-05-01,86.29170902567196
22,Querétaro,2013-06-01,85.691858365076925
22,Querétaro,2013-07-01,85.1113577257914
22,Querétaro,2013-08-01,84.84435377801421
22,Querétaro,2013-09-01,84.57734983023703
22,Querétaro,2013-10-01,84.3189589130333
22,Querétaro,2013-11-01,84.87509967500915
22,Querétaro,2013-12-01,85.41330041240515
22,Querétaro,2014-01-01,85.969441174381
22,Querétaro,2014-02-01,86.7470554105569
22,Querétaro,2014-03-01,87.44941665613511
22,Querétaro,2014-04-01,88.227030892311
22,Querétaro,2014-05-01,88.61015465506843
22,Querétaro,2014-06-01,89.00604920991778
22,Querétaro,2014-07-01,89.3891729726752
22,Querétaro,2014-08-01,90.04593415180383
22,Querétaro,2014-09-01,90.70269533093249
22,Querétaro,2014-10-01,91.3382706655731
22,Querétaro,2014-11-01,91.57748392518386
22,Querétaro,2014-12-01,91.80898062803296
22,Querétaro,2015-01-01,92.0481938876437
22,Querétaro,2015-02-01,92.58255275211485
22,Querétaro,2015-03-01,93.06519946841135
22,Querétaro,2015-04-01,93.5995583328825
22,Querétaro,2015-05-01,94.12236000938738
22,Querétaro,2015-06-01,94.66258840844242
22,Querétaro,2015-07-01,95.1853900849473
22,Querétaro,2015-08-01,95.08098114170039
22,Querétaro,2015-09-01,94.97657219845348
22,Querétaro,2015-10-01,94.8755312856339
22,Querétaro,2015-11-01,94.67361770217187
22,Querétaro,2015-12-01,94.47821746011184
22,Querétaro,2016-01-01,94.2763038766498
22,Querétaro,2016-02-01,94.01305041553239
22,Querétaro,2016-03-01,93.76678104868061
22,Querétaro,2016-04-01,93.5035275875632
22,Querétaro,2016-05-01,93.51433193186469
22,Querétaro,2016-06-01,93.52549642097621
22,Querétaro,2016-07-01,93.5363007652777
22,Querétaro,2016-08-01,94.29792016225619
22,Querétaro,2016-09-01,95.05953955923468
22,Querétaro,2016-10-01,95.7965905885687
22,Querétaro,2016-11-01,96.07978601699084
22,Querétaro,2016-12-01,96.35384610901227
22,Querétaro,2017-01-01,96.6370415374344
22,Querétaro,2017-02-01,96.45173249222415
22,Querétaro,2017-03-01,96.28435658042135
22,Querétaro,2017-04-01,96.0990475352111
22,Querétaro,2017-05-01,96.06883311405355
22,Querétaro,2017-06-01,96.03761154552406
22,Querétaro,2017-07-01,96.0073971243665
22,Querétaro,2017-08-01,96.87194304753064
22,Querétaro,2017-09-01,97.73648897069475
22,Querétaro,2017-10-01,98.5731463156923
22,Querétaro,2017-11-01,99.28121248525535
22,Querétaro,2017-12-01,99.96643781063895
22,Querétaro,2018-01-01,100.674503980202
22,Querétaro,2018-02-01,100.41485728575148
22,Querétaro,2018-03-01,100.18033769076392
22,Querétaro,2018-04-01,99.9206909963134
22,Querétaro,2018-05-01,99.92764405333081
22,Querétaro,2018-06-01,99.93482887891548
22,Querétaro,2018-07-01,99.9417819359329
22,Querétaro,2018-08-01,99.79910799346328
22,Querétaro,2018-09-01,99.65643405099365
22,Querétaro,2018-10-01,99.518362493765
22,Querétaro,2018-11-01,99.68315204214743
22,Querétaro,2018-12-01,99.84262579864657
22,Querétaro,2019-01-01,100.007415347029
22,Querétaro,2019-02-01,100.07763752363267
22,Querétaro,2019-03-01,100.14106400572632
22,Querétaro,2019-04-01,100.21128618233
22,Querétaro,2019-05-01,99.939614674554
22,Querétaro,2019-06-01,99.6588874498521
22,Querétaro,2019-07-01,99.3872159420761
22,Querétaro,2019-08-01,99.16481168654958
22,Querétaro,2019-09-01,98.94240743102307
22,Querétaro,2019-10-01,98.72717750632
22,Querétaro,2019-11-01,98.55438001622325
22,Querétaro,2019-12-01,98.38715663871025
22,Querétaro,2020-01-01,98.2143591486135
22,Querétaro,2020-02-01,91.58193209216832
22,Querétaro,2020-03-01,85.37740355549379
22,Querétaro,2020-04-01,78.7449764990486
22,Querétaro,2020-05-01,82.597924045570707
22,Querétaro,2020-06-01,86.5793031769769
22,Querétaro,2020-07-01,90.432250723499
22,Querétaro,2020-08-01,92.08362990811305
22,Querétaro,2020-09-01,93.73500909272711
22,Querétaro,2020-10-01,95.3331179810633
22,Querétaro,2020-11-01,95.35702945912617
22,Querétaro,2020-12-01,95.38016959918703
22,Querétaro,2021-01-01,95.4040810772499
22,Querétaro,2021-02-01,95.01413800339246
22,Querétaro,2021-03-01,94.66193135603734
22,Querétaro,2021-04-01,94.2719882821799
22,Querétaro,2021-05-01,94.32560861418
22,Querétaro,2021-06-01,94.3810162905801
22,Querétaro,2021-07-01,94.4346366225802
22,Querétaro,2021-08-01,94.07530581908173
22,Querétaro,2021-09-01,93.71597501558327
22,Querétaro,2021-10-01,93.3682355283267
22,Querétaro,2021-11-01,93.53359154123005
22,Querétaro,2021-12-01,93.69361348920104
22,Querétaro,2022-01-01,93.8589695021044
22,Querétaro,2022-02-01,95.00107420778974
22,Querétaro,2022-03-01,96.03265265163456
22,Querétaro,2022-04-01,97.1747573573199
22,Querétaro,2022-05-01,96.6987856642093
22,Querétaro,2022-06-01,96.20694824799502
22,Querétaro,2022-07-01,95.7309765548844
22,Querétaro,2022-08-01,96.28859241164305
22,Querétaro,2022-09-01,96.8462082684017
22,Querétaro,2022-10-01,97.3858365168778
22,Querétaro,2022-11-01,97.5864070943673
22,Querétaro,2022-12-01,97.7805076532281
22,Querétaro,2023-01-01,97.9810782307176
22,Querétaro,2023-02-01,98.14319965066063
22,Querétaro,2023-03-01,98.28963190093177
22,Querétaro,2023-04-01,98.4517533208748
22,Querétaro,2023-05-01,99.13557552819377
22,Querétaro,2023-06-01,99.84219180909002
22,Querétaro,2023-07-01,100.526014016409
22,Querétaro,2023-08-01,101.17463070397423
22,Querétaro,2023-09-01,101.82324739153948
22,Querétaro,2023-10-01,102.450940960151
22,Querétaro,2023-11-01,102.07949784394984
22,Querétaro,2023-12-01,101.72003676375516
22,Querétaro,2024-01-01,101.348593647554
22,Querétaro,2024-02-01,101.32920776153132
22,Querétaro,2024-03-01,101.31107257783268
22,Querétaro,2024-04-01,101.29168669181
22,Querétaro,2024-05-01,101.44817517019605
22,Querétaro,2024-06-01,101.60987993119495
22,Querétaro,2024-07-01,101.766368409581
22,Querétaro,2024-08-01,101.36064243047572
22,Querétaro,2024-09-01,100.95491645137044
22,Querétaro,2024-10-01,100.562278407075
22,Querétaro,2024-11-01,100.93118522160856
22,Querétaro,2024-12-01,101.28819181631845
23,Quintana Roo,2004-01-01,54.1153592955535
23,Quintana Roo,2004-02-01,54.53277184209485
23,Quintana Roo,2004-03-01,54.92325454692385
23,Quintana Roo,2004-04-01,55.3406670934652
23,Quintana Roo,2004-05-01,55.75478152046466
23,Quintana Roo,2004-06-01,56.182699761697435
23,Quintana Roo,2004-07-01,56.5968141886969
23,Quintana Roo,2004-08-01,57.152758984488315
23,Quintana Roo,2004-09-01,57.70870378027973
23,Quintana Roo,2004-10-01,58.2467148729811
23,Quintana Roo,2004-11-01,58.46519131607014
23,Quintana Roo,2004-12-01,58.676620131962764
23,Quintana Roo,2005-01-01,58.8950965750518
23,Quintana Roo,2005-02-01,58.95820603948183
23,Quintana Roo,2005-03-01,59.01520813638637
23,Quintana Roo,2005-04-01,59.0783176008164
23,Quintana Roo,2005-05-01,59.07378554639662
23,Quintana Roo,2005-06-01,59.069102423496176
23,Quintana Roo,2005-07-01,59.0645703690764
23,Quintana Roo,2005-08-01,57.87722781622725
23,Quintana Roo,2005-09-01,56.689885263378095
23,Quintana Roo,2005-10-01,55.5408440832015
23,Quintana Roo,2005-11-01,56.64559131189443
23,Quintana Roo,2005-12-01,57.71470153321017
23,Quintana Roo,2006-01-01,58.8194487619031
23,Quintana Roo,2006-02-01,59.634857362132884
23,Quintana Roo,2006-03-01,60.37135545266301
23,Quintana Roo,2006-04-01,61.1867640528928
23,Quintana Roo,2006-05-01,62.04746059840213
23,Quintana Roo,2006-06-01,62.93684702876177
23,Quintana Roo,2006-07-01,63.7975435742711
23,Quintana Roo,2006-08-01,63.828888009222595
23,Quintana Roo,2006-09-01,63.86023244417409
23,Quintana Roo,2006-10-01,63.8905657683207
23,Quintana Roo,2006-11-01,64.47665300006314
23,Quintana Roo,2006-12-01,65.04383419207196
23,Quintana Roo,2007-01-01,65.6299214238144
23,Quintana Roo,2007-02-01,66.15111293622307
23,Quintana Roo,2007-03-01,66.62186656033413
23,Quintana Roo,2007-04-01,67.1430580727428
23,Quintana Roo,2007-05-01,66.94039826595419
23,Quintana Roo,2007-06-01,66.73098313227261
23,Quintana Roo,2007-07-01,66.528323325484
23,Quintana Roo,2007-08-01,67.15788444201705
23,Quintana Roo,2007-09-01,67.7874455585501
23,Quintana Roo,2007-10-01,68.3966982519692
23,Quintana Roo,2007-11-01,69.11073940110145
23,Quintana Roo,2007-12-01,69.80174696477785
23,Quintana Roo,2008-01-01,70.5157881139101
23,Quintana Roo,2008-02-01,70.74059797326386
23,Quintana Roo,2008-03-01,70.95090397072384
23,Quintana Roo,2008-04-01,71.1757138300776
23,Quintana Roo,2008-05-01,70.79592211280453
23,Quintana Roo,2008-06-01,70.40347067162236
23,Quintana Roo,2008-07-01,70.0236789543493
23,Quintana Roo,2008-08-01,69.49175870919744
23,Quintana Roo,2008-09-01,68.9598384640456
23,Quintana Roo,2008-10-01,68.4450769364793
23,Quintana Roo,2008-11-01,67.65228891298712
23,Quintana Roo,2008-12-01,66.88507469670438
23,Quintana Roo,2009-01-01,66.0922866732122
23,Quintana Roo,2009-02-01,63.834689732304824
23,Quintana Roo,2009-03-01,61.79556991471107
23,Quintana Roo,2009-04-01,59.5379729738037
23,Quintana Roo,2009-05-01,61.26472136797892
23,Quintana Roo,2009-06-01,63.04902804195998
23,Quintana Roo,2009-07-01,64.7757764361352
23,Quintana Roo,2009-08-01,65.08404490750512
23,Quintana Roo,2009-09-01,65.39231337887503
23,Quintana Roo,2009-10-01,65.6906377060072
23,Quintana Roo,2009-11-01,65.98776099302809
23,Quintana Roo,2009-12-01,66.275299657887
23,Quintana Roo,2010-01-01,66.5724229449079
23,Quintana Roo,2010-02-01,66.75658507748045
23,Quintana Roo,2010-03-01,66.92292506819115
23,Quintana Roo,2010-04-01,67.1070872007637
23,Quintana Roo,2010-05-01,67.1862502134752
23,Quintana Roo,2010-06-01,67.2680519932771
23,Quintana Roo,2010-07-01,67.3472150059886
23,Quintana Roo,2010-08-01,67.79329834342649
23,Quintana Roo,2010-09-01,68.23938168086437
23,Quintana Roo,2010-10-01,68.6710752332236
23,Quintana Roo,2010-11-01,68.83671563103904
23,Quintana Roo,2010-12-01,68.99701279021527
23,Quintana Roo,2011-01-01,69.1626531880307
23,Quintana Roo,2011-02-01,69.52225442309829
23,Quintana Roo,2011-03-01,69.84705553864322
23,Quintana Roo,2011-04-01,70.2066567737108
23,Quintana Roo,2011-05-01,70.8934829561714
23,Quintana Roo,2011-06-01,71.603203344714
23,Quintana Roo,2011-07-01,72.2900295271746
23,Quintana Roo,2011-08-01,72.42110359958173
23,Quintana Roo,2011-09-01,72.55217767198887
23,Quintana Roo,2011-10-01,72.6790235485119
23,Quintana Roo,2011-11-01,72.90489546669586
23,Quintana Roo,2011-12-01,73.12348119397065
23,Quintana Roo,2012-01-01,73.3493531121546
23,Quintana Roo,2012-02-01,73.59227185288249
23,Quintana Roo,2012-03-01,73.81951841678921
23,Quintana Roo,2012-04-01,74.0624371575171
23,Quintana Roo,2012-05-01,74.14311199523058
23,Quintana Roo,2012-06-01,74.22647599420121
23,Quintana Roo,2012-07-01,74.3071508319147
23,Quintana Roo,2012-08-01,74.72973813862505
23,Quintana Roo,2012-09-01,75.1523254453354
23,Quintana Roo,2012-10-01,75.5612809034422
23,Quintana Roo,2012-11-01,76.02546443132637
23,Quintana Roo,2012-12-01,76.47467429702073
23,Quintana Roo,2013-01-01,76.9388578249049
23,Quintana Roo,2013-02-01,76.45544997757933
23,Quintana Roo,2013-03-01,76.01882353483367
23,Quintana Roo,2013-04-01,75.5354156875081
23,Quintana Roo,2013-05-01,75.86321782089149
23,Quintana Roo,2013-06-01,76.2019466920543
23,Quintana Roo,2013-07-01,76.5297488254377
23,Quintana Roo,2013-08-01,77.06941499330325
23,Quintana Roo,2013-09-01,77.60908116116882
23,Quintana Roo,2013-10-01,78.1313387429742
23,Quintana Roo,2013-11-01,78.3122473600642
23,Quintana Roo,2013-12-01,78.4873202153126
23,Quintana Roo,2014-01-01,78.6682288324026
23,Quintana Roo,2014-02-01,78.72819192729094
23,Quintana Roo,2014-03-01,78.78235214202877
23,Quintana Roo,2014-04-01,78.8423152369171
23,Quintana Roo,2014-05-01,79.26132452927061
23,Quintana Roo,2014-06-01,79.6943007980359
23,Quintana Roo,2014-07-01,80.1133100903894
23,Quintana Roo,2014-08-01,80.45765315563692
23,Quintana Roo,2014-09-01,80.80199622088443
23,Quintana Roo,2014-10-01,81.1352314453175
23,Quintana Roo,2014-11-01,81.65458183660245
23,Quintana Roo,2014-12-01,82.15717898945886
23,Quintana Roo,2015-01-01,82.6765293807438
23,Quintana Roo,2015-02-01,83.51192147496282
23,Quintana Roo,2015-03-01,84.26646917296708
23,Quintana Roo,2015-04-01,85.1018612671861
23,Quintana Roo,2015-05-01,84.74564555857606
23,Quintana Roo,2015-06-01,84.37755599301234
23,Quintana Roo,2015-07-01,84.0213402844023
23,Quintana Roo,2015-08-01,84.59552127633722
23,Quintana Roo,2015-09-01,85.16970226827215
23,Quintana Roo,2015-10-01,85.7253612927253
23,Quintana Roo,2015-11-01,86.05464785936222
23,Quintana Roo,2015-12-01,86.37331227868827
23,Quintana Roo,2016-01-01,86.7025988453252
23,Quintana Roo,2016-02-01,87.37841975440121
23,Quintana Roo,2016-03-01,88.01063931450459
23,Quintana Roo,2016-04-01,88.6864602235806
23,Quintana Roo,2016-05-01,89.70722832247513
23,Quintana Roo,2016-06-01,90.76202202466617
23,Quintana Roo,2016-07-01,91.7827901235607
23,Quintana Roo,2016-08-01,91.92085790476439
23,Quintana Roo,2016-09-01,92.05892568596808
23,Quintana Roo,2016-10-01,92.1925396677781
23,Quintana Roo,2016-11-01,92.488038498153
23,Quintana Roo,2016-12-01,92.77400510819321
23,Quintana Roo,2017-01-01,93.0695039385681
23,Quintana Roo,2017-02-01,93.36971624433042
23,Quintana Roo,2017-03-01,93.64087574630929
23,Quintana Roo,2017-04-01,93.9410880520716
23,Quintana Roo,2017-05-01,94.36881335514529
23,Quintana Roo,2017-06-01,94.81079616832142
23,Quintana Roo,2017-07-01,95.2385214713951
23,Quintana Roo,2017-08-01,95.34476342568844
23,Quintana Roo,2017-09-01,95.45100537998178
23,Quintana Roo,2017-10-01,95.5538201744592
23,Quintana Roo,2017-11-01,97.09300054423453
23,Quintana Roo,2017-12-01,98.58252993433968
23,Quintana Roo,2018-01-01,100.121710304115
23,Quintana Roo,2018-02-01,100.31771105189682
23,Quintana Roo,2018-03-01,100.49474398537717
23,Quintana Roo,2018-04-01,100.690744733159
23,Quintana Roo,2018-05-01,100.61937221915306
23,Quintana Roo,2018-06-01,100.54562062134693
23,Quintana Roo,2018-07-01,100.474248107341
23,Quintana Roo,2018-08-01,99.77366527538913
23,Quintana Roo,2018-09-01,99.07308244343727
23,Quintana Roo,2018-10-01,98.3950990576774
23,Quintana Roo,2018-11-01,99.21366871647575
23,Quintana Roo,2018-12-01,100.00583290240965
23,Quintana Roo,2019-01-01,100.824402561208
23,Quintana Roo,2019-02-01,100.36043638394467
23,Quintana Roo,2019-03-01,99.94137015931973
23,Quintana Roo,2019-04-01,99.4774039820564
23,Quintana Roo,2019-05-01,99.04249351450888
23,Quintana Roo,2019-06-01,98.59308603137643
23,Quintana Roo,2019-07-01,98.1581755638289
23,Quintana Roo,2019-08-01,99.0165596617942
23,Quintana Roo,2019-09-01,99.87494375975949
23,Quintana Roo,2019-10-01,100.705638048113
23,Quintana Roo,2019-11-01,101.25320827730177
23,Quintana Roo,2019-12-01,101.78311495071024
23,Quintana Roo,2020-01-01,102.330685179899
23,Quintana Roo,2020-02-01,88.670635736963
23,Quintana Roo,2020-03-01,75.89187980647449
23,Quintana Roo,2020-04-01,62.2318303635385
23,Quintana Roo,2020-05-01,65.20600260877777
23,Quintana Roo,2020-06-01,68.27931392885834
23,Quintana Roo,2020-07-01,71.2534861740976
23,Quintana Roo,2020-08-01,73.60011484842943
23,Quintana Roo,2020-09-01,75.94674352276127
23,Quintana Roo,2020-10-01,78.2176744979211
23,Quintana Roo,2020-11-01,79.48094152580516
23,Quintana Roo,2020-12-01,80.70345800440263
23,Quintana Roo,2021-01-01,81.9667250322867
23,Quintana Roo,2021-02-01,84.05831422869421
23,Quintana Roo,2021-03-01,85.94749156738489
23,Quintana Roo,2021-04-01,88.0390807637924
23,Quintana Roo,2021-05-01,89.19752854358688
23,Quintana Roo,2021-06-01,90.39459124937451
23,Quintana Roo,2021-07-01,91.553039029169
23,Quintana Roo,2021-08-01,91.43316423130415
23,Quintana Roo,2021-09-01,91.31328943343928
23,Quintana Roo,2021-10-01,91.1972815645378
23,Quintana Roo,2021-11-01,90.93516242163005
23,Quintana Roo,2021-12-01,90.68149873494515
23,Quintana Roo,2022-01-01,90.4193795920374
23,Quintana Roo,2022-02-01,91.26196177810763
23,Quintana Roo,2022-03-01,92.02300375262267
23,Quintana Roo,2022-04-01,92.8655859386929
23,Quintana Roo,2022-05-01,93.82058997358396
23,Quintana Roo,2022-06-01,94.80742747630474
23,Quintana Roo,2022-07-01,95.7624315111958
23,Quintana Roo,2022-08-01,96.3484428494543
23,Quintana Roo,2022-09-01,96.93445418771282
23,Quintana Roo,2022-10-01,97.5015619344146
23,Quintana Roo,2022-11-01,94.96412285444823
23,Quintana Roo,2022-12-01,92.50853664802916
23,Quintana Roo,2023-01-01,89.9710975680628
23,Quintana Roo,2023-02-01,93.30843270739837
23,Quintana Roo,2023-03-01,96.32279993002403
23,Quintana Roo,2023-04-01,99.6601350693596
23,Quintana Roo,2023-05-01,105.41869905078303
23,Quintana Roo,2023-06-01,111.36921516492058
23,Quintana Roo,2023-07-01,117.127779146344
23,Quintana Roo,2023-08-01,117.67044915974003
23,Quintana Roo,2023-09-01,118.21311917313606
23,Quintana Roo,2023-10-01,118.738283702229
23,Quintana Roo,2023-11-01,114.72361094051078
23,Quintana Roo,2023-12-01,110.83844375175121
23,Quintana Roo,2024-01-01,106.823770990033
23,Quintana Roo,2024-02-01,105.6026425064763
23,Quintana Roo,2024-03-01,104.4602965057297
23,Quintana Roo,2024-04-01,103.239168022173
23,Quintana Roo,2024-05-01,102.17631715258092
23,Quintana Roo,2024-06-01,101.07803792066909
23,Quintana Roo,2024-07-01,100.015187051077
23,Quintana Roo,2024-08-01,99.70821881922811
23,Quintana Roo,2024-09-01,99.40125058737921
23,Quintana Roo,2024-10-01,99.1041845565577
23,Quintana Roo,2024-11-01,97.13842855796015
23,Quintana Roo,2024-12-01,95.23608404318834
24,San Luis Potosí,2004-01-01,60.521792339354
24,San Luis Potosí,2004-02-01,61.2860612350351
24,San Luis Potosí,2004-03-01,62.0010224600271
24,San Luis Potosí,2004-04-01,62.7652913557082
24,San Luis Potosí,2004-05-01,62.96789926508954
24,San Luis Potosí,2004-06-01,63.17726077145026
24,San Luis Potosí,2004-07-01,63.3798686808316
24,San Luis Potosí,2004-08-01,63.99238908621969
24,San Luis Potosí,2004-09-01,64.60490949160777
24,San Luis Potosí,2004-10-01,65.1976711742414
24,San Luis Potosí,2004-11-01,65.21763167817586
24,San Luis Potosí,2004-12-01,65.23694829488664
24,San Luis Potosí,2005-01-01,65.2569087988211
24,San Luis Potosí,2005-02-01,65.03110579539421
24,San Luis Potosí,2005-03-01,64.82715469552477
24,San Luis Potosí,2005-04-01,64.6013516920979
24,San Luis Potosí,2005-05-01,64.92539195013082
24,San Luis Potosí,2005-06-01,65.26023355009818
24,San Luis Potosí,2005-07-01,65.5842738081311
24,San Luis Potosí,2005-08-01,65.86847080659602
24,San Luis Potosí,2005-09-01,66.15266780506096
24,San Luis Potosí,2005-10-01,66.4276971584141
24,San Luis Potosí,2005-11-01,66.46771872496913
24,San Luis Potosí,2005-12-01,66.50644927324818
24,San Luis Potosí,2006-01-01,66.5464708398032
24,San Luis Potosí,2006-02-01,66.9551992111908
24,San Luis Potosí,2006-03-01,67.324373224057
24,San Luis Potosí,2006-04-01,67.7331015954446
24,San Luis Potosí,2006-05-01,67.78058725724112
24,San Luis Potosí,2006-06-01,67.82965577443088
24,San Luis Potosí,2006-07-01,67.8771414362274
24,San Luis Potosí,2006-08-01,67.63538363335162
24,San Luis Potosí,2006-09-01,67.39362583047584
24,San Luis Potosí,2006-10-01,67.1596666664025
24,San Luis Potosí,2006-11-01,67.31528728602531
24,San Luis Potosí,2006-12-01,67.4658878856603
24,San Luis Potosí,2007-01-01,67.6215085052831
24,San Luis Potosí,2007-02-01,67.70606218931955
24,San Luis Potosí,2007-03-01,67.78243325877185
24,San Luis Potosí,2007-04-01,67.8669869428083
24,San Luis Potosí,2007-05-01,67.98410172908044
24,San Luis Potosí,2007-06-01,68.10512034156166
24,San Luis Potosí,2007-07-01,68.2222351278338
24,San Luis Potosí,2007-08-01,68.79345983483222
24,San Luis Potosí,2007-09-01,69.36468454183064
24,San Luis Potosí,2007-10-01,69.9174826453775
24,San Luis Potosí,2007-11-01,70.2603611649907
24,San Luis Potosí,2007-12-01,70.59217908719701
24,San Luis Potosí,2008-01-01,70.9350576068102
24,San Luis Potosí,2008-02-01,71.06566650061234
24,San Luis Potosí,2008-03-01,71.18784901416916
24,San Luis Potosí,2008-04-01,71.3184579079713
24,San Luis Potosí,2008-05-01,71.3503631117606
24,San Luis Potosí,2008-06-01,71.3833318223429
24,San Luis Potosí,2008-07-01,71.4152370261322
24,San Luis Potosí,2008-08-01,70.77446783291502
24,San Luis Potosí,2008-09-01,70.13369863969784
24,San Luis Potosí,2008-10-01,69.5135994204554
24,San Luis Potosí,2008-11-01,68.34531504975085
24,San Luis Potosí,2008-12-01,67.21471727164966
24,San Luis Potosí,2009-01-01,66.0464329009451
24,San Luis Potosí,2009-02-01,65.8381882421826
24,San Luis Potosí,2009-03-01,65.6500962923326
24,San Luis Potosí,2009-04-01,65.4418516335701
24,San Luis Potosí,2009-05-01,65.74061419038624
24,San Luis Potosí,2009-06-01,66.04933549909626
24,San Luis Potosí,2009-07-01,66.3480980559124
24,San Luis Potosí,2009-08-01,67.22144071931781
24,San Luis Potosí,2009-09-01,68.09478338272322
24,San Luis Potosí,2009-10-01,68.9399537021478
24,San Luis Potosí,2009-11-01,68.7775014419876
24,San Luis Potosí,2009-12-01,68.62028957731641
24,San Luis Potosí,2010-01-01,68.4578373171562
24,San Luis Potosí,2010-02-01,69.18560297556584
24,San Luis Potosí,2010-03-01,69.84293969929067
24,San Luis Potosí,2010-04-01,70.5707053577003
24,San Luis Potosí,2010-05-01,70.83410856614934
24,San Luis Potosí,2010-06-01,71.10629188154667
24,San Luis Potosí,2010-07-01,71.3696950899957
24,San Luis Potosí,2010-08-01,71.75634570942903
24,San Luis Potosí,2010-09-01,72.14299632886235
24,San Luis Potosí,2010-10-01,72.5171743476688
24,San Luis Potosí,2010-11-01,72.58685045072474
24,San Luis Potosí,2010-12-01,72.65427893755306
24,San Luis Potosí,2011-01-01,72.723955040609
24,San Luis Potosí,2011-02-01,73.1433813236542
24,San Luis Potosí,2011-03-01,73.5222179664047
24,San Luis Potosí,2011-04-01,73.9416442494499
24,San Luis Potosí,2011-05-01,74.47677753193805
24,San Luis Potosí,2011-06-01,75.02974859050914
24,San Luis Potosí,2011-07-01,75.5648818729973
24,San Luis Potosí,2011-08-01,75.81810809759185
24,San Luis Potosí,2011-09-01,76.0713343221864
24,San Luis Potosí,2011-10-01,76.3163919588908
24,San Luis Potosí,2011-11-01,76.91580839520236
24,San Luis Potosí,2011-12-01,77.49588881743934
24,San Luis Potosí,2012-01-01,78.0953052537509
24,San Luis Potosí,2012-02-01,78.05801879637615
24,San Luis Potosí,2012-03-01,78.02313791689654
24,San Luis Potosí,2012-04-01,77.9858514595218
24,San Luis Potosí,2012-05-01,78.28153671113184
24,San Luis Potosí,2012-06-01,78.58707813779556
24,San Luis Potosí,2012-07-01,78.8827633894056
24,San Luis Potosí,2012-08-01,79.056622349397
24,San Luis Potosí,2012-09-01,79.23048130938841
24,San Luis Potosí,2012-10-01,79.3987319158317
24,San Luis Potosí,2012-11-01,79.83638656715412
24,San Luis Potosí,2012-12-01,80.25992332649838
24,San Luis Potosí,2013-01-01,80.6975779778208
24,San Luis Potosí,2013-02-01,81.01748411094042
24,San Luis Potosí,2013-03-01,81.30643158601619
24,San Luis Potosí,2013-04-01,81.6263377191358
24,San Luis Potosí,2013-05-01,81.29843260624968
24,San Luis Potosí,2013-06-01,80.95959732293403
24,San Luis Potosí,2013-07-01,80.6316922100479
24,San Luis Potosí,2013-08-01,80.66445236402923
24,San Luis Potosí,2013-09-01,80.69721251801056
24,San Luis Potosí,2013-10-01,80.7289158928312
24,San Luis Potosí,2013-11-01,80.73427084439581
24,San Luis Potosí,2013-12-01,80.73945305558739
24,San Luis Potosí,2014-01-01,80.744808007152
24,San Luis Potosí,2014-02-01,81.40886084281556
24,San Luis Potosí,2014-03-01,82.00865050083425
24,San Luis Potosí,2014-04-01,82.6727033364978
24,San Luis Potosí,2014-05-01,82.77131479521157
24,San Luis Potosí,2014-06-01,82.87321330254913
24,San Luis Potosí,2014-07-01,82.9718247612629
24,San Luis Potosí,2014-08-01,83.34941820879895
24,San Luis Potosí,2014-09-01,83.72701165633502
24,San Luis Potosí,2014-10-01,84.0924246700796
24,San Luis Potosí,2014-11-01,84.12888484999529
24,San Luis Potosí,2014-12-01,84.16416889507501
24,San Luis Potosí,2015-01-01,84.2006290749907
24,San Luis Potosí,2015-02-01,83.96277243377683
24,San Luis Potosí,2015-03-01,83.74793417719657
24,San Luis Potosí,2015-04-01,83.5100775359827
24,San Luis Potosí,2015-05-01,85.37810843454496
24,San Luis Potosí,2015-06-01,87.30840702972594
24,San Luis Potosí,2015-07-01,89.1764379282882
24,San Luis Potosí,2015-08-01,88.69685037872398
24,San Luis Potosí,2015-09-01,88.21726282915975
24,San Luis Potosí,2015-10-01,87.7531458457105
24,San Luis Potosí,2015-11-01,87.53576336037065
24,San Luis Potosí,2015-12-01,87.32539321326756
24,San Luis Potosí,2016-01-01,87.1080107279277
24,San Luis Potosí,2016-02-01,88.12385758430686
24,San Luis Potosí,2016-03-01,89.07416593382284
24,San Luis Potosí,2016-04-01,90.090012790202
24,San Luis Potosí,2016-05-01,90.64184118363984
24,San Luis Potosí,2016-06-01,91.21206385685896
24,San Luis Potosí,2016-07-01,91.7638922502968
24,San Luis Potosí,2016-08-01,92.3929797934619
24,San Luis Potosí,2016-09-01,93.02206733662702
24,San Luis Potosí,2016-10-01,93.6308617332384
24,San Luis Potosí,2016-11-01,94.20210501076414
24,San Luis Potosí,2016-12-01,94.75492108578906
24,San Luis Potosí,2017-01-01,95.3261643633148
24,San Luis Potosí,2017-02-01,95.24314483697255
24,San Luis Potosí,2017-03-01,95.16815945834085
24,San Luis Potosí,2017-04-01,95.0851399319986
24,San Luis Potosí,2017-05-01,95.90376204234325
24,San Luis Potosí,2017-06-01,96.74967155636605
24,San Luis Potosí,2017-07-01,97.5682936667107
24,San Luis Potosí,2017-08-01,98.06510111426581
24,San Luis Potosí,2017-09-01,98.56190856182091
24,San Luis Potosí,2017-10-01,99.0426899626807
24,San Luis Potosí,2017-11-01,99.41342201665995
24,San Luis Potosí,2017-12-01,99.77219497212374
24,San Luis Potosí,2018-01-01,100.142927026103
24,San Luis Potosí,2018-02-01,100.3057490269169
24,San Luis Potosí,2018-03-01,100.4528140599101
24,San Luis Potosí,2018-04-01,100.615636060724
24,San Luis Potosí,2018-05-01,99.97685198366334
24,San Luis Potosí,2018-06-01,99.31677510403397
24,San Luis Potosí,2018-07-01,98.6779910269733
24,San Luis Potosí,2018-08-01,99.34434357087139
24,San Luis Potosí,2018-09-01,100.01069611476947
24,San Luis Potosí,2018-10-01,100.655553415316
24,San Luis Potosí,2018-11-01,99.3324078502527
24,San Luis Potosí,2018-12-01,98.05194440019142
24,San Luis Potosí,2019-01-01,96.7287988351281
24,San Luis Potosí,2019-02-01,96.43764668128746
24,San Luis Potosí,2019-03-01,96.17467054233464
24,San Luis Potosí,2019-04-01,95.883518388494
24,San Luis Potosí,2019-05-01,95.9352700881293
24,San Luis Potosí,2019-06-01,95.9887468444191
24,San Luis Potosí,2019-07-01,96.0404985440544
24,San Luis Potosí,2019-08-01,95.68767882936775
24,San Luis Potosí,2019-09-01,95.33485911468112
24,San Luis Potosí,2019-10-01,94.9934206811134
24,San Luis Potosí,2019-11-01,95.27668058415054
24,San Luis Potosí,2019-12-01,95.55080307096067
24,San Luis Potosí,2020-01-01,95.8340629739978
24,San Luis Potosí,2020-02-01,88.58345501649293
24,San Luis Potosí,2020-03-01,81.80062821753677
24,San Luis Potosí,2020-04-01,74.5500202600319
24,San Luis Potosí,2020-05-01,81.29765916687857
24,San Luis Potosí,2020-06-01,88.27021937062013
24,San Luis Potosí,2020-07-01,95.0178582774668
24,San Luis Potosí,2020-08-01,94.95262245130164
24,San Luis Potosí,2020-09-01,94.88738662513647
24,San Luis Potosí,2020-10-01,94.8242551804605
24,San Luis Potosí,2020-11-01,94.25660892536597
24,San Luis Potosí,2020-12-01,93.70727383979063
24,San Luis Potosí,2021-01-01,93.1396275846961
24,San Luis Potosí,2021-02-01,93.41898047273176
24,San Luis Potosí,2021-03-01,93.67129921031234
24,San Luis Potosí,2021-04-01,93.950652098348
24,San Luis Potosí,2021-05-01,93.17288930727058
24,San Luis Potosí,2021-06-01,92.36920108982392
24,San Luis Potosí,2021-07-01,91.5914382987465
24,San Luis Potosí,2021-08-01,91.86688615087479
24,San Luis Potosí,2021-09-01,92.14233400300309
24,San Luis Potosí,2021-10-01,92.4088964405466
24,San Luis Potosí,2021-11-01,92.68953743836671
24,San Luis Potosí,2021-12-01,92.96112550077329
24,San Luis Potosí,2022-01-01,93.2417664985934
24,San Luis Potosí,2022-02-01,94.12927320518273
24,San Luis Potosí,2022-03-01,94.93089216597308
24,San Luis Potosí,2022-04-01,95.8183988725624
24,San Luis Potosí,2022-05-01,95.86436273322715
24,San Luis Potosí,2022-06-01,95.91185872258075
24,San Luis Potosí,2022-07-01,95.9578225832455
24,San Luis Potosí,2022-08-01,96.6036543486544
24,San Luis Potosí,2022-09-01,97.24948611406332
24,San Luis Potosí,2022-10-01,97.8744845967171
24,San Luis Potosí,2022-11-01,98.69725505903857
24,San Luis Potosí,2022-12-01,99.49348453870452
24,San Luis Potosí,2023-01-01,100.316255001026
24,San Luis Potosí,2023-02-01,100.54122322040342
24,San Luis Potosí,2023-03-01,100.74442032177657
24,San Luis Potosí,2023-04-01,100.969388541154
24,San Luis Potosí,2023-05-01,102.67771301055664
24,San Luis Potosí,2023-06-01,104.44298162893936
24,San Luis Potosí,2023-07-01,106.151306098342
24,San Luis Potosí,2023-08-01,105.19064570038589
24,San Luis Potosí,2023-09-01,104.22998530242977
24,San Luis Potosí,2023-10-01,103.300313949569
24,San Luis Potosí,2023-11-01,103.3938267376655
24,San Luis Potosí,2023-12-01,103.4843229842105
24,San Luis Potosí,2024-01-01,103.577835772307
24,San Luis Potosí,2024-02-01,103.4972485688774
24,San Luis Potosí,2024-03-01,103.4218605398626
24,San Luis Potosí,2024-04-01,103.341273336433
24,San Luis Potosí,2024-05-01,103.59409545809685
24,San Luis Potosí,2024-06-01,103.85534498381617
24,San Luis Potosí,2024-07-01,104.10816710548
24,San Luis Potosí,2024-08-01,103.88357677305565
24,San Luis Potosí,2024-09-01,103.65898644063131
24,San Luis Potosí,2024-10-01,103.44164095764
24,San Luis Potosí,2024-11-01,103.98977592696467
24,San Luis Potosí,2024-12-01,104.52022912308533
25,Sinaloa,2004-01-01,72.7106099128566
25,Sinaloa,2004-02-01,73.04355331256876
25,Sinaloa,2004-03-01,73.35501649294464
25,Sinaloa,2004-04-01,73.6879598926568
25,Sinaloa,2004-05-01,74.01405218893063
25,Sinaloa,2004-06-01,74.35101422841358
25,Sinaloa,2004-07-01,74.6771065246874
25,Sinaloa,2004-08-01,74.71503106458381
25,Sinaloa,2004-09-01,74.75295560448022
25,Sinaloa,2004-10-01,74.7896567721219
25,Sinaloa,2004-11-01,74.59452406546734
25,Sinaloa,2004-12-01,74.40568596225326
25,Sinaloa,2005-01-01,74.2105532555987
25,Sinaloa,2005-02-01,74.13530817722778
25,Sinaloa,2005-03-01,74.0673448806347
25,Sinaloa,2005-04-01,73.9920998022638
25,Sinaloa,2005-05-01,73.57230938335606
25,Sinaloa,2005-06-01,73.13852595048473
25,Sinaloa,2005-07-01,72.718735531577
25,Sinaloa,2005-08-01,72.86148104581657
25,Sinaloa,2005-09-01,73.00422656005614
25,Sinaloa,2005-10-01,73.142367380288
25,Sinaloa,2005-11-01,74.56339476191773
25,Sinaloa,2005-12-01,75.93858255059166
25,Sinaloa,2006-01-01,77.3596099322214
25,Sinaloa,2006-02-01,76.7874902875114
25,Sinaloa,2006-03-01,76.2707370600314
25,Sinaloa,2006-04-01,75.6986174153214
25,Sinaloa,2006-05-01,75.83757925682913
25,Sinaloa,2006-06-01,75.98117315972047
25,Sinaloa,2006-07-01,76.1201350012282
25,Sinaloa,2006-08-01,76.62399952818308
25,Sinaloa,2006-09-01,77.12786405513793
25,Sinaloa,2006-10-01,77.6154748876749
25,Sinaloa,2006-11-01,77.90434920913589
25,Sinaloa,2006-12-01,78.18390500409812
25,Sinaloa,2007-01-01,78.4727793255591
25,Sinaloa,2007-02-01,79.04439666640201
25,Sinaloa,2007-03-01,79.56069620006659
25,Sinaloa,2007-04-01,80.1323135409095
25,Sinaloa,2007-05-01,80.83388905136545
25,Sinaloa,2007-06-01,81.55885041216995
25,Sinaloa,2007-07-01,82.2604259226259
25,Sinaloa,2007-08-01,82.30888249107294
25,Sinaloa,2007-09-01,82.35733905951996
25,Sinaloa,2007-10-01,82.4042325128558
25,Sinaloa,2007-11-01,82.61686528031848
25,Sinaloa,2007-12-01,82.82263892625012
25,Sinaloa,2008-01-01,83.0352716937128
25,Sinaloa,2008-02-01,83.98615680696184
25,Sinaloa,2008-03-01,84.87569449354966
25,Sinaloa,2008-04-01,85.8265796067987
25,Sinaloa,2008-05-01,85.72810366150708
25,Sinaloa,2008-06-01,85.62634518470573
25,Sinaloa,2008-07-01,85.5278692394141
25,Sinaloa,2008-08-01,84.6892594894277
25,Sinaloa,2008-09-01,83.8506497394413
25,Sinaloa,2008-10-01,83.0390919168738
25,Sinaloa,2008-11-01,82.46826249033036
25,Sinaloa,2008-12-01,81.91584691625604
25,Sinaloa,2009-01-01,81.3450174897126
25,Sinaloa,2009-02-01,81.1347755550091
25,Sinaloa,2009-03-01,80.94487961398659
25,Sinaloa,2009-04-01,80.7346376792831
25,Sinaloa,2009-05-01,80.68632774288056
25,Sinaloa,2009-06-01,80.63640747526463
25,Sinaloa,2009-07-01,80.5880975388621
25,Sinaloa,2009-08-01,82.24149935860356
25,Sinaloa,2009-09-01,83.89490117834504
25,Sinaloa,2009-10-01,85.4949674555142
25,Sinaloa,2009-11-01,84.4157384772897
25,Sinaloa,2009-12-01,83.37132333707241
25,Sinaloa,2010-01-01,82.2920943588479
25,Sinaloa,2010-02-01,83.35215114230867
25,Sinaloa,2010-03-01,84.30962178543453
25,Sinaloa,2010-04-01,85.3696785688953
25,Sinaloa,2010-05-01,85.08549615666497
25,Sinaloa,2010-06-01,84.79184099736032
25,Sinaloa,2010-07-01,84.50765858513
25,Sinaloa,2010-08-01,83.45539843948232
25,Sinaloa,2010-09-01,82.40313829383463
25,Sinaloa,2010-10-01,81.384822023853
25,Sinaloa,2010-11-01,80.98134240995502
25,Sinaloa,2010-12-01,80.59087826747309
25,Sinaloa,2011-01-01,80.1873986535751
25,Sinaloa,2011-02-01,80.44385705794507
25,Sinaloa,2011-03-01,80.67549690705343
25,Sinaloa,2011-04-01,80.9319553114234
25,Sinaloa,2011-05-01,85.00256667808246
25,Sinaloa,2011-06-01,89.20886509029684
25,Sinaloa,2011-07-01,93.2794764569559
25,Sinaloa,2011-08-01,91.45738982353548
25,Sinaloa,2011-09-01,89.63530319011507
25,Sinaloa,2011-10-01,87.8719935448695
25,Sinaloa,2011-11-01,88.12264757189126
25,Sinaloa,2011-12-01,88.36521598513814
25,Sinaloa,2012-01-01,88.6158700121599
25,Sinaloa,2012-02-01,88.17770739951193
25,Sinaloa,2012-03-01,87.76781334251868
25,Sinaloa,2012-04-01,87.3296507298707
25,Sinaloa,2012-05-01,87.7303428707508
25,Sinaloa,2012-06-01,88.1443914163269
25,Sinaloa,2012-07-01,88.545083557207
25,Sinaloa,2012-08-01,88.42193145989049
25,Sinaloa,2012-09-01,88.29877936257397
25,Sinaloa,2012-10-01,88.179599913558
25,Sinaloa,2012-11-01,88.52460247225454
25,Sinaloa,2012-12-01,88.85847591615445
25,Sinaloa,2013-01-01,89.203478474851
25,Sinaloa,2013-02-01,89.27115427245454
25,Sinaloa,2013-03-01,89.33228079932226
25,Sinaloa,2013-04-01,89.3999565969258
25,Sinaloa,2013-05-01,87.96914005756796
25,Sinaloa,2013-06-01,86.49062963356485
25,Sinaloa,2013-07-01,85.059813094207
25,Sinaloa,2013-08-01,86.58022214136383
25,Sinaloa,2013-09-01,88.10063118852067
25,Sinaloa,2013-10-01,89.5719947825434
25,Sinaloa,2013-11-01,88.21669097451455
25,Sinaloa,2013-12-01,86.90510664416405
25,Sinaloa,2014-01-01,85.5498028361352
25,Sinaloa,2014-02-01,86.34175608044318
25,Sinaloa,2014-03-01,87.05706868820522
25,Sinaloa,2014-04-01,87.8490219325132
25,Sinaloa,2014-05-01,88.37888660645861
25,Sinaloa,2014-06-01,88.92641343620218
25,Sinaloa,2014-07-01,89.4562781101476
25,Sinaloa,2014-08-01,89.79564113248072
25,Sinaloa,2014-09-01,90.13500415481387
25,Sinaloa,2014-10-01,90.4634199828782
25,Sinaloa,2014-11-01,90.82806144988481
25,Sinaloa,2014-12-01,91.18094028892348
25,Sinaloa,2015-01-01,91.5455817559301
25,Sinaloa,2015-02-01,90.90437170812058
25,Sinaloa,2015-03-01,90.32521424558293
25,Sinaloa,2015-04-01,89.6840041977734
25,Sinaloa,2015-05-01,90.81814410271255
25,Sinaloa,2015-06-01,91.99008867114965
25,Sinaloa,2015-07-01,93.1242285760888
25,Sinaloa,2015-08-01,93.25896285373037
25,Sinaloa,2015-09-01,93.39369713137192
25,Sinaloa,2015-10-01,93.5240851419928
25,Sinaloa,2015-11-01,94.14902921812023
25,Sinaloa,2015-12-01,94.75381380792096
25,Sinaloa,2016-01-01,95.3787578840484
25,Sinaloa,2016-02-01,95.56763188601153
25,Sinaloa,2016-03-01,95.74432046849317
25,Sinaloa,2016-04-01,95.9331944704563
25,Sinaloa,2016-05-01,95.75689623180386
25,Sinaloa,2016-06-01,95.57472138519634
25,Sinaloa,2016-07-01,95.3984231465439
25,Sinaloa,2016-08-01,96.01782858099975
25,Sinaloa,2016-09-01,96.63723401545558
25,Sinaloa,2016-10-01,97.2366586294451
25,Sinaloa,2016-11-01,96.79541304227524
25,Sinaloa,2016-12-01,96.36840118372376
25,Sinaloa,2017-01-01,95.9271555965539
25,Sinaloa,2017-02-01,96.98659004414803
25,Sinaloa,2017-03-01,97.94349857745887
25,Sinaloa,2017-04-01,99.002933025053
25,Sinaloa,2017-05-01,99.03066838840209
25,Sinaloa,2017-06-01,99.05932826386281
25,Sinaloa,2017-07-01,99.0870636272119
25,Sinaloa,2017-08-01,99.30658839340084
25,Sinaloa,2017-09-01,99.52611315958978
25,Sinaloa,2017-10-01,99.7385564817081
25,Sinaloa,2017-11-01,100.16917507936172
25,Sinaloa,2017-12-01,100.58590275451039
25,Sinaloa,2018-01-01,101.016521352164
25,Sinaloa,2018-02-01,100.87687854358154
25,Sinaloa,2018-03-01,100.75074955518447
25,Sinaloa,2018-04-01,100.611106746602
25,Sinaloa,2018-05-01,100.41823055825937
25,Sinaloa,2018-06-01,100.21892516363864
25,Sinaloa,2018-07-01,100.026048975296
25,Sinaloa,2018-08-01,99.58588981458583
25,Sinaloa,2018-09-01,99.14573065387563
25,Sinaloa,2018-10-01,98.719770175769
25,Sinaloa,2018-11-01,99.52152609885773
25,Sinaloa,2018-12-01,100.29741892765327
25,Sinaloa,2019-01-01,101.099174850742
25,Sinaloa,2019-02-01,100.11493975852972
25,Sinaloa,2019-03-01,99.22595322362828
25,Sinaloa,2019-04-01,98.241718131416
25,Sinaloa,2019-05-01,98.23681318967178
25,Sinaloa,2019-06-01,98.23174474986942
25,Sinaloa,2019-07-01,98.2268398081252
25,Sinaloa,2019-08-01,98.2266830937238
25,Sinaloa,2019-09-01,98.22652637932242
25,Sinaloa,2019-10-01,98.2263747202243
25,Sinaloa,2019-11-01,98.08249597526759
25,Sinaloa,2019-12-01,97.9432584801482
25,Sinaloa,2020-01-01,97.7993797351915
25,Sinaloa,2020-02-01,92.56552272501287
25,Sinaloa,2020-03-01,87.66933390903932
25,Sinaloa,2020-04-01,82.4354768988607
25,Sinaloa,2020-05-01,85.66400890171116
25,Sinaloa,2020-06-01,89.00015863798994
25,Sinaloa,2020-07-01,92.2286906408404
25,Sinaloa,2020-08-01,92.86794592338325
25,Sinaloa,2020-09-01,93.5072012059261
25,Sinaloa,2020-10-01,94.1258353503224
25,Sinaloa,2020-11-01,94.76256032682643
25,Sinaloa,2020-12-01,95.37874578795937
25,Sinaloa,2021-01-01,96.0154707644634
25,Sinaloa,2021-02-01,95.81650810833408
25,Sinaloa,2021-03-01,95.63679990279792
25,Sinaloa,2021-04-01,95.4378372466686
25,Sinaloa,2021-05-01,95.56447317790929
25,Sinaloa,2021-06-01,95.695330306858
25,Sinaloa,2021-07-01,95.8219662380987
25,Sinaloa,2021-08-01,96.19471368113675
25,Sinaloa,2021-09-01,96.56746112417478
25,Sinaloa,2021-10-01,96.9281844561471
25,Sinaloa,2021-11-01,96.2920815075923
25,Sinaloa,2021-12-01,95.67649800899089
25,Sinaloa,2022-01-01,95.0403950604361
25,Sinaloa,2022-02-01,95.66255354691555
25,Sinaloa,2022-03-01,96.22450314760665
25,Sinaloa,2022-04-01,96.8466616340861
25,Sinaloa,2022-05-01,97.22795232836778
25,Sinaloa,2022-06-01,97.62195271245882
25,Sinaloa,2022-07-01,98.0032434067405
25,Sinaloa,2022-08-01,99.02113193291115
25,Sinaloa,2022-09-01,100.03902045908178
25,Sinaloa,2022-10-01,101.024073871505
25,Sinaloa,2022-11-01,100.0726223281018
25,Sinaloa,2022-12-01,99.1518627699697
25,Sinaloa,2023-01-01,98.2004112265665
25,Sinaloa,2023-02-01,98.43619554455059
25,Sinaloa,2023-03-01,98.64916202531042
25,Sinaloa,2023-04-01,98.8849463432945
25,Sinaloa,2023-05-01,98.7673655995622
25,Sinaloa,2023-06-01,98.6458654977055
25,Sinaloa,2023-07-01,98.5282847539732
25,Sinaloa,2023-08-01,97.8504190964086
25,Sinaloa,2023-09-01,97.172553438844
25,Sinaloa,2023-10-01,96.5165544153944
25,Sinaloa,2023-11-01,97.59516667197519
25,Sinaloa,2023-12-01,98.6389849847953
25,Sinaloa,2024-01-01,99.7175972413761
25,Sinaloa,2024-02-01,99.11064692028191
25,Sinaloa,2024-03-01,98.5428546844196
25,Sinaloa,2024-04-01,97.9359043633254
25,Sinaloa,2024-05-01,98.07348950445596
25,Sinaloa,2024-06-01,98.21566081695754
25,Sinaloa,2024-07-01,98.3532459580881
25,Sinaloa,2024-08-01,96.66171791053021
25,Sinaloa,2024-09-01,94.97018986297232
25,Sinaloa,2024-10-01,93.3332272363034
25,Sinaloa,2024-11-01,95.56385775894144
25,Sinaloa,2024-12-01,97.72253245826856
26,Sonora,2004-01-01,65.5126709208655
26,Sonora,2004-02-01,66.05106530065852
26,Sonora,2004-03-01,66.55472455917459
26,Sonora,2004-04-01,67.0931189389676
26,Sonora,2004-05-01,67.4834406072519
26,Sonora,2004-06-01,67.88677299781232
26,Sonora,2004-07-01,68.2770946660966
26,Sonora,2004-08-01,68.10847872059044
26,Sonora,2004-09-01,67.93986277508428
26,Sonora,2004-10-01,67.7766860536267
26,Sonora,2004-11-01,68.03618792454566
26,Sonora,2004-12-01,68.28731876737045
26,Sonora,2005-01-01,68.5468206382894
26,Sonora,2005-02-01,68.59515217033203
26,Sonora,2005-03-01,68.63880645733828
26,Sonora,2005-04-01,68.6871379893809
26,Sonora,2005-05-01,69.39570473197915
26,Sonora,2005-06-01,70.12789036599735
26,Sonora,2005-07-01,70.8364571085956
26,Sonora,2005-08-01,71.97183010141599
26,Sonora,2005-09-01,73.10720309423638
26,Sonora,2005-10-01,74.2059511518045
26,Sonora,2005-11-01,75.07433089180414
26,Sonora,2005-12-01,75.91469838212636
26,Sonora,2006-01-01,76.783078122126
26,Sonora,2006-02-01,75.4908812792202
26,Sonora,2006-03-01,74.3237357436924
26,Sonora,2006-04-01,73.0315389007866
26,Sonora,2006-05-01,74.01615049069936
26,Sonora,2006-06-01,75.03358246694253
26,Sonora,2006-07-01,76.0181940568553
26,Sonora,2006-08-01,76.82773344955336
26,Sonora,2006-09-01,77.63727284225143
26,Sonora,2006-10-01,78.4206980609915
26,Sonora,2006-11-01,78.66544050534982
26,Sonora,2006-12-01,78.90228803214818
26,Sonora,2007-01-01,79.1470304765065
26,Sonora,2007-02-01,78.64270713744772
26,Sonora,2007-03-01,78.18718928281399
26,Sonora,2007-04-01,77.6828659437552
26,Sonora,2007-05-01,77.35127357136885
26,Sonora,2007-06-01,77.00862811990295
26,Sonora,2007-07-01,76.6770357475166
26,Sonora,2007-08-01,76.30437167190843
26,Sonora,2007-09-01,75.93170759630026
26,Sonora,2007-10-01,75.5710649424859
26,Sonora,2007-11-01,75.8034662179551
26,Sonora,2007-12-01,76.0283706780866
26,Sonora,2008-01-01,76.2607719535558
26,Sonora,2008-02-01,77.2344663229726
26,Sonora,2008-03-01,78.14534170081411
26,Sonora,2008-04-01,79.1190360702309
26,Sonora,2008-05-01,78.79992993284023
26,Sonora,2008-06-01,78.47018692420318
26,Sonora,2008-07-01,78.1510807868125
26,Sonora,2008-08-01,77.987237607479
26,Sonora,2008-09-01,77.82339442814552
26,Sonora,2008-10-01,77.6648365126615
26,Sonora,2008-11-01,74.8796033643446
26,Sonora,2008-12-01,72.18421644661859
26,Sonora,2009-01-01,69.3989832983017
26,Sonora,2009-02-01,70.62535594962043
26,Sonora,2009-03-01,71.73304737661798
26,Sonora,2009-04-01,72.9594200279367
26,Sonora,2009-05-01,73.04212651101204
26,Sonora,2009-06-01,73.12758987685656
26,Sonora,2009-07-01,73.2102963599319
26,Sonora,2009-08-01,73.44277708825099
26,Sonora,2009-09-01,73.67525781657008
26,Sonora,2009-10-01,73.9002391665563
26,Sonora,2009-11-01,74.11913433802631
26,Sonora,2009-12-01,74.3309683749328
26,Sonora,2010-01-01,74.5498635464028
26,Sonora,2010-02-01,74.5868060505675
26,Sonora,2010-03-01,74.620173473684
26,Sonora,2010-04-01,74.6571159778487
26,Sonora,2010-05-01,74.82043219117539
26,Sonora,2010-06-01,74.98919227827962
26,Sonora,2010-07-01,75.1525084916063
26,Sonora,2010-08-01,75.64463185132554
26,Sonora,2010-09-01,76.13675521104479
26,Sonora,2010-10-01,76.6130036236763
26,Sonora,2010-11-01,77.14421102044072
26,Sonora,2010-12-01,77.65828269472888
26,Sonora,2011-01-01,78.1894900914933
26,Sonora,2011-02-01,78.98032180068508
26,Sonora,2011-03-01,79.69462140898732
26,Sonora,2011-04-01,80.4854531181791
26,Sonora,2011-05-01,81.76159213080763
26,Sonora,2011-06-01,83.08026911052377
26,Sonora,2011-07-01,84.3564081231523
26,Sonora,2011-08-01,84.9006442913114
26,Sonora,2011-09-01,85.4448804594705
26,Sonora,2011-10-01,85.9715606222051
26,Sonora,2011-11-01,86.05643956510777
26,Sonora,2011-12-01,86.13858047759423
26,Sonora,2012-01-01,86.2234594204969
26,Sonora,2012-02-01,86.26468291793489
26,Sonora,2012-03-01,86.303246834893
26,Sonora,2012-04-01,86.344470332331
26,Sonora,2012-05-01,86.19656596663516
26,Sonora,2012-06-01,86.04373145541614
26,Sonora,2012-07-01,85.8958270897203
26,Sonora,2012-08-01,86.32900276533483
26,Sonora,2012-09-01,86.76217844094936
26,Sonora,2012-10-01,87.1813807076731
26,Sonora,2012-11-01,87.96927249979426
26,Sonora,2012-12-01,88.73174842765344
26,Sonora,2013-01-01,89.5196402197746
26,Sonora,2013-02-01,89.9377305575542
26,Sonora,2013-03-01,90.3153605400648
26,Sonora,2013-04-01,90.7334508778444
26,Sonora,2013-05-01,90.61644535931384
26,Sonora,2013-06-01,90.49553965683226
26,Sonora,2013-07-01,90.3785341383017
26,Sonora,2013-08-01,90.47028010173929
26,Sonora,2013-09-01,90.56202606517688
26,Sonora,2013-10-01,90.6508124814068
26,Sonora,2013-11-01,90.45479683584695
26,Sonora,2013-12-01,90.26510427562775
26,Sonora,2014-01-01,90.0690886300679
26,Sonora,2014-02-01,90.65288562441346
26,Sonora,2014-03-01,91.18018613543524
26,Sonora,2014-04-01,91.7639831297808
26,Sonora,2014-05-01,91.99484488416331
26,Sonora,2014-06-01,92.23340203035859
26,Sonora,2014-07-01,92.4642637847411
26,Sonora,2014-08-01,92.84199278656465
26,Sonora,2014-09-01,93.2197217883882
26,Sonora,2014-10-01,93.5852659837013
26,Sonora,2014-11-01,93.8881627043547
26,Sonora,2014-12-01,94.18128856305151
26,Sonora,2015-01-01,94.4841852837049
26,Sonora,2015-02-01,94.63580969811231
26,Sonora,2015-03-01,94.77276078209319
26,Sonora,2015-04-01,94.9243851965006
26,Sonora,2015-05-01,95.93690882336904
26,Sonora,2015-06-01,96.98318323779975
26,Sonora,2015-07-01,97.9957068646682
26,Sonora,2015-08-01,98.57812808970489
26,Sonora,2015-09-01,99.16054931474159
26,Sonora,2015-10-01,99.7241827583255
26,Sonora,2015-11-01,100.27961373774006
26,Sonora,2015-12-01,100.81712758878643
26,Sonora,2016-01-01,101.372558568201
26,Sonora,2016-02-01,100.90081062095717
26,Sonora,2016-03-01,100.45949802514842
26,Sonora,2016-04-01,99.9877500779046
26,Sonora,2016-05-01,100.42557125946297
26,Sonora,2016-06-01,100.87798648040662
26,Sonora,2016-07-01,101.315807661965
26,Sonora,2016-08-01,101.11358596363827
26,Sonora,2016-09-01,100.91136426531155
26,Sonora,2016-10-01,100.715665847576
26,Sonora,2016-11-01,100.46212350749059
26,Sonora,2016-12-01,100.21675995256922
26,Sonora,2017-01-01,99.9632176124838
26,Sonora,2017-02-01,100.45022610199234
26,Sonora,2017-03-01,100.89010473767746
26,Sonora,2017-04-01,101.377113227186
26,Sonora,2017-05-01,100.8402339096928
26,Sonora,2017-06-01,100.2854586149498
26,Sonora,2017-07-01,99.7485792974566
26,Sonora,2017-08-01,99.9553290646874
26,Sonora,2017-09-01,100.16207883191821
26,Sonora,2017-10-01,100.362159251819
26,Sonora,2017-11-01,100.36880205229612
26,Sonora,2017-12-01,100.37523056888688
26,Sonora,2018-01-01,100.381873369364
26,Sonora,2018-02-01,100.04410354212116
26,Sonora,2018-03-01,99.73902111751474
26,Sonora,2018-04-01,99.4012512902719
26,Sonora,2018-05-01,99.59626124771442
26,Sonora,2018-06-01,99.79777153707168
26,Sonora,2018-07-01,99.9927814945142
26,Sonora,2018-08-01,100.16881596330086
26,Sonora,2018-09-01,100.34485043208753
26,Sonora,2018-10-01,100.515206369623
26,Sonora,2018-11-01,100.4569669298087
26,Sonora,2018-12-01,100.4006061816013
26,Sonora,2019-01-01,100.342366741787
26,Sonora,2019-02-01,100.45364879329227
26,Sonora,2019-03-01,100.55416161400673
26,Sonora,2019-04-01,100.665443665512
26,Sonora,2019-05-01,100.89209520887881
26,Sonora,2019-06-01,101.12630180369119
26,Sonora,2019-07-01,101.352953347058
26,Sonora,2019-08-01,100.40341635366455
26,Sonora,2019-09-01,99.4538793602711
26,Sonora,2019-10-01,98.534972592471
26,Sonora,2019-11-01,99.21928000704068
26,Sonora,2019-12-01,99.8815129888823
26,Sonora,2020-01-01,100.565820403452
26,Sonora,2020-02-01,95.06237303595667
26,Sonora,2020-03-01,89.91398678894492
26,Sonora,2020-04-01,84.4105394214496
26,Sonora,2020-05-01,87.51209441248481
26,Sonora,2020-06-01,90.71703456988789
26,Sonora,2020-07-01,93.8185895609231
26,Sonora,2020-08-01,94.82371853982225
26,Sonora,2020-09-01,95.8288475187214
26,Sonora,2020-10-01,96.8015529821722
26,Sonora,2020-11-01,96.62924109334517
26,Sonora,2020-12-01,96.46248765254482
26,Sonora,2021-01-01,96.2901757637178
26,Sonora,2021-02-01,96.61599131571074
26,Sonora,2021-03-01,96.91027633041405
26,Sonora,2021-04-01,97.236091882407
26,Sonora,2021-05-01,97.30704360949444
26,Sonora,2021-06-01,97.38036039415145
26,Sonora,2021-07-01,97.4513121212389
26,Sonora,2021-08-01,97.70589766098318
26,Sonora,2021-09-01,97.96048320072747
26,Sonora,2021-10-01,98.2068563037058
26,Sonora,2021-11-01,98.73817093648924
26,Sonora,2021-12-01,99.25234638756997
26,Sonora,2022-01-01,99.7836610203534
26,Sonora,2022-02-01,99.80244355465402
26,Sonora,2022-03-01,99.81940842434489
26,Sonora,2022-04-01,99.8381909586455
26,Sonora,2022-05-01,100.06341925058094
26,Sonora,2022-06-01,100.29615515224756
26,Sonora,2022-07-01,100.521383444183
26,Sonora,2022-08-01,101.01360550039519
26,Sonora,2022-09-01,101.50582755660737
26,Sonora,2022-10-01,101.982171481974
26,Sonora,2022-11-01,102.44123391652187
26,Sonora,2022-12-01,102.88548788543913
26,Sonora,2023-01-01,103.344550319987
26,Sonora,2023-02-01,103.63896413803468
26,Sonora,2023-03-01,103.90488629627131
26,Sonora,2023-04-01,104.199300114319
26,Sonora,2023-05-01,105.02168463485164
26,Sonora,2023-06-01,105.87148197273537
26,Sonora,2023-07-01,106.693866493268
26,Sonora,2023-08-01,106.19375654604646
26,Sonora,2023-09-01,105.69364659882491
26,Sonora,2023-10-01,105.209669230546
26,Sonora,2023-11-01,104.80047613432149
26,Sonora,2023-12-01,104.40448281539453
26,Sonora,2024-01-01,103.99528971917
26,Sonora,2024-02-01,104.04545915023026
26,Sonora,2024-03-01,104.09239184380274
26,Sonora,2024-04-01,104.142561274863
26,Sonora,2024-05-01,103.94486785836432
26,Sonora,2024-06-01,103.74058466131568
26,Sonora,2024-07-01,103.542891244817
26,Sonora,2024-08-01,103.42458471407353
26,Sonora,2024-09-01,103.30627818333006
26,Sonora,2024-10-01,103.191787992288
26,Sonora,2024-11-01,103.35450546406618
26,Sonora,2024-12-01,103.51197398514182
27,Tabasco,2004-01-01,84.6268666807679
27,Tabasco,2004-02-01,84.8324722439485
27,Tabasco,2004-03-01,85.0248129320852
27,Tabasco,2004-04-01,85.2304184952658
27,Tabasco,2004-05-01,85.98797873842588
27,Tabasco,2004-06-01,86.77079098969132
27,Tabasco,2004-07-01,87.5283512328514
27,Tabasco,2004-08-01,87.96055150666385
27,Tabasco,2004-09-01,88.39275178047629
27,Tabasco,2004-10-01,88.8110101099722
27,Tabasco,2004-11-01,89.22528454490158
27,Tabasco,2004-12-01,89.62619528838162
27,Tabasco,2005-01-01,90.040469723311
27,Tabasco,2005-02-01,91.13282863627707
27,Tabasco,2005-03-01,92.11947539637544
27,Tabasco,2005-04-01,93.2118343093415
27,Tabasco,2005-05-01,93.5304763719755
27,Tabasco,2005-06-01,93.8597398366973
27,Tabasco,2005-07-01,94.1783818993313
27,Tabasco,2005-08-01,95.20579394314402
27,Tabasco,2005-09-01,96.23320598695673
27,Tabasco,2005-10-01,97.2274757067755
27,Tabasco,2005-11-01,97.80843071007598
27,Tabasco,2005-12-01,98.37064522939902
27,Tabasco,2006-01-01,98.9516002326995
27,Tabasco,2006-02-01,99.11028633119291
27,Tabasco,2006-03-01,99.25361571047729
27,Tabasco,2006-04-01,99.4123018089707
27,Tabasco,2006-05-01,100.63278210056596
27,Tabasco,2006-06-01,101.89394506854774
27,Tabasco,2006-07-01,103.114425360143
27,Tabasco,2006-08-01,103.18252979154973
27,Tabasco,2006-09-01,103.25063422295644
27,Tabasco,2006-10-01,103.316541737221
27,Tabasco,2006-11-01,103.62143471826097
27,Tabasco,2006-12-01,103.91649244184804
27,Tabasco,2007-01-01,104.221385422888
27,Tabasco,2007-02-01,103.97567164810074
27,Tabasco,2007-03-01,103.75373662571226
27,Tabasco,2007-04-01,103.508022850925
27,Tabasco,2007-05-01,103.58636233767467
27,Tabasco,2007-06-01,103.66731314064933
27,Tabasco,2007-07-01,103.745652627399
27,Tabasco,2007-08-01,104.1186348374905
27,Tabasco,2007-09-01,104.491617047582
27,Tabasco,2007-10-01,104.852567573477
27,Tabasco,2007-11-01,105.01588152201714
27,Tabasco,2007-12-01,105.17392727866887
27,Tabasco,2008-01-01,105.337241227209
27,Tabasco,2008-02-01,106.19793958056431
27,Tabasco,2008-03-01,107.0031090078967
27,Tabasco,2008-04-01,107.863807361252
27,Tabasco,2008-05-01,107.60398920675793
27,Tabasco,2008-06-01,107.33551044711407
27,Tabasco,2008-07-01,107.07569229262
27,Tabasco,2008-08-01,108.45414493376585
27,Tabasco,2008-09-01,109.83259757491167
27,Tabasco,2008-10-01,111.166584001827
27,Tabasco,2008-11-01,110.36662894387923
27,Tabasco,2008-12-01,109.59247888780077
27,Tabasco,2009-01-01,108.792523829853
27,Tabasco,2009-02-01,109.73332945796132
27,Tabasco,2009-03-01,110.58308938012368
27,Tabasco,2009-04-01,111.523895008232
27,Tabasco,2009-05-01,111.70393451604002
27,Tabasco,2009-06-01,111.88997534077498
27,Tabasco,2009-07-01,112.070014848583
27,Tabasco,2009-08-01,112.32431680093822
27,Tabasco,2009-09-01,112.57861875329343
27,Tabasco,2009-10-01,112.824717416863
27,Tabasco,2009-11-01,114.19708989047936
27,Tabasco,2009-12-01,115.52519228430164
27,Tabasco,2010-01-01,116.897564757918
27,Tabasco,2010-02-01,117.19377784009093
27,Tabasco,2010-03-01,117.46132514011808
27,Tabasco,2010-04-01,117.757538222291
27,Tabasco,2010-05-01,117.42609470497693
27,Tabasco,2010-06-01,117.08360307041907
27,Tabasco,2010-07-01,116.752159553105
27,Tabasco,2010-08-01,116.63539922846562
27,Tabasco,2010-09-01,116.51863890382624
27,Tabasco,2010-10-01,116.405645041272
27,Tabasco,2010-11-01,117.15619271042532
27,Tabasco,2010-12-01,117.88252916444468
27,Tabasco,2011-01-01,118.633076833598
27,Tabasco,2011-02-01,118.84831649491416
27,Tabasco,2011-03-01,119.04272651158684
27,Tabasco,2011-04-01,119.257966172903
27,Tabasco,2011-05-01,120.31919850363552
27,Tabasco,2011-06-01,121.41580524539248
27,Tabasco,2011-07-01,122.477037576125
27,Tabasco,2011-08-01,123.41836631233619
27,Tabasco,2011-09-01,124.35969504854738
27,Tabasco,2011-10-01,125.270658341655
27,Tabasco,2011-11-01,124.95081802287093
27,Tabasco,2011-12-01,124.64129513372507
27,Tabasco,2012-01-01,124.321454814941
27,Tabasco,2012-02-01,125.39585982898636
27,Tabasco,2012-03-01,126.40094839051265
27,Tabasco,2012-04-01,127.475353404558
27,Tabasco,2012-05-01,127.58408787848427
27,Tabasco,2012-06-01,127.69644683487473
27,Tabasco,2012-07-01,127.805181308801
27,Tabasco,2012-08-01,127.72192524512485
27,Tabasco,2012-09-01,127.63866918144872
27,Tabasco,2012-10-01,127.558098797246
27,Tabasco,2012-11-01,127.19904391209128
27,Tabasco,2012-12-01,126.85157144258672
27,Tabasco,2013-01-01,126.492516557432
27,Tabasco,2013-02-01,126.17035368301674
27,Tabasco,2013-03-01,125.87936786096425
27,Tabasco,2013-04-01,125.557204986549
27,Tabasco,2013-05-01,126.21968915503163
27,Tabasco,2013-06-01,126.90425612913036
27,Tabasco,2013-07-01,127.566740297613
27,Tabasco,2013-08-01,128.65287084306706
27,Tabasco,2013-09-01,129.73900138852113
27,Tabasco,2013-10-01,130.790095464767
27,Tabasco,2013-11-01,130.42077485068123
27,Tabasco,2013-12-01,130.06336780479177
27,Tabasco,2014-01-01,129.694047190706
27,Tabasco,2014-02-01,129.6580932700044
27,Tabasco,2014-03-01,129.6256187609836
27,Tabasco,2014-04-01,129.589664840282
27,Tabasco,2014-05-01,129.7204320683074
27,Tabasco,2014-06-01,129.8555582039336
27,Tabasco,2014-07-01,129.986325431959
27,Tabasco,2014-08-01,126.55869710933449
27,Tabasco,2014-09-01,123.13106878670997
27,Tabasco,2014-10-01,119.814009119654
27,Tabasco,2014-11-01,118.91453511827027
27,Tabasco,2014-12-01,118.04407640725374
27,Tabasco,2015-01-01,117.14460240587
27,Tabasco,2015-02-01,117.21527838613272
27,Tabasco,2015-03-01,117.27911475540228
27,Tabasco,2015-04-01,117.349790735665
27,Tabasco,2015-05-01,117.66174255901807
27,Tabasco,2015-06-01,117.98409277648292
27,Tabasco,2015-07-01,118.296044599836
27,Tabasco,2015-08-01,118.20095315011027
27,Tabasco,2015-09-01,118.10586170038454
27,Tabasco,2015-10-01,118.013837716779
27,Tabasco,2015-11-01,117.74761794325674
27,Tabasco,2015-12-01,117.48998590436425
27,Tabasco,2016-01-01,117.223766130842
27,Tabasco,2016-02-01,116.5957021323673
27,Tabasco,2016-03-01,116.0081583918587
27,Tabasco,2016-04-01,115.380094393384
27,Tabasco,2016-05-01,113.78140920460454
27,Tabasco,2016-06-01,112.12943450953246
27,Tabasco,2016-07-01,110.530749320753
27,Tabasco,2016-08-01,110.10970471922289
27,Tabasco,2016-09-01,109.68866011769279
27,Tabasco,2016-10-01,109.281197600083
27,Tabasco,2016-11-01,109.06211228231868
27,Tabasco,2016-12-01,108.85009423286932
27,Tabasco,2017-01-01,108.631008915105
27,Tabasco,2017-02-01,108.42859969078833
27,Tabasco,2017-03-01,108.24577845592167
27,Tabasco,2017-04-01,108.043369231605
27,Tabasco,2017-05-01,107.63316767050104
27,Tabasco,2017-06-01,107.20929272402697
27,Tabasco,2017-07-01,106.799091162923
27,Tabasco,2017-08-01,105.78609566087108
27,Tabasco,2017-09-01,104.77310015881918
27,Tabasco,2017-10-01,103.792781931027
27,Tabasco,2017-11-01,103.83432234171062
27,Tabasco,2017-12-01,103.87452273914637
27,Tabasco,2018-01-01,103.91606314983
27,Tabasco,2018-02-01,103.45861194028794
27,Tabasco,2018-03-01,103.04543020263706
27,Tabasco,2018-04-01,102.587978993095
27,Tabasco,2018-05-01,101.584907672
27,Tabasco,2018-06-01,100.5484006402018
27,Tabasco,2018-07-01,99.5453293191068
27,Tabasco,2018-08-01,97.88595150146803
27,Tabasco,2018-09-01,96.22657368382924
27,Tabasco,2018-10-01,94.6207241828885
27,Tabasco,2018-11-01,93.4401291471005
27,Tabasco,2018-12-01,92.29761782214439
27,Tabasco,2019-01-01,91.1170227863564
27,Tabasco,2019-02-01,91.60486445769399
27,Tabasco,2019-03-01,92.04549564470861
27,Tabasco,2019-04-01,92.5333373160462
27,Tabasco,2019-05-01,93.72271505914689
27,Tabasco,2019-06-01,94.95173872701761
27,Tabasco,2019-07-01,96.1411164701183
27,Tabasco,2019-08-01,96.8685067537747
27,Tabasco,2019-09-01,97.5958970374311
27,Tabasco,2019-10-01,98.2998231183889
27,Tabasco,2019-11-01,98.81651386613011
27,Tabasco,2019-12-01,99.31653717039579
27,Tabasco,2020-01-01,99.833227918137
27,Tabasco,2020-02-01,98.02220020789314
27,Tabasco,2020-03-01,96.32801299508436
27,Tabasco,2020-04-01,94.5169852848405
27,Tabasco,2020-05-01,95.89572433008173
27,Tabasco,2020-06-01,97.32042134349767
27,Tabasco,2020-07-01,98.6991603887389
27,Tabasco,2020-08-01,99.88492147372938
27,Tabasco,2020-09-01,101.07068255871987
27,Tabasco,2020-10-01,102.21819328613
27,Tabasco,2020-11-01,103.27173692305011
27,Tabasco,2020-12-01,104.2912952813599
27,Tabasco,2021-01-01,105.34483891828
27,Tabasco,2021-02-01,107.60713663171948
27,Tabasco,2021-03-01,109.65050230837451
27,Tabasco,2021-04-01,111.912800021814
27,Tabasco,2021-05-01,114.51731203827289
27,Tabasco,2021-06-01,117.2086411219471
27,Tabasco,2021-07-01,119.813153138406
27,Tabasco,2021-08-01,122.12655333389019
27,Tabasco,2021-09-01,124.43995352937436
27,Tabasco,2021-10-01,126.678727912101
27,Tabasco,2021-11-01,128.43044218808956
27,Tabasco,2021-12-01,130.12564955194946
27,Tabasco,2022-01-01,131.877363827938
27,Tabasco,2022-02-01,132.60536198043349
27,Tabasco,2022-03-01,133.26290869881652
27,Tabasco,2022-04-01,133.990906851312
27,Tabasco,2022-05-01,135.29620086631925
27,Tabasco,2022-06-01,136.64500468182675
27,Tabasco,2022-07-01,137.950298696834
27,Tabasco,2022-08-01,138.56272592981736
27,Tabasco,2022-09-01,139.17515316280068
27,Tabasco,2022-10-01,139.767824678591
27,Tabasco,2022-11-01,140.20547310058706
27,Tabasco,2022-12-01,140.62900383155096
27,Tabasco,2023-01-01,141.066652253547
27,Tabasco,2023-02-01,141.43932647763376
27,Tabasco,2023-03-01,141.77593545422826
27,Tabasco,2023-04-01,142.148609678315
27,Tabasco,2023-05-01,139.7030918044606
27,Tabasco,2023-06-01,137.1760566681444
27,Tabasco,2023-07-01,134.73053879429
27,Tabasco,2023-08-01,134.65194685062121
27,Tabasco,2023-09-01,134.57335490695246
27,Tabasco,2023-10-01,134.497298187273
27,Tabasco,2023-11-01,135.1122125683428
27,Tabasco,2023-12-01,135.70729100163618
27,Tabasco,2024-01-01,136.322205382706
27,Tabasco,2024-02-01,133.77818862438906
27,Tabasco,2024-03-01,131.39830197951193
27,Tabasco,2024-04-01,128.854285221195
27,Tabasco,2024-05-01,128.18701138916984
27,Tabasco,2024-06-01,127.49749509607716
27,Tabasco,2024-07-01,126.830221264052
27,Tabasco,2024-08-01,125.23470801526915
27,Tabasco,2024-09-01,123.63919476648628
27,Tabasco,2024-10-01,122.095149687019
27,Tabasco,2024-11-01,121.42288588991843
27,Tabasco,2024-12-01,120.77230802175657
28,Tamaulipas,2004-01-01,80.5489752293789
28,Tamaulipas,2004-02-01,81.05928369223223
28,Tamaulipas,2004-03-01,81.53666902844986
28,Tamaulipas,2004-04-01,82.0469774913032
28,Tamaulipas,2004-05-01,82.77343808163353
28,Tamaulipas,2004-06-01,83.52411402497486
28,Tamaulipas,2004-07-01,84.2505746153052
28,Tamaulipas,2004-08-01,84.45369637084086
28,Tamaulipas,2004-09-01,84.65681812637654
28,Tamaulipas,2004-10-01,84.8533875672175
28,Tamaulipas,2004-11-01,85.21913275997814
28,Tamaulipas,2004-12-01,85.57307972071426
28,Tamaulipas,2005-01-01,85.9388249134749
28,Tamaulipas,2005-02-01,86.32472633241439
28,Tamaulipas,2005-03-01,86.67328245274682
28,Tamaulipas,2005-04-01,87.0591838716863
28,Tamaulipas,2005-05-01,86.9331636424462
28,Tamaulipas,2005-06-01,86.8029427388981
28,Tamaulipas,2005-07-01,86.676922509658
28,Tamaulipas,2005-08-01,87.48737095483352
28,Tamaulipas,2005-09-01,88.29781940000905
28,Tamaulipas,2005-10-01,89.0821243469531
28,Tamaulipas,2005-11-01,89.00653912463301
28,Tamaulipas,2005-12-01,88.93339213529099
28,Tamaulipas,2006-01-01,88.8578069129709
28,Tamaulipas,2006-02-01,89.00206578329818
28,Tamaulipas,2006-03-01,89.13236411778732
28,Tamaulipas,2006-04-01,89.2766229881146
28,Tamaulipas,2006-05-01,89.83664542508554
28,Tamaulipas,2006-06-01,90.41533527662216
28,Tamaulipas,2006-07-01,90.9753577135931
28,Tamaulipas,2006-08-01,90.39938439426192
28,Tamaulipas,2006-09-01,89.82341107493073
28,Tamaulipas,2006-10-01,89.2660175400941
28,Tamaulipas,2006-11-01,89.39991658598527
28,Tamaulipas,2006-12-01,89.52949630781544
28,Tamaulipas,2007-01-01,89.6633953537066
28,Tamaulipas,2007-02-01,90.0966145881919
28,Tamaulipas,2007-03-01,90.48790938063021
28,Tamaulipas,2007-04-01,90.9211286151155
28,Tamaulipas,2007-05-01,91.24181836910206
28,Tamaulipas,2007-06-01,91.57319778155484
28,Tamaulipas,2007-07-01,91.8938875355414
28,Tamaulipas,2007-08-01,92.5303811797096
28,Tamaulipas,2007-09-01,93.16687482387779
28,Tamaulipas,2007-10-01,93.7828364150083
28,Tamaulipas,2007-11-01,94.11975401282031
28,Tamaulipas,2007-12-01,94.44580330102549
28,Tamaulipas,2008-01-01,94.7827208988375
28,Tamaulipas,2008-02-01,94.71588366693909
28,Tamaulipas,2008-03-01,94.653358514518
28,Tamaulipas,2008-04-01,94.5865212826196
28,Tamaulipas,2008-05-01,93.91050539901958
28,Tamaulipas,2008-06-01,93.21195565263291
28,Tamaulipas,2008-07-01,92.5359397690329
28,Tamaulipas,2008-08-01,91.88226603232438
28,Tamaulipas,2008-09-01,91.22859229561587
28,Tamaulipas,2008-10-01,90.5960048084786
28,Tamaulipas,2008-11-01,88.11786681758139
28,Tamaulipas,2008-12-01,85.71966876187442
28,Tamaulipas,2009-01-01,83.2415307709772
28,Tamaulipas,2009-02-01,83.40856616572664
28,Tamaulipas,2009-03-01,83.55943684485517
28,Tamaulipas,2009-04-01,83.7264722396046
28,Tamaulipas,2009-05-01,84.87602691831245
28,Tamaulipas,2009-06-01,86.06390008631055
28,Tamaulipas,2009-07-01,87.2134547650184
28,Tamaulipas,2009-08-01,88.39541937354983
28,Tamaulipas,2009-09-01,89.57738398208126
28,Tamaulipas,2009-10-01,90.7212207000149
28,Tamaulipas,2009-11-01,89.92760873119643
28,Tamaulipas,2009-12-01,89.15959714846886
28,Tamaulipas,2010-01-01,88.3659851796504
28,Tamaulipas,2010-02-01,88.08247463682638
28,Tamaulipas,2010-03-01,87.82640059814662
28,Tamaulipas,2010-04-01,87.5428900553226
28,Tamaulipas,2010-05-01,88.0030011429629
28,Tamaulipas,2010-06-01,88.4784492668579
28,Tamaulipas,2010-07-01,88.9385603544982
28,Tamaulipas,2010-08-01,88.64807552228321
28,Tamaulipas,2010-09-01,88.35759069006824
28,Tamaulipas,2010-10-01,88.0764763363118
28,Tamaulipas,2010-11-01,87.94558687506958
28,Tamaulipas,2010-12-01,87.81891965451261
28,Tamaulipas,2011-01-01,87.6880301932704
28,Tamaulipas,2011-02-01,88.24486847248382
28,Tamaulipas,2011-03-01,88.74781917628948
28,Tamaulipas,2011-04-01,89.3046574555029
28,Tamaulipas,2011-05-01,89.25511348539314
28,Tamaulipas,2011-06-01,89.20391804961307
28,Tamaulipas,2011-07-01,89.1543740795033
28,Tamaulipas,2011-08-01,89.37642054138475
28,Tamaulipas,2011-09-01,89.5984670032662
28,Tamaulipas,2011-10-01,89.8133506760547
28,Tamaulipas,2011-11-01,90.60850399831341
28,Tamaulipas,2011-12-01,91.37800721340248
28,Tamaulipas,2012-01-01,92.1731605356612
28,Tamaulipas,2012-02-01,92.61370642981535
28,Tamaulipas,2012-03-01,93.02583000821764
28,Tamaulipas,2012-04-01,93.4663759023718
28,Tamaulipas,2012-05-01,92.82955107151668
28,Tamaulipas,2012-06-01,92.17149874629972
28,Tamaulipas,2012-07-01,91.5346739154446
28,Tamaulipas,2012-08-01,92.21277039877077
28,Tamaulipas,2012-09-01,92.89086688209693
28,Tamaulipas,2012-10-01,93.5470892853158
28,Tamaulipas,2012-11-01,93.61139345299324
28,Tamaulipas,2012-12-01,93.67362329268107
28,Tamaulipas,2013-01-01,93.7379274603585
28,Tamaulipas,2013-02-01,93.56994880003195
28,Tamaulipas,2013-03-01,93.41822613909186
28,Tamaulipas,2013-04-01,93.2502474787653
28,Tamaulipas,2013-05-01,93.11964036930736
28,Tamaulipas,2013-06-01,92.98467968953415
28,Tamaulipas,2013-07-01,92.8540725800762
28,Tamaulipas,2013-08-01,93.4706478250118
28,Tamaulipas,2013-09-01,94.08722306994738
28,Tamaulipas,2013-10-01,94.6839087908528
28,Tamaulipas,2013-11-01,94.6615892269492
28,Tamaulipas,2013-12-01,94.63998964897799
28,Tamaulipas,2014-01-01,94.6176700850744
28,Tamaulipas,2014-02-01,94.68810951236009
28,Tamaulipas,2014-03-01,94.7517322208762
28,Tamaulipas,2014-04-01,94.8221716481619
28,Tamaulipas,2014-05-01,94.78430675021355
28,Tamaulipas,2014-06-01,94.74517968900025
28,Tamaulipas,2014-07-01,94.7073147910519
28,Tamaulipas,2014-08-01,94.3625496051952
28,Tamaulipas,2014-09-01,94.01778441933851
28,Tamaulipas,2014-10-01,93.684140691090093
28,Tamaulipas,2014-11-01,94.73262799263912
28,Tamaulipas,2014-12-01,95.74729312317046
28,Tamaulipas,2015-01-01,96.7957804247195
28,Tamaulipas,2015-02-01,96.49822879872299
28,Tamaulipas,2015-03-01,96.22947249137131
28,Tamaulipas,2015-04-01,95.9319208653748
28,Tamaulipas,2015-05-01,96.93648345101344
28,Tamaulipas,2015-06-01,97.97453145617337
28,Tamaulipas,2015-07-01,98.979094041812
28,Tamaulipas,2015-08-01,99.08429457503541
28,Tamaulipas,2015-09-01,99.18949510825882
28,Tamaulipas,2015-10-01,99.2913020758944
28,Tamaulipas,2015-11-01,98.81079981151593
28,Tamaulipas,2015-12-01,98.34579762018195
28,Tamaulipas,2016-01-01,97.8652953558035
28,Tamaulipas,2016-02-01,97.21255969080568
28,Tamaulipas,2016-03-01,96.60193600419483
28,Tamaulipas,2016-04-01,95.949200339197
28,Tamaulipas,2016-05-01,96.24534556115916
28,Tamaulipas,2016-06-01,96.55136229052005
28,Tamaulipas,2016-07-01,96.8475075124822
28,Tamaulipas,2016-08-01,96.83207190239465
28,Tamaulipas,2016-09-01,96.8166362923071
28,Tamaulipas,2016-10-01,96.8016986051256
28,Tamaulipas,2016-11-01,96.99616171700366
28,Tamaulipas,2016-12-01,97.18435182527274
28,Tamaulipas,2017-01-01,97.3788149371508
28,Tamaulipas,2017-02-01,97.52218716975838
28,Tamaulipas,2017-03-01,97.65168467017813
28,Tamaulipas,2017-04-01,97.7950569027857
28,Tamaulipas,2017-05-01,97.3787843784883
28,Tamaulipas,2017-06-01,96.94863610338099
28,Tamaulipas,2017-07-01,96.5323635790836
28,Tamaulipas,2017-08-01,96.417480803102535
28,Tamaulipas,2017-09-01,96.30259802712148
28,Tamaulipas,2017-10-01,96.1914211471398
28,Tamaulipas,2017-11-01,97.0090410955244
28,Tamaulipas,2017-12-01,97.80028620686431
28,Tamaulipas,2018-01-01,98.6179061552489
28,Tamaulipas,2018-02-01,99.35783529429051
28,Tamaulipas,2018-03-01,100.0261583876184
28,Tamaulipas,2018-04-01,100.76608752666
28,Tamaulipas,2018-05-01,100.49679364876681
28,Tamaulipas,2018-06-01,100.21852330827718
28,Tamaulipas,2018-07-01,99.949229430384
28,Tamaulipas,2018-08-01,100.22774453446033
28,Tamaulipas,2018-09-01,100.50625963853666
28,Tamaulipas,2018-10-01,100.775790384417
28,Tamaulipas,2018-11-01,101.13059953858804
28,Tamaulipas,2018-12-01,101.47396323617295
28,Tamaulipas,2019-01-01,101.828772390344
28,Tamaulipas,2019-02-01,101.9385727683806
28,Tamaulipas,2019-03-01,102.03774730338141
28,Tamaulipas,2019-04-01,102.147547681418
28,Tamaulipas,2019-05-01,102.71100586041669
28,Tamaulipas,2019-06-01,103.29324597871532
28,Tamaulipas,2019-07-01,103.856704157714
28,Tamaulipas,2019-08-01,103.62462824284518
28,Tamaulipas,2019-09-01,103.39255232797635
28,Tamaulipas,2019-10-01,103.167962732942
28,Tamaulipas,2019-11-01,102.39910563108386
28,Tamaulipas,2019-12-01,101.65505037122115
28,Tamaulipas,2020-01-01,100.886193269363
28,Tamaulipas,2020-02-01,95.31768178800095
28,Tamaulipas,2020-03-01,90.10842911188806
28,Tamaulipas,2020-04-01,84.539917630526
28,Tamaulipas,2020-05-01,87.74944919471201
28,Tamaulipas,2020-06-01,91.06596514437089
28,Tamaulipas,2020-07-01,94.2754967085569
28,Tamaulipas,2020-08-01,95.1809404117641
28,Tamaulipas,2020-09-01,96.0863841149713
28,Tamaulipas,2020-10-01,96.9626199567847
28,Tamaulipas,2020-11-01,97.48400435972721
28,Tamaulipas,2020-12-01,97.9885699109619
28,Tamaulipas,2021-01-01,98.5099543139044
28,Tamaulipas,2021-02-01,98.298228268843
28,Tamaulipas,2021-03-01,98.1069918410456
28,Tamaulipas,2021-04-01,97.8952657959842
28,Tamaulipas,2021-05-01,98.39742420673866
28,Tamaulipas,2021-06-01,98.91632123118494
28,Tamaulipas,2021-07-01,99.4184796419394
28,Tamaulipas,2021-08-01,99.60607145968477
28,Tamaulipas,2021-09-01,99.79366327743016
28,Tamaulipas,2021-10-01,99.975203746216
28,Tamaulipas,2021-11-01,100.08962216413502
28,Tamaulipas,2021-12-01,100.20034966534698
28,Tamaulipas,2022-01-01,100.314768083266
28,Tamaulipas,2022-02-01,101.64437661317913
28,Tamaulipas,2022-03-01,102.84531334987487
28,Tamaulipas,2022-04-01,104.174921879788
28,Tamaulipas,2022-05-01,103.61040462720756
28,Tamaulipas,2022-06-01,103.02707013287444
28,Tamaulipas,2022-07-01,102.462552880294
28,Tamaulipas,2022-08-01,102.25239223196246
28,Tamaulipas,2022-09-01,102.04223158363091
28,Tamaulipas,2022-10-01,101.838850311052
28,Tamaulipas,2022-11-01,101.91804538807835
28,Tamaulipas,2022-12-01,101.99468578520064
28,Tamaulipas,2023-01-01,102.073880862227
28,Tamaulipas,2023-02-01,101.95094632147723
28,Tamaulipas,2023-03-01,101.83990867176777
28,Tamaulipas,2023-04-01,101.716974131018
28,Tamaulipas,2023-05-01,101.7335964751425
28,Tamaulipas,2023-06-01,101.7507728974045
28,Tamaulipas,2023-07-01,101.767395241529
28,Tamaulipas,2023-08-01,101.60153834848997
28,Tamaulipas,2023-09-01,101.43568145545093
28,Tamaulipas,2023-10-01,101.275174784768
28,Tamaulipas,2023-11-01,101.60245112250072
28,Tamaulipas,2023-12-01,101.91917015901628
28,Tamaulipas,2024-01-01,102.246446496749
28,Tamaulipas,2024-02-01,102.55579199961925
28,Tamaulipas,2024-03-01,102.84517972811075
28,Tamaulipas,2024-04-01,103.154525230981
28,Tamaulipas,2024-05-01,103.46262982307506
28,Tamaulipas,2024-06-01,103.78100456823893
28,Tamaulipas,2024-07-01,104.089109160333
28,Tamaulipas,2024-08-01,104.5666097111708
28,Tamaulipas,2024-09-01,105.0441102620086
28,Tamaulipas,2024-10-01,105.506207569271
28,Tamaulipas,2024-11-01,104.95019168054921
28,Tamaulipas,2024-12-01,104.4121117882378
29,Tlaxcala,2004-01-01,77.6175062888083
29,Tlaxcala,2004-02-01,77.90480381624764
29,Tlaxcala,2004-03-01,78.17356601933606
29,Tlaxcala,2004-04-01,78.4608635467754
29,Tlaxcala,2004-05-01,78.40759859492685
29,Tlaxcala,2004-06-01,78.35255814468334
29,Tlaxcala,2004-07-01,78.2992931928348
29,Tlaxcala,2004-08-01,78.00423304314455
29,Tlaxcala,2004-09-01,77.7091728934543
29,Tlaxcala,2004-10-01,77.4236308131089
29,Tlaxcala,2004-11-01,76.94303219618729
29,Tlaxcala,2004-12-01,76.47793676045671
29,Tlaxcala,2005-01-01,75.9973381435351
29,Tlaxcala,2005-02-01,75.28703635932077
29,Tlaxcala,2005-03-01,74.64547345744974
29,Tlaxcala,2005-04-01,73.9351716732354
29,Tlaxcala,2005-05-01,73.88862993875684
29,Tlaxcala,2005-06-01,73.84053681312896
29,Tlaxcala,2005-07-01,73.7939950786504
29,Tlaxcala,2005-08-01,74.93959088124544
29,Tlaxcala,2005-09-01,76.08518668384048
29,Tlaxcala,2005-10-01,77.193827783126
29,Tlaxcala,2005-11-01,77.1615430869538
29,Tlaxcala,2005-12-01,77.1302998325936
29,Tlaxcala,2006-01-01,77.0980151364214
29,Tlaxcala,2006-02-01,78.30441676865168
29,Tlaxcala,2006-03-01,79.39406985582742
29,Tlaxcala,2006-04-01,80.6004714880577
29,Tlaxcala,2006-05-01,79.9971917100864
29,Tlaxcala,2006-06-01,79.373802606182707
29,Tlaxcala,2006-07-01,78.7705228282114
29,Tlaxcala,2006-08-01,78.53875563005754
29,Tlaxcala,2006-09-01,78.30698843190369
29,Tlaxcala,2006-10-01,78.0826975949806
29,Tlaxcala,2006-11-01,78.582690421402
29,Tlaxcala,2006-12-01,79.0665544469711
29,Tlaxcala,2007-01-01,79.5665472733925
29,Tlaxcala,2007-02-01,79.26998701609322
29,Tlaxcala,2007-03-01,79.00212613853257
29,Tlaxcala,2007-04-01,78.7055658812333
29,Tlaxcala,2007-05-01,79.37498736638261
29,Tlaxcala,2007-06-01,80.06672290103688
29,Tlaxcala,2007-07-01,80.7361443861862
29,Tlaxcala,2007-08-01,80.40057787786257
29,Tlaxcala,2007-09-01,80.06501136953896
29,Tlaxcala,2007-10-01,79.7402695872903
29,Tlaxcala,2007-11-01,79.96994726923418
29,Tlaxcala,2007-12-01,80.19221599369601
29,Tlaxcala,2008-01-01,80.4218936756399
29,Tlaxcala,2008-02-01,80.87871066767788
29,Tlaxcala,2008-03-01,81.30605559571342
29,Tlaxcala,2008-04-01,81.7628725877514
29,Tlaxcala,2008-05-01,81.43710171329568
29,Tlaxcala,2008-06-01,81.10047180969143
29,Tlaxcala,2008-07-01,80.7747009352357
29,Tlaxcala,2008-08-01,80.33385919159818
29,Tlaxcala,2008-09-01,79.89301744796066
29,Tlaxcala,2008-10-01,79.4663964057308
29,Tlaxcala,2008-11-01,78.37567559952312
29,Tlaxcala,2008-12-01,77.32013933545119
29,Tlaxcala,2009-01-01,76.2294185292435
29,Tlaxcala,2009-02-01,76.59264217996957
29,Tlaxcala,2009-03-01,76.92071515481894
29,Tlaxcala,2009-04-01,77.283938805545
29,Tlaxcala,2009-05-01,77.15133379531578
29,Tlaxcala,2009-06-01,77.01430861807893
29,Tlaxcala,2009-07-01,76.8817036078497
29,Tlaxcala,2009-08-01,77.4265727732896
29,Tlaxcala,2009-09-01,77.97144193872951
29,Tlaxcala,2009-10-01,78.4987346794778
29,Tlaxcala,2009-11-01,78.95313292241671
29,Tlaxcala,2009-12-01,79.39287315751889
29,Tlaxcala,2010-01-01,79.8472714004578
29,Tlaxcala,2010-02-01,80.58747643852838
29,Tlaxcala,2010-03-01,81.25604873097922
29,Tlaxcala,2010-04-01,81.9962537690498
29,Tlaxcala,2010-05-01,82.64064508211015
29,Tlaxcala,2010-06-01,83.30651610560585
29,Tlaxcala,2010-07-01,83.9509074186662
29,Tlaxcala,2010-08-01,84.2597614258816
29,Tlaxcala,2010-09-01,84.56861543309701
29,Tlaxcala,2010-10-01,84.8675064078216
29,Tlaxcala,2010-11-01,84.6342523204217
29,Tlaxcala,2010-12-01,84.4085225584218
29,Tlaxcala,2011-01-01,84.1752684710219
29,Tlaxcala,2011-02-01,83.8309318082156
29,Tlaxcala,2011-03-01,83.5199180482615
29,Tlaxcala,2011-04-01,83.1755813854552
29,Tlaxcala,2011-05-01,84.35494659354114
29,Tlaxcala,2011-06-01,85.57362397522996
29,Tlaxcala,2011-07-01,86.7529891833159
29,Tlaxcala,2011-08-01,87.23083609777852
29,Tlaxcala,2011-09-01,87.70868301224114
29,Tlaxcala,2011-10-01,88.1711155101082
29,Tlaxcala,2011-11-01,88.37986741741447
29,Tlaxcala,2011-12-01,88.58188539222702
29,Tlaxcala,2012-01-01,88.7906372995333
29,Tlaxcala,2012-02-01,88.71958880328589
29,Tlaxcala,2012-03-01,88.65312408098991
29,Tlaxcala,2012-04-01,88.5820755847425
29,Tlaxcala,2012-05-01,87.91256729049829
29,Tlaxcala,2012-06-01,87.22074205311262
29,Tlaxcala,2012-07-01,86.5512337588684
29,Tlaxcala,2012-08-01,87.00189344995341
29,Tlaxcala,2012-09-01,87.45255314103842
29,Tlaxcala,2012-10-01,87.8886754227336
29,Tlaxcala,2012-11-01,87.7593502442834
29,Tlaxcala,2012-12-01,87.63419684578321
29,Tlaxcala,2013-01-01,87.504871667333
29,Tlaxcala,2013-02-01,87.28569063539163
29,Tlaxcala,2013-03-01,87.08772067105747
29,Tlaxcala,2013-04-01,86.8685396391161
29,Tlaxcala,2013-05-01,87.00044227934912
29,Tlaxcala,2013-06-01,87.13674167425658
29,Tlaxcala,2013-07-01,87.2686443144896
29,Tlaxcala,2013-08-01,87.52928949491678
29,Tlaxcala,2013-09-01,87.78993467534396
29,Tlaxcala,2013-10-01,88.0421719467251
29,Tlaxcala,2013-11-01,88.05050344980155
29,Tlaxcala,2013-12-01,88.05856619471425
29,Tlaxcala,2014-01-01,88.0668976977907
29,Tlaxcala,2014-02-01,88.16968001726268
29,Tlaxcala,2014-03-01,88.26251566065672
29,Tlaxcala,2014-04-01,88.3652979801287
29,Tlaxcala,2014-05-01,88.53422265161042
29,Tlaxcala,2014-06-01,88.70877814547488
29,Tlaxcala,2014-07-01,88.8777028169566
29,Tlaxcala,2014-08-01,89.01123634742042
29,Tlaxcala,2014-09-01,89.14476987788424
29,Tlaxcala,2014-10-01,89.2739958751073
29,Tlaxcala,2014-11-01,89.98218201439671
29,Tlaxcala,2014-12-01,90.66752343951549
29,Tlaxcala,2015-01-01,91.3757095788049
29,Tlaxcala,2015-02-01,92.07015814511733
29,Tlaxcala,2015-03-01,92.69740201146406
29,Tlaxcala,2015-04-01,93.3918505777765
29,Tlaxcala,2015-05-01,93.57056453882224
29,Tlaxcala,2015-06-01,93.75523563190285
29,Tlaxcala,2015-07-01,93.9339495929486
29,Tlaxcala,2015-08-01,93.41251781311865
29,Tlaxcala,2015-09-01,92.89108603328873
29,Tlaxcala,2015-10-01,92.3864746334533
29,Tlaxcala,2015-11-01,92.44726565314049
29,Tlaxcala,2015-12-01,92.50609567219261
29,Tlaxcala,2016-01-01,92.5668866918798
29,Tlaxcala,2016-02-01,92.82035317785781
29,Tlaxcala,2016-03-01,93.05746698732109
29,Tlaxcala,2016-04-01,93.3109334732991
29,Tlaxcala,2016-05-01,94.07552246903138
29,Tlaxcala,2016-06-01,94.86559776462141
29,Tlaxcala,2016-07-01,95.6301867603537
29,Tlaxcala,2016-08-01,95.48812981881927
29,Tlaxcala,2016-09-01,95.34607287728484
29,Tlaxcala,2016-10-01,95.2085984177354
29,Tlaxcala,2016-11-01,95.74358399151802
29,Tlaxcala,2016-12-01,96.26131196614638
29,Tlaxcala,2017-01-01,96.796297539929
29,Tlaxcala,2017-02-01,96.72184625909154
29,Tlaxcala,2017-03-01,96.65459994091576
29,Tlaxcala,2017-04-01,96.5801486600783
29,Tlaxcala,2017-05-01,96.87717689186498
29,Tlaxcala,2017-06-01,97.18410606471122
29,Tlaxcala,2017-07-01,97.4811342964979
29,Tlaxcala,2017-08-01,97.91545901180511
29,Tlaxcala,2017-09-01,98.34978372711232
29,Tlaxcala,2017-10-01,98.7700979677322
29,Tlaxcala,2017-11-01,99.22196729758994
29,Tlaxcala,2017-12-01,99.65926019745226
29,Tlaxcala,2018-01-01,100.11112952731
29,Tlaxcala,2018-02-01,100.11090408976926
29,Tlaxcala,2018-03-01,100.11070046876473
29,Tlaxcala,2018-04-01,100.110475031224
29,Tlaxcala,2018-05-01,99.94196101757427
29,Tlaxcala,2018-06-01,99.76782987013623
29,Tlaxcala,2018-07-01,99.5993158564865
29,Tlaxcala,2018-08-01,99.74656152648619
29,Tlaxcala,2018-09-01,99.89380719648588
29,Tlaxcala,2018-10-01,100.036303006163
29,Tlaxcala,2018-11-01,100.54773846937269
29,Tlaxcala,2018-12-01,101.04267601441431
29,Tlaxcala,2019-01-01,101.554111477624
29,Tlaxcala,2019-02-01,101.02606019425217
29,Tlaxcala,2019-03-01,100.54911064798084
29,Tlaxcala,2019-04-01,100.021059364609
29,Tlaxcala,2019-05-01,99.80830891115906
29,Tlaxcala,2019-06-01,99.58846677592744
29,Tlaxcala,2019-07-01,99.3757163224775
29,Tlaxcala,2019-08-01,99.38384936771139
29,Tlaxcala,2019-09-01,99.39198241294528
29,Tlaxcala,2019-10-01,99.3998531018813
29,Tlaxcala,2019-11-01,99.33840227914285
29,Tlaxcala,2019-12-01,99.27893374100886
29,Tlaxcala,2020-01-01,99.2174829182704
29,Tlaxcala,2020-02-01,92.96988472938666
29,Tlaxcala,2020-03-01,87.12535739139864
29,Tlaxcala,2020-04-01,80.8777592025149
29,Tlaxcala,2020-05-01,84.70230023964662
29,Tlaxcala,2020-06-01,88.65432597801608
29,Tlaxcala,2020-07-01,92.4788670151478
29,Tlaxcala,2020-08-01,92.99360355347953
29,Tlaxcala,2020-09-01,93.50834009181128
29,Tlaxcala,2020-10-01,94.0064722256807
29,Tlaxcala,2020-11-01,94.47663711234046
29,Tlaxcala,2020-12-01,94.93163538975314
29,Tlaxcala,2021-01-01,95.4018002764129
29,Tlaxcala,2021-02-01,95.65236848663183
29,Tlaxcala,2021-03-01,95.87868816037798
29,Tlaxcala,2021-04-01,96.1292563705969
29,Tlaxcala,2021-05-01,96.75703506220529
29,Tlaxcala,2021-06-01,97.40573971020062
29,Tlaxcala,2021-07-01,98.033518401809
29,Tlaxcala,2021-08-01,98.11633339323164
29,Tlaxcala,2021-09-01,98.19914838465428
29,Tlaxcala,2021-10-01,98.2792919247407
29,Tlaxcala,2021-11-01,98.03569368606763
29,Tlaxcala,2021-12-01,97.79995345509367
29,Tlaxcala,2022-01-01,97.5563552164206
29,Tlaxcala,2022-02-01,98.40559216593188
29,Tlaxcala,2022-03-01,99.17264489452272
29,Tlaxcala,2022-04-01,100.021881844034
29,Tlaxcala,2022-05-01,100.07943422074763
29,Tlaxcala,2022-06-01,100.13890501001838
29,Tlaxcala,2022-07-01,100.196457386732
29,Tlaxcala,2022-08-01,99.98719322725177
29,Tlaxcala,2022-09-01,99.77792906777151
29,Tlaxcala,2022-10-01,99.5754153650487
29,Tlaxcala,2022-11-01,99.6110849770337
29,Tlaxcala,2022-12-01,99.645603956374
29,Tlaxcala,2023-01-01,99.681273568359
29,Tlaxcala,2023-02-01,99.80764607375652
29,Tlaxcala,2023-03-01,99.92178898185749
29,Tlaxcala,2023-04-01,100.048161487255
29,Tlaxcala,2023-05-01,100.36949076959104
29,Tlaxcala,2023-06-01,100.70153102800496
29,Tlaxcala,2023-07-01,101.022860310341
29,Tlaxcala,2023-08-01,101.60371339371092
29,Tlaxcala,2023-09-01,102.18456647708082
29,Tlaxcala,2023-10-01,102.746682364213
29,Tlaxcala,2023-11-01,102.30437090757384
29,Tlaxcala,2023-12-01,101.87632756243916
29,Tlaxcala,2024-01-01,101.4340161058
29,Tlaxcala,2024-02-01,102.07935646907595
29,Tlaxcala,2024-03-01,102.68306197020505
29,Tlaxcala,2024-04-01,103.328402333481
29,Tlaxcala,2024-05-01,103.09084410951517
29,Tlaxcala,2024-06-01,102.84536727808381
29,Tlaxcala,2024-07-01,102.607809054118
29,Tlaxcala,2024-08-01,102.54621593001059
29,Tlaxcala,2024-09-01,102.4846228059032
29,Tlaxcala,2024-10-01,102.425016556767
29,Tlaxcala,2024-11-01,102.82253859888507
29,Tlaxcala,2024-12-01,103.20723734932193
30,Veracruz de Ignacio de la Llave,2004-01-01,90.651147551517
30,Veracruz de Ignacio de la Llave,2004-02-01,90.0084998120815
30,Veracruz de Ignacio de la Llave,2004-03-01,89.4073132171257
30,Veracruz de Ignacio de la Llave,2004-04-01,88.7646654776902
30,Veracruz de Ignacio de la Llave,2004-05-01,88.91061400704082
30,Veracruz de Ignacio de la Llave,2004-06-01,89.06142748736978
30,Veracruz de Ignacio de la Llave,2004-07-01,89.2073760167204
30,Veracruz de Ignacio de la Llave,2004-08-01,89.41673392131884
30,Veracruz de Ignacio de la Llave,2004-09-01,89.62609182591727
30,Veracruz de Ignacio de la Llave,2004-10-01,89.8286962497222
30,Veracruz de Ignacio de la Llave,2004-11-01,89.65978349658756
30,Veracruz de Ignacio de la Llave,2004-12-01,89.49631954194113
30,Veracruz de Ignacio de la Llave,2005-01-01,89.3274067888065
30,Veracruz de Ignacio de la Llave,2005-02-01,89.34453051872218
30,Veracruz de Ignacio de la Llave,2005-03-01,89.35999711348472
30,Veracruz de Ignacio de la Llave,2005-04-01,89.3771208434004
30,Veracruz de Ignacio de la Llave,2005-05-01,89.95772364651795
30,Veracruz de Ignacio de la Llave,2005-06-01,90.55767987640606
30,Veracruz de Ignacio de la Llave,2005-07-01,91.1382826795236
30,Veracruz de Ignacio de la Llave,2005-08-01,91.65190760925104
30,Veracruz de Ignacio de la Llave,2005-09-01,92.1655325389785
30,Veracruz de Ignacio de la Llave,2005-10-01,92.6625889225857
30,Veracruz de Ignacio de la Llave,2005-11-01,93.36359800011508
30,Veracruz de Ignacio de la Llave,2005-12-01,94.04199388159512
30,Veracruz de Ignacio de la Llave,2006-01-01,94.7430029591245
30,Veracruz de Ignacio de la Llave,2006-02-01,95.07209602345347
30,Veracruz de Ignacio de la Llave,2006-03-01,95.36934137187963
30,Veracruz de Ignacio de la Llave,2006-04-01,95.6984344362086
30,Veracruz de Ignacio de la Llave,2006-05-01,95.82813808242065
30,Veracruz de Ignacio de la Llave,2006-06-01,95.96216518350646
30,Veracruz de Ignacio de la Llave,2006-07-01,96.091868829718507
30,Veracruz de Ignacio de la Llave,2006-08-01,96.11069576464355
30,Veracruz de Ignacio de la Llave,2006-09-01,96.12952269956861
30,Veracruz de Ignacio de la Llave,2006-10-01,96.1477423140122
30,Veracruz de Ignacio de la Llave,2006-11-01,97.50077305831549
30,Veracruz de Ignacio de la Llave,2006-12-01,98.81015764957672
30,Veracruz de Ignacio de la Llave,2007-01-01,100.16318839388
30,Veracruz de Ignacio de la Llave,2007-02-01,99.3229194250691
30,Veracruz de Ignacio de la Llave,2007-03-01,98.5639668080786
30,Veracruz de Ignacio de la Llave,2007-04-01,97.7236978392677
30,Veracruz de Ignacio de la Llave,2007-05-01,98.07498992879023
30,Veracruz de Ignacio de la Llave,2007-06-01,98.43799175463018
30,Veracruz de Ignacio de la Llave,2007-07-01,98.7892838441527
30,Veracruz de Ignacio de la Llave,2007-08-01,98.98097444958857
30,Veracruz de Ignacio de la Llave,2007-09-01,99.17266505502442
30,Veracruz de Ignacio de la Llave,2007-10-01,99.358172092543
30,Veracruz de Ignacio de la Llave,2007-11-01,99.02272841771402
30,Veracruz de Ignacio de la Llave,2007-12-01,98.69810550658919
30,Veracruz de Ignacio de la Llave,2008-01-01,98.3626618317602
30,Veracruz de Ignacio de la Llave,2008-02-01,98.69505502746509
30,Veracruz de Ignacio de la Llave,2008-03-01,99.00600350086641
30,Veracruz de Ignacio de la Llave,2008-04-01,99.3383966965713
30,Veracruz de Ignacio de la Llave,2008-05-01,98.67198489041743
30,Veracruz de Ignacio de la Llave,2008-06-01,97.98335935739176
30,Veracruz de Ignacio de la Llave,2008-07-01,97.3169475512379
30,Veracruz de Ignacio de la Llave,2008-08-01,96.66328659849505
30,Veracruz de Ignacio de la Llave,2008-09-01,96.0096256457522
30,Veracruz de Ignacio de la Llave,2008-10-01,95.3770505301946
30,Veracruz de Ignacio de la Llave,2008-11-01,95.31803505459521
30,Veracruz de Ignacio de la Llave,2008-12-01,95.26092330401518
30,Veracruz de Ignacio de la Llave,2009-01-01,95.2019078284158
30,Veracruz de Ignacio de la Llave,2009-02-01,95.01318762294196
30,Veracruz de Ignacio de la Llave,2009-03-01,94.84273066315914
30,Veracruz de Ignacio de la Llave,2009-04-01,94.6540104576853
30,Veracruz de Ignacio de la Llave,2009-05-01,95.68255849183433
30,Veracruz de Ignacio de la Llave,2009-06-01,96.74539146045497
30,Veracruz de Ignacio de la Llave,2009-07-01,97.773939494604
30,Veracruz de Ignacio de la Llave,2009-08-01,97.88387332733187
30,Veracruz de Ignacio de la Llave,2009-09-01,97.99380716005976
30,Veracruz de Ignacio de la Llave,2009-10-01,98.100194740119
30,Veracruz de Ignacio de la Llave,2009-11-01,98.65216098533766
30,Veracruz de Ignacio de la Llave,2009-12-01,99.18632186780734
30,Veracruz de Ignacio de la Llave,2010-01-01,99.738288113026
30,Veracruz de Ignacio de la Llave,2010-02-01,99.91516532530686
30,Veracruz de Ignacio de la Llave,2010-03-01,100.07492538801215
30,Veracruz de Ignacio de la Llave,2010-04-01,100.251802600293
30,Veracruz de Ignacio de la Llave,2010-05-01,100.00361146347393
30,Veracruz de Ignacio de la Llave,2010-06-01,99.74714728876087
30,Veracruz de Ignacio de la Llave,2010-07-01,99.4989561519418
30,Veracruz de Ignacio de la Llave,2010-08-01,99.71646945946324
30,Veracruz de Ignacio de la Llave,2010-09-01,99.9339827669847
30,Veracruz de Ignacio de la Llave,2010-10-01,100.144479516199
30,Veracruz de Ignacio de la Llave,2010-11-01,100.15228280693702
30,Veracruz de Ignacio de la Llave,2010-12-01,100.15983437861898
30,Veracruz de Ignacio de la Llave,2011-01-01,100.167637669357
30,Veracruz de Ignacio de la Llave,2011-02-01,100.37855182380488
30,Veracruz de Ignacio de la Llave,2011-03-01,100.56905493104813
30,Veracruz de Ignacio de la Llave,2011-04-01,100.779969085496
30,Veracruz de Ignacio de la Llave,2011-05-01,101.27089673826259
30,Veracruz de Ignacio de la Llave,2011-06-01,101.77818864612141
30,Veracruz de Ignacio de la Llave,2011-07-01,102.269116298888
30,Veracruz de Ignacio de la Llave,2011-08-01,102.9436884385901
30,Veracruz de Ignacio de la Llave,2011-09-01,103.6182605782922
30,Veracruz de Ignacio de la Llave,2011-10-01,104.271072326391
30,Veracruz de Ignacio de la Llave,2011-11-01,104.47237491888195
30,Veracruz de Ignacio de la Llave,2011-12-01,104.66718387935705
30,Veracruz de Ignacio de la Llave,2012-01-01,104.868486471848
30,Veracruz de Ignacio de la Llave,2012-02-01,105.22044760686504
30,Veracruz de Ignacio de la Llave,2012-03-01,105.54970157188096
30,Veracruz de Ignacio de la Llave,2012-04-01,105.901662706898
30,Veracruz de Ignacio de la Llave,2012-05-01,105.88063599776085
30,Veracruz de Ignacio de la Llave,2012-06-01,105.85890839831914
30,Veracruz de Ignacio de la Llave,2012-07-01,105.837881689182
30,Veracruz de Ignacio de la Llave,2012-08-01,105.93879477853159
30,Veracruz de Ignacio de la Llave,2012-09-01,106.03970786788116
30,Veracruz de Ignacio de la Llave,2012-10-01,106.137365696284
30,Veracruz de Ignacio de la Llave,2012-11-01,105.8464124171815
30,Veracruz de Ignacio de la Llave,2012-12-01,105.56484472772749
30,Veracruz de Ignacio de la Llave,2013-01-01,105.273891448625
30,Veracruz de Ignacio de la Llave,2013-02-01,105.37014720954446
30,Veracruz de Ignacio de la Llave,2013-03-01,105.45708789682654
30,Veracruz de Ignacio de la Llave,2013-04-01,105.553343657746
30,Veracruz de Ignacio de la Llave,2013-05-01,105.321802840636
30,Veracruz de Ignacio de la Llave,2013-06-01,105.082543996289
30,Veracruz de Ignacio de la Llave,2013-07-01,104.851003179179
30,Veracruz de Ignacio de la Llave,2013-08-01,104.45064066366524
30,Veracruz de Ignacio de la Llave,2013-09-01,104.05027814815148
30,Veracruz de Ignacio de la Llave,2013-10-01,103.662830552493
30,Veracruz de Ignacio de la Llave,2013-11-01,104.06881568331286
30,Veracruz de Ignacio de la Llave,2013-12-01,104.46170451959014
30,Veracruz de Ignacio de la Llave,2014-01-01,104.86768965041
30,Veracruz de Ignacio de la Llave,2014-02-01,104.58828846482864
30,Veracruz de Ignacio de la Llave,2014-03-01,104.33592610365837
30,Veracruz de Ignacio de la Llave,2014-04-01,104.056524918077
30,Veracruz de Ignacio de la Llave,2014-05-01,104.31282586934525
30,Veracruz de Ignacio de la Llave,2014-06-01,104.57767018565576
30,Veracruz de Ignacio de la Llave,2014-07-01,104.833971136924
30,Veracruz de Ignacio de la Llave,2014-08-01,104.84576156258218
30,Veracruz de Ignacio de la Llave,2014-09-01,104.85755198824037
30,Veracruz de Ignacio de la Llave,2014-10-01,104.868962077587
30,Veracruz de Ignacio de la Llave,2014-11-01,104.54876033690024
30,Veracruz de Ignacio de la Llave,2014-12-01,104.23888768462275
30,Veracruz de Ignacio de la Llave,2015-01-01,103.918685943936
30,Veracruz de Ignacio de la Llave,2015-02-01,104.61463304330458
30,Veracruz de Ignacio de la Llave,2015-03-01,105.24323042337942
30,Veracruz de Ignacio de la Llave,2015-04-01,105.939177522748
30,Veracruz de Ignacio de la Llave,2015-05-01,106.57199433371404
30,Veracruz de Ignacio de la Llave,2015-06-01,107.22590503837895
30,Veracruz de Ignacio de la Llave,2015-07-01,107.858721849345
30,Veracruz de Ignacio de la Llave,2015-08-01,106.31044428311826
30,Veracruz de Ignacio de la Llave,2015-09-01,104.76216671689151
30,Veracruz de Ignacio de la Llave,2015-10-01,103.263833588285
30,Veracruz de Ignacio de la Llave,2015-11-01,103.55312905914036
30,Veracruz de Ignacio de la Llave,2015-12-01,103.83309241803263
30,Veracruz de Ignacio de la Llave,2016-01-01,104.122387888888
30,Veracruz de Ignacio de la Llave,2016-02-01,103.3355163740963
30,Veracruz de Ignacio de la Llave,2016-03-01,102.5994107634847
30,Veracruz de Ignacio de la Llave,2016-04-01,101.812539248693
30,Veracruz de Ignacio de la Llave,2016-05-01,101.9840929770319
30,Veracruz de Ignacio de la Llave,2016-06-01,102.1613651629821
30,Veracruz de Ignacio de la Llave,2016-07-01,102.332918891321
30,Veracruz de Ignacio de la Llave,2016-08-01,102.6632289076672
30,Veracruz de Ignacio de la Llave,2016-09-01,102.99353892401341
30,Veracruz de Ignacio de la Llave,2016-10-01,103.313193778542
30,Veracruz de Ignacio de la Llave,2016-11-01,103.04586498982923
30,Veracruz de Ignacio de la Llave,2016-12-01,102.78715971042978
30,Veracruz de Ignacio de la Llave,2017-01-01,102.519830921717
30,Veracruz de Ignacio de la Llave,2017-02-01,102.03954439853393
30,Veracruz de Ignacio de la Llave,2017-03-01,101.60573721630406
30,Veracruz de Ignacio de la Llave,2017-04-01,101.125450693121
30,Veracruz de Ignacio de la Llave,2017-05-01,100.38855676754837
30,Veracruz de Ignacio de la Llave,2017-06-01,99.62709971112334
30,Veracruz de Ignacio de la Llave,2017-07-01,98.8902057855507
30,Veracruz de Ignacio de la Llave,2017-08-01,98.77027593060188
30,Veracruz de Ignacio de la Llave,2017-09-01,98.65034607565306
30,Veracruz de Ignacio de la Llave,2017-10-01,98.5342849257026
30,Veracruz de Ignacio de la Llave,2017-11-01,98.70005655487924
30,Veracruz de Ignacio de la Llave,2017-12-01,98.86048071214695
30,Veracruz de Ignacio de la Llave,2018-01-01,99.0262523413236
30,Veracruz de Ignacio de la Llave,2018-02-01,99.32829162668337
30,Veracruz de Ignacio de la Llave,2018-03-01,99.60110130378253
30,Veracruz de Ignacio de la Llave,2018-04-01,99.9031405891423
30,Veracruz de Ignacio de la Llave,2018-05-01,100.43982618038946
30,Veracruz de Ignacio de la Llave,2018-06-01,100.99440129134484
30,Veracruz de Ignacio de la Llave,2018-07-01,101.531086882592
30,Veracruz de Ignacio de la Llave,2018-08-01,100.87045331363547
30,Veracruz de Ignacio de la Llave,2018-09-01,100.20981974467892
30,Veracruz de Ignacio de la Llave,2018-10-01,99.5704969360113
30,Veracruz de Ignacio de la Llave,2018-11-01,100.41161752254764
30,Veracruz de Ignacio de la Llave,2018-12-01,101.22560518693766
30,Veracruz de Ignacio de la Llave,2019-01-01,102.066725773474
30,Veracruz de Ignacio de la Llave,2019-02-01,102.11311622436821
30,Veracruz de Ignacio de la Llave,2019-03-01,102.1550172767888
30,Veracruz de Ignacio de la Llave,2019-04-01,102.201407727683
30,Veracruz de Ignacio de la Llave,2019-05-01,102.01031541755663
30,Veracruz de Ignacio de la Llave,2019-06-01,101.81285336375937
30,Veracruz de Ignacio de la Llave,2019-07-01,101.621761053633
30,Veracruz de Ignacio de la Llave,2019-08-01,102.0898716077973
30,Veracruz de Ignacio de la Llave,2019-09-01,102.5579821619616
30,Veracruz de Ignacio de la Llave,2019-10-01,103.010992375669
30,Veracruz de Ignacio de la Llave,2019-11-01,103.18866353215924
30,Veracruz de Ignacio de la Llave,2019-12-01,103.36060336102076
30,Veracruz de Ignacio de la Llave,2020-01-01,103.538274517511
30,Veracruz de Ignacio de la Llave,2020-02-01,97.12953352602564
30,Veracruz de Ignacio de la Llave,2020-03-01,91.13425969528126
30,Veracruz de Ignacio de la Llave,2020-04-01,84.7255187037959
30,Veracruz de Ignacio de la Llave,2020-05-01,87.20832930195185
30,Veracruz de Ignacio de la Llave,2020-06-01,89.77390025337965
30,Veracruz de Ignacio de la Llave,2020-07-01,92.2567108515356
30,Veracruz de Ignacio de la Llave,2020-08-01,93.8657286034012
30,Veracruz de Ignacio de la Llave,2020-09-01,95.47474635526679
30,Veracruz de Ignacio de la Llave,2020-10-01,97.0318603086851
30,Veracruz de Ignacio de la Llave,2020-11-01,97.0059257912888
30,Veracruz de Ignacio de la Llave,2020-12-01,96.98082787122789
30,Veracruz de Ignacio de la Llave,2021-01-01,96.9548933538316
30,Veracruz de Ignacio de la Llave,2021-02-01,97.23520175612478
30,Veracruz de Ignacio de la Llave,2021-03-01,97.48838353884122
30,Veracruz de Ignacio de la Llave,2021-04-01,97.7686919411344
30,Veracruz de Ignacio de la Llave,2021-05-01,98.56391950744538
30,Veracruz de Ignacio de la Llave,2021-06-01,99.38565465930003
30,Veracruz de Ignacio de la Llave,2021-07-01,100.180882225611
30,Veracruz de Ignacio de la Llave,2021-08-01,101.52431910037382
30,Veracruz de Ignacio de la Llave,2021-09-01,102.86775597513663
30,Veracruz de Ignacio de la Llave,2021-10-01,104.16785617652
30,Veracruz de Ignacio de la Llave,2021-11-01,102.69300782836808
30,Veracruz de Ignacio de la Llave,2021-12-01,101.26573523338233
30,Veracruz de Ignacio de la Llave,2022-01-01,99.7908868852304
30,Veracruz de Ignacio de la Llave,2022-02-01,100.26308017924259
30,Veracruz de Ignacio de la Llave,2022-03-01,100.68957734802781
30,Veracruz de Ignacio de la Llave,2022-04-01,101.16177064204
30,Veracruz de Ignacio de la Llave,2022-05-01,101.24714694238462
30,Veracruz de Ignacio de la Llave,2022-06-01,101.33536911940737
30,Veracruz de Ignacio de la Llave,2022-07-01,101.420745419752
30,Veracruz de Ignacio de la Llave,2022-08-01,101.53109234517515
30,Veracruz de Ignacio de la Llave,2022-09-01,101.6414392705983
30,Veracruz de Ignacio de la Llave,2022-10-01,101.748226617782
30,Veracruz de Ignacio de la Llave,2022-11-01,101.9429085654773
30,Veracruz de Ignacio de la Llave,2022-12-01,102.1313104503437
30,Veracruz de Ignacio de la Llave,2023-01-01,102.325992398039
30,Veracruz de Ignacio de la Llave,2023-02-01,102.74211406000906
30,Veracruz de Ignacio de la Llave,2023-03-01,103.11796588372395
30,Veracruz de Ignacio de la Llave,2023-04-01,103.534087545694
30,Veracruz de Ignacio de la Llave,2023-05-01,102.94080508073313
30,Veracruz de Ignacio de la Llave,2023-06-01,102.32774653360688
30,Veracruz de Ignacio de la Llave,2023-07-01,101.734464068646
30,Veracruz de Ignacio de la Llave,2023-08-01,102.59540448757546
30,Veracruz de Ignacio de la Llave,2023-09-01,103.45634490650491
30,Veracruz de Ignacio de la Llave,2023-10-01,104.289513053856
30,Veracruz de Ignacio de la Llave,2023-11-01,104.83707342417406
30,Veracruz de Ignacio de la Llave,2023-12-01,105.36697055673993
30,Veracruz de Ignacio de la Llave,2024-01-01,105.914530927058
30,Veracruz de Ignacio de la Llave,2024-02-01,106.05090479103873
30,Veracruz de Ignacio de la Llave,2024-03-01,106.17848034121427
30,Veracruz de Ignacio de la Llave,2024-04-01,106.314854205195
30,Veracruz de Ignacio de la Llave,2024-05-01,106.39849783596314
30,Veracruz de Ignacio de la Llave,2024-06-01,106.48492958775687
30,Veracruz de Ignacio de la Llave,2024-07-01,106.568573218525
30,Veracruz de Ignacio de la Llave,2024-08-01,106.47726224447267
30,Veracruz de Ignacio de la Llave,2024-09-01,106.38595127042032
30,Veracruz de Ignacio de la Llave,2024-10-01,106.29758581166
30,Veracruz de Ignacio de la Llave,2024-11-01,106.0423017548724
30,Veracruz de Ignacio de la Llave,2024-12-01,105.7952526676586
31,Yucatán,2004-01-01,65.9544201138778
31,Yucatán,2004-02-01,66.29175483940121
31,Yucatán,2004-03-01,66.6073260342457
31,Yucatán,2004-04-01,66.9446607597691
31,Yucatán,2004-05-01,67.06062473674801
31,Yucatán,2004-06-01,67.1804541796262
31,Yucatán,2004-07-01,67.2964181566051
31,Yucatán,2004-08-01,67.4759664613048
31,Yucatán,2004-09-01,67.65551476600447
31,Yucatán,2004-10-01,67.8292711899074
31,Yucatán,2004-11-01,68.25958278648869
31,Yucatán,2004-12-01,68.6760133638254
31,Yucatán,2005-01-01,69.1063249604067
31,Yucatán,2005-02-01,69.38753187012156
31,Yucatán,2005-03-01,69.64152520792854
31,Yucatán,2005-04-01,69.9227321176434
31,Yucatán,2005-05-01,69.77034063778906
31,Yucatán,2005-06-01,69.61286944193955
31,Yucatán,2005-07-01,69.460477962085207
31,Yucatán,2005-08-01,70.47149166711104
31,Yucatán,2005-09-01,71.48250537213688
31,Yucatán,2005-10-01,72.4609057318393
31,Yucatán,2005-11-01,72.36141348289766
31,Yucatán,2005-12-01,72.26513066134125
31,Yucatán,2006-01-01,72.1656384123996
31,Yucatán,2006-02-01,72.51611502002814
31,Yucatán,2006-03-01,72.83267453659586
31,Yucatán,2006-04-01,73.1831511442244
31,Yucatán,2006-05-01,73.65302080071572
31,Yucatán,2006-06-01,74.13855277909008
31,Yucatán,2006-07-01,74.6084224355814
31,Yucatán,2006-08-01,74.56787256754411
31,Yucatán,2006-09-01,74.52732269950683
31,Yucatán,2006-10-01,74.4880808917288
31,Yucatán,2006-11-01,74.39995377018722
31,Yucatán,2006-12-01,74.31466945901798
31,Yucatán,2007-01-01,74.2265423374764
31,Yucatán,2007-02-01,74.52012635429219
31,Yucatán,2007-03-01,74.78529901464192
31,Yucatán,2007-04-01,75.0788830314577
31,Yucatán,2007-05-01,75.2471974554094
31,Yucatán,2007-06-01,75.4211223601595
31,Yucatán,2007-07-01,75.5894367841112
31,Yucatán,2007-08-01,75.91665085305958
31,Yucatán,2007-09-01,76.24386492200794
31,Yucatán,2007-10-01,76.5605236984096
31,Yucatán,2007-11-01,76.80464058235884
31,Yucatán,2007-12-01,77.04088272811616
31,Yucatán,2008-01-01,77.2849996120654
31,Yucatán,2008-02-01,77.0991061157596
31,Yucatán,2008-03-01,76.9252057482477
31,Yucatán,2008-04-01,76.7393122519419
31,Yucatán,2008-05-01,76.77635070593503
31,Yucatán,2008-06-01,76.81462377506126
31,Yucatán,2008-07-01,76.8516622290544
31,Yucatán,2008-08-01,75.9458338077243
31,Yucatán,2008-09-01,75.0400053863942
31,Yucatán,2008-10-01,74.1633972367199
31,Yucatán,2008-11-01,74.2554920380098
31,Yucatán,2008-12-01,74.3446160392581
31,Yucatán,2009-01-01,74.436710840548
31,Yucatán,2009-02-01,74.51669048838811
31,Yucatán,2009-03-01,74.58893017030819
31,Yucatán,2009-04-01,74.6689098181483
31,Yucatán,2009-05-01,74.79138687895072
31,Yucatán,2009-06-01,74.91794650844658
31,Yucatán,2009-07-01,75.040423569249
31,Yucatán,2009-08-01,74.81776203805273
31,Yucatán,2009-09-01,74.59510050685647
31,Yucatán,2009-10-01,74.3796216056988
31,Yucatán,2009-11-01,75.46672280679535
31,Yucatán,2009-12-01,76.51875622721136
31,Yucatán,2010-01-01,77.6058574283079
31,Yucatán,2010-02-01,77.45703532540217
31,Yucatán,2010-03-01,77.32261536148732
31,Yucatán,2010-04-01,77.1737932585816
31,Yucatán,2010-05-01,77.45216374878937
31,Yucatán,2010-06-01,77.73981325533742
31,Yucatán,2010-07-01,78.0181837455452
31,Yucatán,2010-08-01,77.9509817346265
31,Yucatán,2010-09-01,77.88377972370778
31,Yucatán,2010-10-01,77.8187455195929
31,Yucatán,2010-11-01,77.84439418482813
31,Yucatán,2010-12-01,77.86921547376546
31,Yucatán,2011-01-01,77.8948641390007
31,Yucatán,2011-02-01,78.58046543736577
31,Yucatán,2011-03-01,79.19971822298582
31,Yucatán,2011-04-01,79.8853195213509
31,Yucatán,2011-05-01,79.66478320243623
31,Yucatán,2011-06-01,79.43689567289107
31,Yucatán,2011-07-01,79.2163593539764
31,Yucatán,2011-08-01,79.61568842131378
31,Yucatán,2011-09-01,80.01501748865115
31,Yucatán,2011-10-01,80.4014649731712
31,Yucatán,2011-11-01,80.7324876884856
31,Yucatán,2011-12-01,81.05283225169309
31,Yucatán,2012-01-01,81.3838549670075
31,Yucatán,2012-02-01,81.55589895253974
31,Yucatán,2012-03-01,81.71684332610216
31,Yucatán,2012-04-01,81.8888873116344
31,Yucatán,2012-05-01,82.14795700023052
31,Yucatán,2012-06-01,82.41566234511319
31,Yucatán,2012-07-01,82.6747320337093
31,Yucatán,2012-08-01,82.6931834770844
31,Yucatán,2012-09-01,82.7116349204595
31,Yucatán,2012-10-01,82.7294911559838
31,Yucatán,2012-11-01,82.83156541161459
31,Yucatán,2012-12-01,82.9303469493218
31,Yucatán,2013-01-01,83.0324212049526
31,Yucatán,2013-02-01,83.05197039986798
31,Yucatán,2013-03-01,83.06962773721092
31,Yucatán,2013-04-01,83.0891769321263
31,Yucatán,2013-05-01,82.96933591337165
31,Yucatán,2013-06-01,82.84550019399185
31,Yucatán,2013-07-01,82.7256591752372
31,Yucatán,2013-08-01,83.33720945439548
31,Yucatán,2013-09-01,83.94875973355376
31,Yucatán,2013-10-01,84.5405825843521
31,Yucatán,2013-11-01,84.97443532292041
31,Yucatán,2013-12-01,85.39429281185748
31,Yucatán,2014-01-01,85.8281455504258
31,Yucatán,2014-02-01,85.60707540868697
31,Yucatán,2014-03-01,85.40739915163253
31,Yucatán,2014-04-01,85.1863290098937
31,Yucatán,2014-05-01,85.66760967688856
31,Yucatán,2014-06-01,86.16493303278324
31,Yucatán,2014-07-01,86.6462136997781
31,Yucatán,2014-08-01,86.73711069393525
31,Yucatán,2014-09-01,86.8280076880924
31,Yucatán,2014-10-01,86.9159725211477
31,Yucatán,2014-11-01,86.93689096817586
31,Yucatán,2014-12-01,86.95713462659023
31,Yucatán,2015-01-01,86.9780530736184
31,Yucatán,2015-02-01,87.77749604640505
31,Yucatán,2015-03-01,88.49957357021235
31,Yucatán,2015-04-01,89.299016542999
31,Yucatán,2015-05-01,89.47414338444518
31,Yucatán,2015-06-01,89.65510778727291
31,Yucatán,2015-07-01,89.8302346287191
31,Yucatán,2015-08-01,89.43538544916568
31,Yucatán,2015-09-01,89.04053626961225
31,Yucatán,2015-10-01,88.658424160367
31,Yucatán,2015-11-01,88.88160827523156
31,Yucatán,2015-12-01,89.09759290251985
31,Yucatán,2016-01-01,89.3207770173844
31,Yucatán,2016-02-01,90.2617214118747
31,Yucatán,2016-03-01,91.14195971639789
31,Yucatán,2016-04-01,92.0829041108882
31,Yucatán,2016-05-01,92.22193653990917
31,Yucatán,2016-06-01,92.36560338323083
31,Yucatán,2016-07-01,92.5046358122518
31,Yucatán,2016-08-01,93.45769230599674
31,Yucatán,2016-09-01,94.4107487997417
31,Yucatán,2016-10-01,95.3330615356239
31,Yucatán,2016-11-01,95.35091284506343
31,Yucatán,2016-12-01,95.36818830581136
31,Yucatán,2017-01-01,95.3860396152509
31,Yucatán,2017-02-01,95.37121994964656
31,Yucatán,2017-03-01,95.35783444522974
31,Yucatán,2017-04-01,95.3430147796254
31,Yucatán,2017-05-01,95.78794671569486
31,Yucatán,2017-06-01,96.24770971629995
31,Yucatán,2017-07-01,96.6926416523694
31,Yucatán,2017-08-01,96.94100497453512
31,Yucatán,2017-09-01,97.18936829670085
31,Yucatán,2017-10-01,97.4297198987967
31,Yucatán,2017-11-01,98.06982770838177
31,Yucatán,2017-12-01,98.68928687894794
31,Yucatán,2018-01-01,99.329394688533
31,Yucatán,2018-02-01,99.44639088832325
31,Yucatán,2018-03-01,99.55206487523056
31,Yucatán,2018-04-01,99.6690610750208
31,Yucatán,2018-05-01,99.91025609687988
31,Yucatán,2018-06-01,100.15949095280094
31,Yucatán,2018-07-01,100.40068597466001
31,Yucatán,2018-08-01,100.59476585326883
31,Yucatán,2018-09-01,100.78884573187763
31,Yucatán,2018-10-01,100.976664969241
31,Yucatán,2018-11-01,101.13510686104395
31,Yucatán,2018-12-01,101.28843772407905
31,Yucatán,2019-01-01,101.446879615882
31,Yucatán,2019-02-01,100.91347582830016
31,Yucatán,2019-03-01,100.43169176209723
31,Yucatán,2019-04-01,99.8982879745154
31,Yucatán,2019-05-01,99.85123218396404
31,Yucatán,2019-06-01,99.80260786706096
31,Yucatán,2019-07-01,99.7555520765096
31,Yucatán,2019-08-01,99.92649327577385
31,Yucatán,2019-09-01,100.09743447503809
31,Yucatán,2019-10-01,100.262861442068
31,Yucatán,2019-11-01,100.11457290882875
31,Yucatán,2019-12-01,99.97106787666175
31,Yucatán,2020-01-01,99.8227793434225
31,Yucatán,2020-02-01,93.10024326963834
31,Yucatán,2020-03-01,86.81141920061445
31,Yucatán,2020-04-01,80.0888831268303
31,Yucatán,2020-05-01,83.75253062706241
31,Yucatán,2020-06-01,87.53829971063558
31,Yucatán,2020-07-01,91.2019472108677
31,Yucatán,2020-08-01,92.34782184732953
31,Yucatán,2020-09-01,93.49369648379135
31,Yucatán,2020-10-01,94.6026074223028
31,Yucatán,2020-11-01,95.73848064070151
31,Yucatán,2020-12-01,96.83771278753899
31,Yucatán,2021-01-01,97.9735860059377
31,Yucatán,2021-02-01,98.22798815303717
31,Yucatán,2021-03-01,98.45777073751412
31,Yucatán,2021-04-01,98.7121728846136
31,Yucatán,2021-05-01,98.48350206931683
31,Yucatán,2021-06-01,98.24720889351016
31,Yucatán,2021-07-01,98.0185380782134
31,Yucatán,2021-08-01,98.2537652816214
31,Yucatán,2021-09-01,98.48899248502939
31,Yucatán,2021-10-01,98.7166317141339
31,Yucatán,2021-11-01,98.9139286181813
31,Yucatán,2021-12-01,99.10486110596909
31,Yucatán,2022-01-01,99.3021580100165
31,Yucatán,2022-02-01,99.87891429965043
31,Yucatán,2022-03-01,100.39985546448106
31,Yucatán,2022-04-01,100.976611754115
31,Yucatán,2022-05-01,101.18922051723642
31,Yucatán,2022-06-01,101.40891623912857
31,Yucatán,2022-07-01,101.62152500225
31,Yucatán,2022-08-01,101.85280590951497
31,Yucatán,2022-09-01,102.08408681677993
31,Yucatán,2022-10-01,102.307907049617
31,Yucatán,2022-11-01,102.80580834944821
31,Yucatán,2022-12-01,103.2876483170268
31,Yucatán,2023-01-01,103.785549616858
31,Yucatán,2023-02-01,104.18965934119974
31,Yucatán,2023-03-01,104.55466167286326
31,Yucatán,2023-04-01,104.958771397205
31,Yucatán,2023-05-01,105.89586817993917
31,Yucatán,2023-06-01,106.86420152209783
31,Yucatán,2023-07-01,107.801298304832
31,Yucatán,2023-08-01,107.81321367278338
31,Yucatán,2023-09-01,107.82512904073475
31,Yucatán,2023-10-01,107.836660041978
31,Yucatán,2023-11-01,108.16581750950482
31,Yucatán,2023-12-01,108.48435699420818
31,Yucatán,2024-01-01,108.813514461735
31,Yucatán,2024-02-01,109.09238195070509
31,Yucatán,2024-03-01,109.3532579887739
31,Yucatán,2024-04-01,109.632125477744
31,Yucatán,2024-05-01,109.88239033086839
31,Yucatán,2024-06-01,110.14099734576361
31,Yucatán,2024-07-01,110.391262198888
31,Yucatán,2024-08-01,110.5024829277396
31,Yucatán,2024-09-01,110.61370365659121
31,Yucatán,2024-10-01,110.721336619996
31,Yucatán,2024-11-01,110.86634903161217
31,Yucatán,2024-12-01,111.00668362349882
32,Zacatecas,2004-01-01,62.3778732209959
32,Zacatecas,2004-02-01,62.89614493006904
32,Zacatecas,2004-03-01,63.38097975468585
32,Zacatecas,2004-04-01,63.899251463759
32,Zacatecas,2004-05-01,63.55369046755001
32,Zacatecas,2004-06-01,63.19661077146739
32,Zacatecas,2004-07-01,62.8510497752584
32,Zacatecas,2004-08-01,63.62594667527819
32,Zacatecas,2004-09-01,64.40084357529798
32,Zacatecas,2004-10-01,65.1507438011236
32,Zacatecas,2004-11-01,65.17745859393187
32,Zacatecas,2004-12-01,65.20331161923022
32,Zacatecas,2005-01-01,65.2300264120385
32,Zacatecas,2005-02-01,65.10380988632848
32,Zacatecas,2005-03-01,64.98980786310652
32,Zacatecas,2005-04-01,64.8635913373965
32,Zacatecas,2005-05-01,64.66318443197936
32,Zacatecas,2005-06-01,64.45609729638164
32,Zacatecas,2005-07-01,64.2556903909645
32,Zacatecas,2005-08-01,64.32984257231972
32,Zacatecas,2005-09-01,64.40399475367495
32,Zacatecas,2005-10-01,64.47575492918
32,Zacatecas,2005-11-01,65.99017278707984
32,Zacatecas,2005-12-01,67.45573845601515
32,Zacatecas,2006-01-01,68.970156313915
32,Zacatecas,2006-02-01,68.07907210982795
32,Zacatecas,2006-03-01,67.27422186097515
32,Zacatecas,2006-04-01,66.3831376568881
32,Zacatecas,2006-05-01,67.45669864862364
32,Zacatecas,2006-06-01,68.56604500675036
32,Zacatecas,2006-07-01,69.6396059984859
32,Zacatecas,2006-08-01,69.83220175821944
32,Zacatecas,2006-09-01,70.02479751795298
32,Zacatecas,2006-10-01,70.2111805112435
32,Zacatecas,2006-11-01,70.15468454159196
32,Zacatecas,2006-12-01,70.10001102257434
32,Zacatecas,2007-01-01,70.0435150529228
32,Zacatecas,2007-02-01,70.33766720294115
32,Zacatecas,2007-03-01,70.60335301586095
32,Zacatecas,2007-04-01,70.8975051658793
32,Zacatecas,2007-05-01,71.24297980762859
32,Zacatecas,2007-06-01,71.5999702707695
32,Zacatecas,2007-07-01,71.9454449125188
32,Zacatecas,2007-08-01,72.10387791414529
32,Zacatecas,2007-09-01,72.26231091577176
32,Zacatecas,2007-10-01,72.4156331754103
32,Zacatecas,2007-11-01,72.84681013507772
32,Zacatecas,2007-12-01,73.26407816056229
32,Zacatecas,2008-01-01,73.6952551202297
32,Zacatecas,2008-02-01,73.81236486298937
32,Zacatecas,2008-03-01,73.92191913847424
32,Zacatecas,2008-04-01,74.0390288812339
32,Zacatecas,2008-05-01,73.81830319132621
32,Zacatecas,2008-06-01,73.5902199784216
32,Zacatecas,2008-07-01,73.3694942885139
32,Zacatecas,2008-08-01,73.48684611996684
32,Zacatecas,2008-09-01,73.60419795141976
32,Zacatecas,2008-10-01,73.7177642399226
32,Zacatecas,2008-11-01,73.79525355852803
32,Zacatecas,2008-12-01,73.87024322169457
32,Zacatecas,2009-01-01,73.9477325403
32,Zacatecas,2009-02-01,75.07500039275715
32,Zacatecas,2009-03-01,76.09317780787975
32,Zacatecas,2009-04-01,77.2204456603369
32,Zacatecas,2009-05-01,77.89260497064244
32,Zacatecas,2009-06-01,78.58716959129147
32,Zacatecas,2009-07-01,79.259328901597
32,Zacatecas,2009-08-01,80.01622072140476
32,Zacatecas,2009-09-01,80.77311254121253
32,Zacatecas,2009-10-01,81.5055884958652
32,Zacatecas,2009-11-01,82.5411193866447
32,Zacatecas,2009-12-01,83.543246055141
32,Zacatecas,2010-01-01,84.5787769459205
32,Zacatecas,2010-02-01,84.95389763202199
32,Zacatecas,2010-03-01,85.2927163162427
32,Zacatecas,2010-04-01,85.6678370023442
32,Zacatecas,2010-05-01,86.04877698736725
32,Zacatecas,2010-06-01,86.44241497189105
32,Zacatecas,2010-07-01,86.8233549569141
32,Zacatecas,2010-08-01,86.34772936147426
32,Zacatecas,2010-09-01,85.87210376603441
32,Zacatecas,2010-10-01,85.4118209317378
32,Zacatecas,2010-11-01,85.5132701692196
32,Zacatecas,2010-12-01,85.61144685065359
32,Zacatecas,2011-01-01,85.7128960881354
32,Zacatecas,2011-02-01,86.47744305889542
32,Zacatecas,2011-03-01,87.16800161313027
32,Zacatecas,2011-04-01,87.9325485838903
32,Zacatecas,2011-05-01,86.88118882239186
32,Zacatecas,2011-06-01,85.79478373551014
32,Zacatecas,2011-07-01,84.7434239740117
32,Zacatecas,2011-08-01,86.23467614568112
32,Zacatecas,2011-09-01,87.72592831735052
32,Zacatecas,2011-10-01,89.1690755802564
32,Zacatecas,2011-11-01,89.84169950384002
32,Zacatecas,2011-12-01,90.49262588150158
32,Zacatecas,2012-01-01,91.1652498050852
32,Zacatecas,2012-02-01,90.57699118305547
32,Zacatecas,2012-03-01,90.02668473018893
32,Zacatecas,2012-04-01,89.4384261081592
32,Zacatecas,2012-05-01,88.56463176477622
32,Zacatecas,2012-06-01,87.66171094328048
32,Zacatecas,2012-07-01,86.7879165998975
32,Zacatecas,2012-08-01,86.94766194901672
32,Zacatecas,2012-09-01,87.10740729813593
32,Zacatecas,2012-10-01,87.2619995714771
32,Zacatecas,2012-11-01,87.36092697756783
32,Zacatecas,2012-12-01,87.45666317701048
32,Zacatecas,2013-01-01,87.5555905831012
32,Zacatecas,2013-02-01,87.27868549926221
32,Zacatecas,2013-03-01,87.02857768160119
32,Zacatecas,2013-04-01,86.7516725977622
32,Zacatecas,2013-05-01,87.07558876344042
32,Zacatecas,2013-06-01,87.41030213464127
32,Zacatecas,2013-07-01,87.7342183003195
32,Zacatecas,2013-08-01,87.74710926458444
32,Zacatecas,2013-09-01,87.76000022884939
32,Zacatecas,2013-10-01,87.7724753555574
32,Zacatecas,2013-11-01,88.83176024915613
32,Zacatecas,2013-12-01,89.85687466231617
32,Zacatecas,2014-01-01,90.9161595559149
32,Zacatecas,2014-02-01,91.72027274324614
32,Zacatecas,2014-03-01,92.44656852535176
32,Zacatecas,2014-04-01,93.250681712683
32,Zacatecas,2014-05-01,93.72302769770012
32,Zacatecas,2014-06-01,94.21111854888449
32,Zacatecas,2014-07-01,94.6834645339016
32,Zacatecas,2014-08-01,94.61987018767276
32,Zacatecas,2014-09-01,94.55627584144393
32,Zacatecas,2014-10-01,94.4947329257386
32,Zacatecas,2014-11-01,93.30678338417063
32,Zacatecas,2014-12-01,92.15715479555648
32,Zacatecas,2015-01-01,90.9692052539885
32,Zacatecas,2015-02-01,92.45678283090152
32,Zacatecas,2015-03-01,93.80040128746809
32,Zacatecas,2015-04-01,95.2879788643811
32,Zacatecas,2015-05-01,94.50236809995842
32,Zacatecas,2015-06-01,93.69057031005498
32,Zacatecas,2015-07-01,92.9049595456323
32,Zacatecas,2015-08-01,94.76490169463398
32,Zacatecas,2015-09-01,96.62484384363567
32,Zacatecas,2015-10-01,98.4247878587986
32,Zacatecas,2015-11-01,96.36380325594827
32,Zacatecas,2015-12-01,94.36930202738343
32,Zacatecas,2016-01-01,92.3083174245331
32,Zacatecas,2016-02-01,92.75454513562819
32,Zacatecas,2016-03-01,93.17198396213651
32,Zacatecas,2016-04-01,93.6182116732316
32,Zacatecas,2016-05-01,94.77938572471608
32,Zacatecas,2016-06-01,95.97926557791672
32,Zacatecas,2016-07-01,97.1404396294012
32,Zacatecas,2016-08-01,97.339697346289
32,Zacatecas,2016-09-01,97.5389550631768
32,Zacatecas,2016-10-01,97.7317851117779
32,Zacatecas,2016-11-01,98.20507593388018
32,Zacatecas,2016-12-01,98.66309931010821
32,Zacatecas,2017-01-01,99.1363901322105
32,Zacatecas,2017-02-01,98.56313988380948
32,Zacatecas,2017-03-01,98.04536546589891
32,Zacatecas,2017-04-01,97.4721152174979
32,Zacatecas,2017-05-01,96.9735709454798
32,Zacatecas,2017-06-01,96.4584085310611
32,Zacatecas,2017-07-01,95.959864259043
32,Zacatecas,2017-08-01,96.43615555403535
32,Zacatecas,2017-09-01,96.91244684902769
32,Zacatecas,2017-10-01,97.3733739086977
32,Zacatecas,2017-11-01,98.48790563357021
32,Zacatecas,2017-12-01,99.56648472215649
32,Zacatecas,2018-01-01,100.681016447029
32,Zacatecas,2018-02-01,100.55256454967906
32,Zacatecas,2018-03-01,100.43654348110493
32,Zacatecas,2018-04-01,100.308091583755
32,Zacatecas,2018-05-01,100.19884528563107
32,Zacatecas,2018-06-01,100.08595744423633
32,Zacatecas,2018-07-01,99.9767111461124
32,Zacatecas,2018-08-01,99.79435301115456
32,Zacatecas,2018-09-01,99.61199487619672
32,Zacatecas,2018-10-01,99.4355192617214
32,Zacatecas,2018-11-01,98.43299325431536
32,Zacatecas,2018-12-01,97.46280679553533
32,Zacatecas,2019-01-01,96.4602807881293
32,Zacatecas,2019-02-01,96.14603271287814
32,Zacatecas,2019-03-01,95.86219574168356
32,Zacatecas,2019-04-01,95.5479476664324
32,Zacatecas,2019-05-01,95.87654511068209
32,Zacatecas,2019-06-01,96.21609580307342
32,Zacatecas,2019-07-01,96.5446932473231
32,Zacatecas,2019-08-01,96.65231645428803
32,Zacatecas,2019-09-01,96.75993966125297
32,Zacatecas,2019-10-01,96.8640911518642
32,Zacatecas,2019-11-01,97.46480020250382
32,Zacatecas,2019-12-01,98.04613154183248
32,Zacatecas,2020-01-01,98.6468405924721
32,Zacatecas,2020-02-01,92.04563735094257
32,Zacatecas,2020-03-01,85.87031818951174
32,Zacatecas,2020-04-01,79.2691149479822
32,Zacatecas,2020-05-01,84.87279299136992
32,Zacatecas,2020-06-01,90.66326030287057
32,Zacatecas,2020-07-01,96.2669383462583
32,Zacatecas,2020-08-01,96.39521525880215
32,Zacatecas,2020-09-01,96.52349217134602
32,Zacatecas,2020-10-01,96.6476311189691
32,Zacatecas,2020-11-01,96.18151217393319
32,Zacatecas,2020-12-01,95.73042932389842
32,Zacatecas,2021-01-01,95.2643103788625
32,Zacatecas,2021-02-01,95.72934555541586
32,Zacatecas,2021-03-01,96.14937732778664
32,Zacatecas,2021-04-01,96.61441250434
32,Zacatecas,2021-05-01,97.34751045677453
32,Zacatecas,2021-06-01,98.10504500762356
32,Zacatecas,2021-07-01,98.8381429600581
32,Zacatecas,2021-08-01,99.1732135588223
32,Zacatecas,2021-09-01,99.5082841575865
32,Zacatecas,2021-10-01,99.8325460273583
32,Zacatecas,2021-11-01,99.00708773058192
32,Zacatecas,2021-12-01,98.2082571207983
32,Zacatecas,2022-01-01,97.3827988240219
32,Zacatecas,2022-02-01,97.99055812069224
32,Zacatecas,2022-03-01,98.53950200155576
32,Zacatecas,2022-04-01,99.1472612982261
32,Zacatecas,2022-05-01,99.63137428254332
32,Zacatecas,2022-06-01,100.13162436633777
32,Zacatecas,2022-07-01,100.615737350655
32,Zacatecas,2022-08-01,100.26341190730939
32,Zacatecas,2022-09-01,99.91108646396378
32,Zacatecas,2022-10-01,99.5701263575003
32,Zacatecas,2022-11-01,101.87370055473119
32,Zacatecas,2022-12-01,104.10296590689012
32,Zacatecas,2023-01-01,106.406540104121
32,Zacatecas,2023-02-01,105.29934169116987
32,Zacatecas,2023-03-01,104.29929151173013
32,Zacatecas,2023-04-01,103.192093098779
32,Zacatecas,2023-05-01,101.88229025366122
32,Zacatecas,2023-06-01,100.52882731370617
32,Zacatecas,2023-07-01,99.2190244685884
32,Zacatecas,2023-08-01,99.02351001913247
32,Zacatecas,2023-09-01,98.82799556967655
32,Zacatecas,2023-10-01,98.638788037945
32,Zacatecas,2023-11-01,101.17372532354239
32,Zacatecas,2023-12-01,103.62689043863662
32,Zacatecas,2024-01-01,106.161827724234
32,Zacatecas,2024-02-01,105.93632183088573
32,Zacatecas,2024-03-01,105.72536470485026
32,Zacatecas,2024-04-01,105.499858811502
32,Zacatecas,2024-05-01,106.13139752517903
32,Zacatecas,2024-06-01,106.78398752931197
32,Zacatecas,2024-07-01,107.415526242989
32,Zacatecas,2024-08-01,107.54690271243645
32,Zacatecas,2024-09-01,107.6782791818839
32,Zacatecas,2024-10-01,107.805417700704
32,Zacatecas,2024-11-01,107.44628521038044
32,Zacatecas,2024-12-01,107.09873763909955
